age,pre
0.0,0.011391
100.0,0.011782
200.0,0.012161
300.0,0.012527
400.0,0.01288
500.0,0.013219
600.0,0.013546
700.0,0.013858
800.0,0.014157
900.0,0.014442
1000.0,0.014713
1100.0,0.014972
1200.0,0.015215
1300.0,0.015444
1400.0,0.015657
1500.0,0.015854
1600.0,0.016035
1700.0,0.016199
1800.0,0.016347
1900.0,0.016477
2000.0,0.016591
2100.0,0.016686
2200.0,0.016764
2300.0,0.016824
2400.0,0.016867
2500.0,0.016893
2600.0,0.0169
2700.0,0.01689
2800.0,0.016861
2900.0,0.016814
3000.0,0.016748
3100.0,0.016662
3200.0,0.016556
3300.0,0.016431
3400.0,0.016288
3500.0,0.016126
3600.0,0.015945
3700.0,0.015746
3800.0,0.01553
3900.0,0.015297
4000.0,0.015048
4100.0,0.014785
4200.0,0.014508
4300.0,0.014214
4400.0,0.013906
4500.0,0.013583
4600.0,0.013245
4700.0,0.012892
4800.0,0.012525
4900.0,0.012144
5000.0,0.011749
5100.0,0.011337
5200.0,0.010913
5300.0,0.010475
5400.0,0.010025
5500.0,0.009563
5600.0,0.009089
5700.0,0.008604
5800.0,0.008108
5900.0,0.007602
6000.0,0.007086
6100.0,0.006561
6200.0,0.006026
6300.0,0.005483
6400.0,0.004933
6500.0,0.004375
6600.0,0.003811
6700.0,0.003241
6800.0,0.002666
6900.0,0.002086
7000.0,0.001503
7100.0,0.000918
7200.0,0.000332
7300.0,-0.000257
7400.0,-0.000846
7500.0,-0.001436
7600.0,-0.002025
7700.0,-0.002614
7800.0,-0.003202
7900.0,-0.003788
8000.0,-0.004371
8100.0,-0.004952
8200.0,-0.005529
8300.0,-0.006103
8400.0,-0.006672
8500.0,-0.007236
8600.0,-0.007794
8700.0,-0.008346
8800.0,-0.008892
8900.0,-0.009431
9000.0,-0.009962
9100.0,-0.010487
9200.0,-0.011003
9300.0,-0.011511
9400.0,-0.012008
9500.0,-0.012495
9600.0,-0.012971
9700.0,-0.013435
9800.0,-0.013886
9900.0,-0.014323
10000.0,-0.014747
10100.0,-0.015153
10200.0,-0.015543
10300.0,-0.015919
10400.0,-0.016279
10500.0,-0.016624
10600.0,-0.016952
10700.0,-0.017265
10800.0,-0.017562
10900.0,-0.017842
11000.0,-0.018106
11100.0,-0.018356
11200.0,-0.018588
11300.0,-0.018803
11400.0,-0.018999
11500.0,-0.019177
11600.0,-0.019336
11700.0,-0.019475
11800.0,-0.019595
11900.0,-0.019696
12000.0,-0.019776
12100.0,-0.019836
12200.0,-0.019876
12300.0,-0.019898
12400.0,-0.0199
12500.0,-0.019883
12600.0,-0.019848
12700.0,-0.019794
12800.0,-0.019721
12900.0,-0.019629
13000.0,-0.019519
13100.0,-0.01939
13200.0,-0.019241
13300.0,-0.019073
13400.0,-0.018885
13500.0,-0.018677
13600.0,-0.01845
13700.0,-0.018202
13800.0,-0.017936
13900.0,-0.01765
14000.0,-0.017345
14100.0,-0.01702
14200.0,-0.016677
14300.0,-0.016316
14400.0,-0.01594
14500.0,-0.015547
14600.0,-0.015139
14700.0,-0.014717
14800.0,-0.014281
14900.0,-0.013832
15000.0,-0.01337
15100.0,-0.0129
15200.0,-0.012418
15300.0,-0.011925
15400.0,-0.01142
15500.0,-0.010904
15600.0,-0.010376
15700.0,-0.009838
15800.0,-0.009288
15900.0,-0.008727
16000.0,-0.008155
16100.0,-0.007569
16200.0,-0.006973
16300.0,-0.006368
16400.0,-0.005755
16500.0,-0.005135
16600.0,-0.004509
16700.0,-0.003879
16800.0,-0.003245
16900.0,-0.002608
17000.0,-0.00197
17100.0,-0.001335
17200.0,-0.000699
17300.0,-6.3e-05
17400.0,0.000572
17500.0,0.001207
17600.0,0.001841
17700.0,0.002473
17800.0,0.003103
17900.0,0.003731
18000.0,0.004356
18100.0,0.00498
18200.0,0.005599
18300.0,0.006214
18400.0,0.006822
18500.0,0.007424
18600.0,0.008018
18700.0,0.008604
18800.0,0.009181
18900.0,0.009749
19000.0,0.010307
19100.0,0.010854
19200.0,0.01139
19300.0,0.011915
19400.0,0.012428
19500.0,0.012929
19600.0,0.013417
19700.0,0.013893
19800.0,0.014356
19900.0,0.014804
20000.0,0.015239
20100.0,0.015659
20200.0,0.016065
20300.0,0.016454
20400.0,0.016827
20500.0,0.017183
20600.0,0.017522
20700.0,0.017843
20800.0,0.018144
20900.0,0.018427
21000.0,0.01869
21100.0,0.018931
21200.0,0.019151
21300.0,0.019351
21400.0,0.01953
21500.0,0.019689
21600.0,0.019828
21700.0,0.019947
21800.0,0.020046
21900.0,0.020125
22000.0,0.020186
22100.0,0.02023
22200.0,0.020255
22300.0,0.020261
22400.0,0.020248
22500.0,0.020216
22600.0,0.020164
22700.0,0.020092
22800.0,0.020001
22900.0,0.019889
23000.0,0.019756
23100.0,0.019601
23200.0,0.019425
23300.0,0.019229
23400.0,0.019013
23500.0,0.018778
23600.0,0.018523
23700.0,0.018249
23800.0,0.017957
23900.0,0.017646
24000.0,0.017318
24100.0,0.016973
24200.0,0.016611
24300.0,0.016232
24400.0,0.015837
24500.0,0.015427
24600.0,0.015002
24700.0,0.014562
24800.0,0.014109
24900.0,0.013643
25000.0,0.013164
25100.0,0.012675
25200.0,0.012175
25300.0,0.011664
25400.0,0.011142
25500.0,0.010611
25600.0,0.01007
25700.0,0.00952
25800.0,0.008962
25900.0,0.008395
26000.0,0.007821
26100.0,0.007239
26200.0,0.006651
26300.0,0.006056
26400.0,0.005457
26500.0,0.004853
26600.0,0.004246
26700.0,0.003635
26800.0,0.003022
26900.0,0.002407
27000.0,0.00179
27100.0,0.001171
27200.0,0.000553
27300.0,-6.6e-05
27400.0,-0.000683
27500.0,-0.001298
27600.0,-0.00191
27700.0,-0.002518
27800.0,-0.003121
27900.0,-0.003718
28000.0,-0.004309
28100.0,-0.004889
28200.0,-0.005461
28300.0,-0.006024
28400.0,-0.006578
28500.0,-0.007122
28600.0,-0.007656
28700.0,-0.00818
28800.0,-0.008693
28900.0,-0.009195
29000.0,-0.009686
29100.0,-0.010169
29200.0,-0.01064
29300.0,-0.011099
29400.0,-0.011545
29500.0,-0.011978
29600.0,-0.012397
29700.0,-0.012803
29800.0,-0.013193
29900.0,-0.013569
30000.0,-0.013928
30100.0,-0.014271
30200.0,-0.014598
30300.0,-0.014908
30400.0,-0.015201
30500.0,-0.015476
30600.0,-0.015734
30700.0,-0.015974
30800.0,-0.016195
30900.0,-0.016396
31000.0,-0.016579
31100.0,-0.016741
31200.0,-0.016883
31300.0,-0.017005
31400.0,-0.017107
31500.0,-0.017189
31600.0,-0.017251
31700.0,-0.017294
31800.0,-0.017317
31900.0,-0.017321
32000.0,-0.017306
32100.0,-0.017275
32200.0,-0.017225
32300.0,-0.017158
32400.0,-0.017074
32500.0,-0.016972
32600.0,-0.016854
32700.0,-0.01672
32800.0,-0.016568
32900.0,-0.016401
33000.0,-0.016217
33100.0,-0.016019
33200.0,-0.015805
33300.0,-0.015575
33400.0,-0.015328
33500.0,-0.015066
33600.0,-0.014788
33700.0,-0.014493
33800.0,-0.014183
33900.0,-0.013858
34000.0,-0.013517
34100.0,-0.013156
34200.0,-0.012782
34300.0,-0.012394
34400.0,-0.011994
34500.0,-0.011583
34600.0,-0.011161
34700.0,-0.01073
34800.0,-0.010291
34900.0,-0.009845
35000.0,-0.009393
35100.0,-0.00894
35200.0,-0.008482
35300.0,-0.00802
35400.0,-0.007552
35500.0,-0.007079
35600.0,-0.006602
35700.0,-0.00612
35800.0,-0.005634
35900.0,-0.005144
36000.0,-0.004651
36100.0,-0.00415
36200.0,-0.003647
36300.0,-0.003143
36400.0,-0.002639
36500.0,-0.002134
36600.0,-0.001632
36700.0,-0.001131
36800.0,-0.000633
36900.0,-0.000139
37000.0,0.000351
37100.0,0.000834
37200.0,0.001313
37300.0,0.001787
37400.0,0.002255
37500.0,0.002716
37600.0,0.003172
37700.0,0.00362
37800.0,0.004062
37900.0,0.004495
38000.0,0.004921
38100.0,0.005338
38200.0,0.005745
38300.0,0.006143
38400.0,0.006529
38500.0,0.006904
38600.0,0.007266
38700.0,0.007616
38800.0,0.007953
38900.0,0.008276
39000.0,0.008585
39100.0,0.008878
39200.0,0.009157
39300.0,0.009422
39400.0,0.009672
39500.0,0.009909
39600.0,0.010131
39700.0,0.01034
39800.0,0.010536
39900.0,0.010718
40000.0,0.010887
40100.0,0.011046
40200.0,0.011191
40300.0,0.011323
40400.0,0.01144
40500.0,0.011543
40600.0,0.011631
40700.0,0.011703
40800.0,0.011759
40900.0,0.011799
41000.0,0.011822
41100.0,0.011824
41200.0,0.01181
41300.0,0.011779
41400.0,0.011731
41500.0,0.011669
41600.0,0.01159
41700.0,0.011497
41800.0,0.01139
41900.0,0.01127
42000.0,0.011136
42100.0,0.010992
42200.0,0.010835
42300.0,0.010667
42400.0,0.010486
42500.0,0.010295
42600.0,0.010092
42700.0,0.009878
42800.0,0.009654
42900.0,0.00942
43000.0,0.009176
43100.0,0.008924
43200.0,0.008662
43300.0,0.008392
43400.0,0.008114
43500.0,0.007828
43600.0,0.007534
43700.0,0.007233
43800.0,0.006924
43900.0,0.006609
44000.0,0.006287
44100.0,0.005957
44200.0,0.005621
44300.0,0.00528
44400.0,0.004934
44500.0,0.004585
44600.0,0.004232
44700.0,0.003877
44800.0,0.003519
44900.0,0.003161
45000.0,0.002802
45100.0,0.002444
45200.0,0.002086
45300.0,0.00173
45400.0,0.001375
45500.0,0.001023
45600.0,0.000673
45700.0,0.000326
45800.0,-1.8e-05
45900.0,-0.000357
46000.0,-0.000691
46100.0,-0.00102
46200.0,-0.001343
46300.0,-0.00166
46400.0,-0.00197
46500.0,-0.002274
46600.0,-0.002571
46700.0,-0.002862
46800.0,-0.003144
46900.0,-0.00342
47000.0,-0.003687
47100.0,-0.003948
47200.0,-0.004201
47300.0,-0.004445
47400.0,-0.004681
47500.0,-0.004907
47600.0,-0.005124
47700.0,-0.005331
47800.0,-0.005527
47900.0,-0.005714
48000.0,-0.005889
48100.0,-0.006054
48200.0,-0.006208
48300.0,-0.00635
48400.0,-0.00648
48500.0,-0.006598
48600.0,-0.006703
48700.0,-0.006794
48800.0,-0.006872
48900.0,-0.006936
49000.0,-0.006985
49100.0,-0.007018
49200.0,-0.007035
49300.0,-0.007039
49400.0,-0.007029
49500.0,-0.007007
49600.0,-0.006971
49700.0,-0.006925
49800.0,-0.006866
49900.0,-0.006798
50000.0,-0.006719
50100.0,-0.006637
50200.0,-0.006544
50300.0,-0.006443
50400.0,-0.006331
50500.0,-0.00621
50600.0,-0.006078
50700.0,-0.005935
50800.0,-0.005781
50900.0,-0.005616
51000.0,-0.005439
51100.0,-0.005246
51200.0,-0.005042
51300.0,-0.004827
51400.0,-0.004602
51500.0,-0.004367
51600.0,-0.004124
51700.0,-0.003873
51800.0,-0.003614
51900.0,-0.003349
52000.0,-0.003077
52100.0,-0.002802
52200.0,-0.002521
52300.0,-0.002236
52400.0,-0.001946
52500.0,-0.001651
52600.0,-0.001353
52700.0,-0.001051
52800.0,-0.000747
52900.0,-0.000439
53000.0,-0.000129
53100.0,0.000182
53200.0,0.000494
53300.0,0.000808
53400.0,0.001121
53500.0,0.001435
53600.0,0.001748
53700.0,0.002059
53800.0,0.002369
53900.0,0.002676
54000.0,0.002981
54100.0,0.003281
54200.0,0.003577
54300.0,0.003869
54400.0,0.004157
54500.0,0.004439
54600.0,0.004717
54700.0,0.00499
54800.0,0.005257
54900.0,0.00552
55000.0,0.005776
55100.0,0.006031
55200.0,0.006279
55300.0,0.006521
55400.0,0.006756
55500.0,0.006982
55600.0,0.0072
55700.0,0.007407
55800.0,0.007604
55900.0,0.007789
56000.0,0.007962
56100.0,0.008116
56200.0,0.008257
56300.0,0.008384
56400.0,0.008498
56500.0,0.008598
56600.0,0.008684
56700.0,0.008758
56800.0,0.00882
56900.0,0.008869
57000.0,0.008907
57100.0,0.008937
57200.0,0.008956
57300.0,0.008963
57400.0,0.008958
57500.0,0.008941
57600.0,0.008911
57700.0,0.008869
57800.0,0.008814
57900.0,0.008745
58000.0,0.008663
58100.0,0.008565
58200.0,0.008453
58300.0,0.008328
58400.0,0.008188
58500.0,0.008034
58600.0,0.007866
58700.0,0.007684
58800.0,0.007488
58900.0,0.007277
59000.0,0.007053
59100.0,0.006813
59200.0,0.006559
59300.0,0.006293
59400.0,0.006013
59500.0,0.005721
59600.0,0.005418
59700.0,0.005104
59800.0,0.004779
59900.0,0.004444
60000.0,0.004101
60100.0,0.003751
60200.0,0.003392
60300.0,0.003026
60400.0,0.002652
60500.0,0.002271
60600.0,0.001882
60700.0,0.001486
60800.0,0.001084
60900.0,0.000676
61000.0,0.000261
61100.0,-0.00016
61200.0,-0.000585
61300.0,-0.001015
61400.0,-0.00145
61500.0,-0.001889
61600.0,-0.002331
61700.0,-0.002776
61800.0,-0.003225
61900.0,-0.003676
62000.0,-0.004129
62100.0,-0.004586
62200.0,-0.005044
62300.0,-0.005503
62400.0,-0.005961
62500.0,-0.006418
62600.0,-0.006872
62700.0,-0.007323
62800.0,-0.00777
62900.0,-0.008212
63000.0,-0.008648
63100.0,-0.009073
63200.0,-0.009492
63300.0,-0.009903
63400.0,-0.010305
63500.0,-0.0107
63600.0,-0.011085
63700.0,-0.011462
63800.0,-0.01183
63900.0,-0.012189
64000.0,-0.012538
64100.0,-0.012878
64200.0,-0.013208
64300.0,-0.013527
64400.0,-0.013835
64500.0,-0.01413
64600.0,-0.014412
64700.0,-0.014682
64800.0,-0.014938
64900.0,-0.01518
65000.0,-0.015408
65100.0,-0.015621
65200.0,-0.015819
65300.0,-0.016002
65400.0,-0.016169
65500.0,-0.01632
65600.0,-0.016453
65700.0,-0.01657
65800.0,-0.016668
65900.0,-0.016749
66000.0,-0.016811
66100.0,-0.016853
66200.0,-0.016876
66300.0,-0.01688
66400.0,-0.016864
66500.0,-0.016829
66600.0,-0.016774
66700.0,-0.0167
66800.0,-0.016606
66900.0,-0.016492
67000.0,-0.016359
67100.0,-0.016206
67200.0,-0.016034
67300.0,-0.015842
67400.0,-0.015631
67500.0,-0.015401
67600.0,-0.015153
67700.0,-0.014886
67800.0,-0.014601
67900.0,-0.014298
68000.0,-0.013978
68100.0,-0.013644
68200.0,-0.013293
68300.0,-0.012925
68400.0,-0.01254
68500.0,-0.012139
68600.0,-0.011721
68700.0,-0.011286
68800.0,-0.010835
68900.0,-0.010367
69000.0,-0.009882
69100.0,-0.009376
69200.0,-0.008855
69300.0,-0.008318
69400.0,-0.007766
69500.0,-0.007199
69600.0,-0.00662
69700.0,-0.006027
69800.0,-0.005424
69900.0,-0.004809
70000.0,-0.004185
70100.0,-0.003555
70200.0,-0.002917
70300.0,-0.00227
70400.0,-0.001617
70500.0,-0.000958
70600.0,-0.000292
70700.0,0.000379
70800.0,0.001055
70900.0,0.001735
71000.0,0.002419
71100.0,0.003107
71200.0,0.003797
71300.0,0.004489
71400.0,0.005181
71500.0,0.005874
71600.0,0.006566
71700.0,0.007257
71800.0,0.007946
71900.0,0.008632
72000.0,0.009315
72100.0,0.009993
72200.0,0.010666
72300.0,0.011334
72400.0,0.011995
72500.0,0.012649
72600.0,0.013295
72700.0,0.013933
72800.0,0.014563
72900.0,0.015182
73000.0,0.015791
73100.0,0.016391
73200.0,0.016978
73300.0,0.017553
73400.0,0.018115
73500.0,0.018661
73600.0,0.019191
73700.0,0.019705
73800.0,0.0202
73900.0,0.020677
74000.0,0.021134
74100.0,0.021567
74200.0,0.021979
74300.0,0.022369
74400.0,0.022738
74500.0,0.023086
74600.0,0.023412
74700.0,0.023717
74800.0,0.024001
74900.0,0.024264
75000.0,0.024505
75100.0,0.02473
75200.0,0.024934
75300.0,0.025116
75400.0,0.025275
75500.0,0.025411
75600.0,0.025523
75700.0,0.025611
75800.0,0.025673
75900.0,0.02571
76000.0,0.025719
76100.0,0.025698
76200.0,0.025649
76300.0,0.025572
76400.0,0.025467
76500.0,0.025334
76600.0,0.025173
76700.0,0.024984
76800.0,0.024769
76900.0,0.024526
77000.0,0.024257
77100.0,0.023963
77200.0,0.023643
77300.0,0.023299
77400.0,0.02293
77500.0,0.022537
77600.0,0.02212
77700.0,0.02168
77800.0,0.021217
77900.0,0.020731
78000.0,0.020224
78100.0,0.019694
78200.0,0.019144
78300.0,0.018571
78400.0,0.017978
78500.0,0.017363
78600.0,0.016728
78700.0,0.016073
78800.0,0.015399
78900.0,0.014705
79000.0,0.013994
79100.0,0.013264
79200.0,0.012518
79300.0,0.011755
79400.0,0.010977
79500.0,0.010183
79600.0,0.009376
79700.0,0.008554
79800.0,0.00772
79900.0,0.006874
80000.0,0.006016
80100.0,0.005145
80200.0,0.004265
80300.0,0.003376
80400.0,0.002479
80500.0,0.001576
80600.0,0.000667
80700.0,-0.000245
80800.0,-0.00116
80900.0,-0.002077
81000.0,-0.002994
81100.0,-0.003908
81200.0,-0.00482
81300.0,-0.00573
81400.0,-0.006638
81500.0,-0.007542
81600.0,-0.008442
81700.0,-0.009337
81800.0,-0.010228
81900.0,-0.011112
82000.0,-0.011991
82100.0,-0.012863
82200.0,-0.013728
82300.0,-0.014583
82400.0,-0.015429
82500.0,-0.016263
82600.0,-0.017085
82700.0,-0.017895
82800.0,-0.018691
82900.0,-0.019473
83000.0,-0.020239
83100.0,-0.02099
83200.0,-0.021724
83300.0,-0.022441
83400.0,-0.023138
83500.0,-0.023816
83600.0,-0.024473
83700.0,-0.025109
83800.0,-0.025722
83900.0,-0.026312
84000.0,-0.026878
84100.0,-0.027418
84200.0,-0.027931
84300.0,-0.02842
84400.0,-0.028881
84500.0,-0.029317
84600.0,-0.029726
84700.0,-0.030107
84800.0,-0.030462
84900.0,-0.030789
85000.0,-0.031089
85100.0,-0.031362
85200.0,-0.031608
85300.0,-0.031825
85400.0,-0.032014
85500.0,-0.032175
85600.0,-0.032308
85700.0,-0.032411
85800.0,-0.032486
85900.0,-0.032532
86000.0,-0.032548
86100.0,-0.032536
86200.0,-0.032494
86300.0,-0.032423
86400.0,-0.03232
86500.0,-0.032187
86600.0,-0.032023
86700.0,-0.031827
86800.0,-0.0316
86900.0,-0.031342
87000.0,-0.031053
87100.0,-0.03073
87200.0,-0.030376
87300.0,-0.029993
87400.0,-0.029581
87500.0,-0.02914
87600.0,-0.028672
87700.0,-0.028176
87800.0,-0.027654
87900.0,-0.027107
88000.0,-0.026534
88100.0,-0.025939
88200.0,-0.025319
88300.0,-0.024676
88400.0,-0.024009
88500.0,-0.023318
88600.0,-0.022606
88700.0,-0.021871
88800.0,-0.021115
88900.0,-0.020339
89000.0,-0.019542
89100.0,-0.018728
89200.0,-0.017895
89300.0,-0.017044
89400.0,-0.016176
89500.0,-0.015292
89600.0,-0.014391
89700.0,-0.013475
89800.0,-0.012544
89900.0,-0.011598
90000.0,-0.010638
90100.0,-0.009661
90200.0,-0.008672
90300.0,-0.007672
90400.0,-0.006661
90500.0,-0.005641
90600.0,-0.004613
90700.0,-0.003579
90800.0,-0.00254
90900.0,-0.001498
91000.0,-0.000453
91100.0,0.00059
91200.0,0.001633
91300.0,0.002675
91400.0,0.003715
91500.0,0.004753
91600.0,0.005787
91700.0,0.006818
91800.0,0.007844
91900.0,0.008865
92000.0,0.00988
92100.0,0.010889
92200.0,0.01189
92300.0,0.012884
92400.0,0.01387
92500.0,0.014846
92600.0,0.015812
92700.0,0.016768
92800.0,0.017712
92900.0,0.018645
93000.0,0.019564
93100.0,0.020471
93200.0,0.021364
93300.0,0.02224
93400.0,0.023098
93500.0,0.023937
93600.0,0.024757
93700.0,0.025556
93800.0,0.026332
93900.0,0.027086
94000.0,0.027816
94100.0,0.028519
94200.0,0.029198
94300.0,0.029851
94400.0,0.030479
94500.0,0.031082
94600.0,0.031658
94700.0,0.032208
94800.0,0.032731
94900.0,0.033227
95000.0,0.033697
95100.0,0.034138
95200.0,0.034551
95300.0,0.034936
95400.0,0.035291
95500.0,0.035618
95600.0,0.035915
95700.0,0.036182
95800.0,0.03642
95900.0,0.036627
96000.0,0.036805
96100.0,0.036954
96200.0,0.037073
96300.0,0.037161
96400.0,0.037218
96500.0,0.037243
96600.0,0.037236
96700.0,0.037197
96800.0,0.037125
96900.0,0.03702
97000.0,0.036883
97100.0,0.036708
97200.0,0.036501
97300.0,0.036262
97400.0,0.03599
97500.0,0.035687
97600.0,0.035352
97700.0,0.034987
97800.0,0.034592
97900.0,0.034168
98000.0,0.033714
98100.0,0.033234
98200.0,0.032726
98300.0,0.032189
98400.0,0.031626
98500.0,0.031036
98600.0,0.030419
98700.0,0.029776
98800.0,0.029108
98900.0,0.028414
99000.0,0.027697
99100.0,0.026956
99200.0,0.026192
99300.0,0.025405
99400.0,0.024595
99500.0,0.023765
99600.0,0.022913
99700.0,0.02204
99800.0,0.021148
99900.0,0.020236
100000.0,0.019305
100100.0,0.018355
100200.0,0.017388
100300.0,0.016405
100400.0,0.015406
100500.0,0.014392
100600.0,0.013365
100700.0,0.012324
100800.0,0.011272
100900.0,0.010209
101000.0,0.009135
101100.0,0.008052
101200.0,0.006961
101300.0,0.005863
101400.0,0.004759
101500.0,0.003651
101600.0,0.002539
101700.0,0.001426
101800.0,0.000311
101900.0,-0.000803
102000.0,-0.001916
102100.0,-0.003023
102200.0,-0.004127
102300.0,-0.005227
102400.0,-0.006322
102500.0,-0.007413
102600.0,-0.008499
102700.0,-0.009579
102800.0,-0.010653
102900.0,-0.011721
103000.0,-0.012781
103100.0,-0.013839
103200.0,-0.014887
103300.0,-0.015926
103400.0,-0.016954
103500.0,-0.017969
103600.0,-0.01897
103700.0,-0.019956
103800.0,-0.020926
103900.0,-0.021877
104000.0,-0.022809
104100.0,-0.023717
104200.0,-0.024605
104300.0,-0.02547
104400.0,-0.026313
104500.0,-0.027132
104600.0,-0.027928
104700.0,-0.028699
104800.0,-0.029446
104900.0,-0.030167
105000.0,-0.030864
105100.0,-0.031535
105200.0,-0.03218
105300.0,-0.032798
105400.0,-0.03339
105500.0,-0.033954
105600.0,-0.034491
105700.0,-0.035
105800.0,-0.035481
105900.0,-0.035933
106000.0,-0.036356
106100.0,-0.036749
106200.0,-0.037113
106300.0,-0.037446
106400.0,-0.037747
106500.0,-0.038016
106600.0,-0.038252
106700.0,-0.038456
106800.0,-0.038626
106900.0,-0.038763
107000.0,-0.038866
107100.0,-0.038934
107200.0,-0.038969
107300.0,-0.03897
107400.0,-0.038937
107500.0,-0.038871
107600.0,-0.03877
107700.0,-0.038637
107800.0,-0.03847
107900.0,-0.038269
108000.0,-0.038036
108100.0,-0.037768
108200.0,-0.037468
108300.0,-0.037135
108400.0,-0.036771
108500.0,-0.036375
108600.0,-0.035948
108700.0,-0.035491
108800.0,-0.035005
108900.0,-0.034489
109000.0,-0.033945
109100.0,-0.033376
109200.0,-0.032779
109300.0,-0.032155
109400.0,-0.031505
109500.0,-0.030828
109600.0,-0.030125
109700.0,-0.029397
109800.0,-0.028642
109900.0,-0.027863
110000.0,-0.027059
110100.0,-0.026228
110200.0,-0.025374
110300.0,-0.024497
110400.0,-0.023598
110500.0,-0.022677
110600.0,-0.021736
110700.0,-0.020775
110800.0,-0.019796
110900.0,-0.0188
111000.0,-0.017787
111100.0,-0.01676
111200.0,-0.015719
111300.0,-0.014665
111400.0,-0.0136
111500.0,-0.012524
111600.0,-0.011439
111700.0,-0.010346
111800.0,-0.009245
111900.0,-0.008138
112000.0,-0.007025
112100.0,-0.005908
112200.0,-0.004788
112300.0,-0.003663
112400.0,-0.002536
112500.0,-0.001407
112600.0,-0.000276
112700.0,0.000855
112800.0,0.001986
112900.0,0.003116
113000.0,0.004243
113100.0,0.005369
113200.0,0.006489
113300.0,0.007604
113400.0,0.008712
113500.0,0.009811
113600.0,0.010901
113700.0,0.011981
113800.0,0.013049
113900.0,0.014106
114000.0,0.015149
114100.0,0.016178
114200.0,0.017193
114300.0,0.018193
114400.0,0.019176
114500.0,0.020142
114600.0,0.021089
114700.0,0.022018
114800.0,0.022927
114900.0,0.023815
115000.0,0.024681
115100.0,0.025523
115200.0,0.026342
115300.0,0.027137
115400.0,0.027907
115500.0,0.028651
115600.0,0.029369
115700.0,0.030061
115800.0,0.030725
115900.0,0.031362
116000.0,0.031972
116100.0,0.032553
116200.0,0.033106
116300.0,0.03363
116400.0,0.034124
116500.0,0.03459
116600.0,0.035025
116700.0,0.03543
116800.0,0.035805
116900.0,0.036149
117000.0,0.036462
117100.0,0.036745
117200.0,0.036996
117300.0,0.037214
117400.0,0.0374
117500.0,0.037552
117600.0,0.03767
117700.0,0.037755
117800.0,0.037806
117900.0,0.037822
118000.0,0.037804
118100.0,0.03775
118200.0,0.037662
118300.0,0.03754
118400.0,0.037385
118500.0,0.037198
118600.0,0.036978
118700.0,0.036727
118800.0,0.036445
118900.0,0.036132
119000.0,0.035788
119100.0,0.035416
119200.0,0.035015
119300.0,0.034584
119400.0,0.034125
119500.0,0.033637
119600.0,0.033122
119700.0,0.03258
119800.0,0.032011
119900.0,0.031416
120000.0,0.030795
120100.0,0.030151
120200.0,0.029482
120300.0,0.028789
120400.0,0.028071
120500.0,0.02733
120600.0,0.026565
120700.0,0.025778
120800.0,0.024968
120900.0,0.024137
121000.0,0.023284
121100.0,0.022407
121200.0,0.021511
121300.0,0.020597
121400.0,0.019667
121500.0,0.018721
121600.0,0.017761
121700.0,0.016788
121800.0,0.015805
121900.0,0.014811
122000.0,0.013808
122100.0,0.012802
122200.0,0.011788
122300.0,0.010768
122400.0,0.009742
122500.0,0.00871
122600.0,0.007674
122700.0,0.006634
122800.0,0.005591
122900.0,0.004544
123000.0,0.003495
123100.0,0.002443
123200.0,0.001391
123300.0,0.000339
123400.0,-0.000711
123500.0,-0.001759
123600.0,-0.002804
123700.0,-0.003844
123800.0,-0.004879
123900.0,-0.005907
124000.0,-0.006927
124100.0,-0.007939
124200.0,-0.008941
124300.0,-0.009932
124400.0,-0.010912
124500.0,-0.011879
124600.0,-0.012833
124700.0,-0.013772
124800.0,-0.014696
124900.0,-0.015604
125000.0,-0.016495
125100.0,-0.017369
125200.0,-0.018225
125300.0,-0.019062
125400.0,-0.01988
125500.0,-0.020678
125600.0,-0.021456
125700.0,-0.022213
125800.0,-0.022948
125900.0,-0.023661
126000.0,-0.024351
126100.0,-0.025015
126200.0,-0.025656
126300.0,-0.026272
126400.0,-0.026864
126500.0,-0.027431
126600.0,-0.027973
126700.0,-0.028491
126800.0,-0.028984
126900.0,-0.029451
127000.0,-0.029893
127100.0,-0.030313
127200.0,-0.030707
127300.0,-0.031074
127400.0,-0.031413
127500.0,-0.031724
127600.0,-0.032007
127700.0,-0.03226
127800.0,-0.032483
127900.0,-0.032677
128000.0,-0.03284
128100.0,-0.032968
128200.0,-0.033067
128300.0,-0.033135
128400.0,-0.033175
128500.0,-0.033185
128600.0,-0.033168
128700.0,-0.033122
128800.0,-0.033049
128900.0,-0.032948
129000.0,-0.032821
129100.0,-0.03267
129200.0,-0.032492
129300.0,-0.032289
129400.0,-0.032059
129500.0,-0.031804
129600.0,-0.031524
129700.0,-0.031219
129800.0,-0.03089
129900.0,-0.030536
130000.0,-0.030158
130100.0,-0.029757
130200.0,-0.029333
130300.0,-0.028886
130400.0,-0.028416
130500.0,-0.027925
130600.0,-0.027412
130700.0,-0.026878
130800.0,-0.026323
130900.0,-0.025748
131000.0,-0.025153
131100.0,-0.024538
131200.0,-0.023905
131300.0,-0.023254
131400.0,-0.022587
131500.0,-0.021903
131600.0,-0.021204
131700.0,-0.02049
131800.0,-0.019763
131900.0,-0.019022
132000.0,-0.01827
132100.0,-0.017505
132200.0,-0.016729
132300.0,-0.015944
132400.0,-0.015149
132500.0,-0.014347
132600.0,-0.013538
132700.0,-0.012723
132800.0,-0.011903
132900.0,-0.011078
133000.0,-0.01025
133100.0,-0.009421
133200.0,-0.008591
133300.0,-0.007757
133400.0,-0.006923
133500.0,-0.006086
133600.0,-0.005249
133700.0,-0.004411
133800.0,-0.003573
133900.0,-0.002735
134000.0,-0.001898
134100.0,-0.00106
134200.0,-0.000223
134300.0,0.000609
134400.0,0.001437
134500.0,0.00226
134600.0,0.003076
134700.0,0.003884
134800.0,0.004684
134900.0,0.005475
135000.0,0.006256
135100.0,0.007026
135200.0,0.007785
135300.0,0.008532
135400.0,0.009267
135500.0,0.00999
135600.0,0.010699
135700.0,0.011395
135800.0,0.012076
135900.0,0.012743
136000.0,0.013395
136100.0,0.014029
136200.0,0.014648
136300.0,0.01525
136400.0,0.015836
136500.0,0.016405
136600.0,0.016959
136700.0,0.017496
136800.0,0.018017
136900.0,0.018522
137000.0,0.019009
137100.0,0.019484
137200.0,0.019942
137300.0,0.020382
137400.0,0.020804
137500.0,0.021206
137600.0,0.02159
137700.0,0.021953
137800.0,0.022295
137900.0,0.022617
138000.0,0.022917
138100.0,0.023193
138200.0,0.023447
138300.0,0.023679
138400.0,0.02389
138500.0,0.02408
138600.0,0.024248
138700.0,0.024396
138800.0,0.024523
138900.0,0.024631
139000.0,0.024719
139100.0,0.024788
139200.0,0.024838
139300.0,0.024869
139400.0,0.024882
139500.0,0.024877
139600.0,0.024854
139700.0,0.024813
139800.0,0.024755
139900.0,0.024679
140000.0,0.024585
140100.0,0.024474
140200.0,0.024346
140300.0,0.0242
140400.0,0.024037
140500.0,0.023856
140600.0,0.023657
140700.0,0.023442
140800.0,0.02321
140900.0,0.022961
141000.0,0.022697
141100.0,0.022418
141200.0,0.022124
141300.0,0.021816
141400.0,0.021494
141500.0,0.02116
141600.0,0.020813
141700.0,0.020453
141800.0,0.020082
141900.0,0.019699
142000.0,0.019306
142100.0,0.0189
142200.0,0.018483
142300.0,0.018057
142400.0,0.017621
142500.0,0.017176
142600.0,0.016723
142700.0,0.016262
142800.0,0.015794
142900.0,0.015319
143000.0,0.014839
143100.0,0.014356
143200.0,0.013868
143300.0,0.013375
143400.0,0.012879
143500.0,0.012378
143600.0,0.011874
143700.0,0.011367
143800.0,0.010857
143900.0,0.010343
144000.0,0.009828
144100.0,0.009309
144200.0,0.008789
144300.0,0.008267
144400.0,0.007744
144500.0,0.00722
144600.0,0.006696
144700.0,0.006172
144800.0,0.005649
144900.0,0.005128
145000.0,0.004607
145100.0,0.004088
145200.0,0.003572
145300.0,0.003059
145400.0,0.002551
145500.0,0.002046
145600.0,0.001547
145700.0,0.001053
145800.0,0.000565
145900.0,8.3e-05
146000.0,-0.000392
146100.0,-0.000858
146200.0,-0.001317
146300.0,-0.00177
146400.0,-0.002216
146500.0,-0.002656
146600.0,-0.00309
146700.0,-0.003517
146800.0,-0.003938
146900.0,-0.004353
147000.0,-0.004761
147100.0,-0.005165
147200.0,-0.005561
147300.0,-0.005951
147400.0,-0.006332
147500.0,-0.006705
147600.0,-0.00707
147700.0,-0.007426
147800.0,-0.007774
147900.0,-0.008112
148000.0,-0.008441
148100.0,-0.00876
148200.0,-0.00907
148300.0,-0.009371
148400.0,-0.009662
148500.0,-0.009944
148600.0,-0.010216
148700.0,-0.010479
148800.0,-0.010732
148900.0,-0.010976
149000.0,-0.01121
149100.0,-0.011433
149200.0,-0.011647
149300.0,-0.011851
149400.0,-0.012047
149500.0,-0.012233
149600.0,-0.012411
149700.0,-0.01258
149800.0,-0.012741
149900.0,-0.012893
150000.0,-0.013038
150100.0,-0.013176
150200.0,-0.013305
150300.0,-0.013427
150400.0,-0.013542
150500.0,-0.013649
150600.0,-0.013749
150700.0,-0.013842
150800.0,-0.013927
150900.0,-0.014006
151000.0,-0.014077
151100.0,-0.014142
151200.0,-0.014201
151300.0,-0.014252
151400.0,-0.014296
151500.0,-0.014332
151600.0,-0.014361
151700.0,-0.014383
151800.0,-0.014397
151900.0,-0.014404
152000.0,-0.014403
152100.0,-0.014393
152200.0,-0.014376
152300.0,-0.014352
152400.0,-0.014324
152500.0,-0.01429
152600.0,-0.014252
152700.0,-0.014209
152800.0,-0.014163
152900.0,-0.014113
153000.0,-0.01406
153100.0,-0.014006
153200.0,-0.01395
153300.0,-0.01389
153400.0,-0.013826
153500.0,-0.013759
153600.0,-0.013688
153700.0,-0.013613
153800.0,-0.013534
153900.0,-0.01345
154000.0,-0.013363
154100.0,-0.013269
154200.0,-0.013171
154300.0,-0.013069
154400.0,-0.012963
154500.0,-0.012853
154600.0,-0.012739
154700.0,-0.012621
154800.0,-0.0125
154900.0,-0.012376
155000.0,-0.012248
155100.0,-0.012116
155200.0,-0.011982
155300.0,-0.011845
155400.0,-0.011705
155500.0,-0.011563
155600.0,-0.011419
155700.0,-0.011272
155800.0,-0.011123
155900.0,-0.010972
156000.0,-0.010818
156100.0,-0.010663
156200.0,-0.010506
156300.0,-0.010346
156400.0,-0.010183
156500.0,-0.010017
156600.0,-0.009848
156700.0,-0.009676
156800.0,-0.009501
156900.0,-0.009322
157000.0,-0.009139
157100.0,-0.008952
157200.0,-0.008762
157300.0,-0.008567
157400.0,-0.008369
157500.0,-0.008166
157600.0,-0.007959
157700.0,-0.007748
157800.0,-0.007534
157900.0,-0.007315
158000.0,-0.007092
158100.0,-0.006865
158200.0,-0.006634
158300.0,-0.006399
158400.0,-0.006161
158500.0,-0.005919
158600.0,-0.005674
158700.0,-0.005425
158800.0,-0.005173
158900.0,-0.004917
159000.0,-0.004658
159100.0,-0.004396
159200.0,-0.004129
159300.0,-0.003858
159400.0,-0.003582
159500.0,-0.003302
159600.0,-0.003017
159700.0,-0.002727
159800.0,-0.002433
159900.0,-0.002134
160000.0,-0.00183
160100.0,-0.001522
160200.0,-0.001211
160300.0,-0.000895
160400.0,-0.000574
160500.0,-0.00025
160600.0,7.8e-05
160700.0,0.00041
160800.0,0.000747
160900.0,0.001087
161000.0,0.001432
161100.0,0.001783
161200.0,0.002138
161300.0,0.002497
161400.0,0.00286
161500.0,0.003226
161600.0,0.003596
161700.0,0.003968
161800.0,0.004344
161900.0,0.004721
162000.0,0.0051
162100.0,0.005479
162200.0,0.005859
162300.0,0.006239
162400.0,0.006621
162500.0,0.007004
162600.0,0.007388
162700.0,0.007772
162800.0,0.008157
162900.0,0.008543
163000.0,0.008929
163100.0,0.009317
163200.0,0.009705
163300.0,0.010093
163400.0,0.010481
163500.0,0.010869
163600.0,0.011256
163700.0,0.011642
163800.0,0.012027
163900.0,0.01241
164000.0,0.01279
164100.0,0.013169
164200.0,0.013544
164300.0,0.013915
164400.0,0.014282
164500.0,0.014644
164600.0,0.015
164700.0,0.01535
164800.0,0.015694
164900.0,0.016031
165000.0,0.01636
165100.0,0.016682
165200.0,0.016996
165300.0,0.017302
165400.0,0.017601
165500.0,0.017892
165600.0,0.018175
165700.0,0.018449
165800.0,0.018716
165900.0,0.018973
166000.0,0.019221
166100.0,0.01946
166200.0,0.019689
166300.0,0.019907
166400.0,0.020113
166500.0,0.020308
166600.0,0.020492
166700.0,0.020662
166800.0,0.02082
166900.0,0.020965
167000.0,0.021097
167100.0,0.021216
167200.0,0.021321
167300.0,0.021411
167400.0,0.021487
167500.0,0.021548
167600.0,0.021593
167700.0,0.021623
167800.0,0.021637
167900.0,0.021634
168000.0,0.021615
168100.0,0.021577
168200.0,0.021522
168300.0,0.021451
168400.0,0.021363
168500.0,0.021258
168600.0,0.021136
168700.0,0.020998
168800.0,0.020842
168900.0,0.02067
169000.0,0.020481
169100.0,0.020276
169200.0,0.020053
169300.0,0.019814
169400.0,0.019557
169500.0,0.019282
169600.0,0.01899
169700.0,0.018681
169800.0,0.018354
169900.0,0.018009
170000.0,0.017647
170100.0,0.017268
170200.0,0.016871
170300.0,0.016456
170400.0,0.016025
170500.0,0.015576
170600.0,0.015111
170700.0,0.014628
170800.0,0.01413
170900.0,0.013615
171000.0,0.013084
171100.0,0.012538
171200.0,0.011976
171300.0,0.0114
171400.0,0.010809
171500.0,0.010204
171600.0,0.009586
171700.0,0.008954
171800.0,0.008309
171900.0,0.007653
172000.0,0.006984
172100.0,0.006302
172200.0,0.005609
172300.0,0.004906
172400.0,0.004192
172500.0,0.003469
172600.0,0.002737
172700.0,0.001996
172800.0,0.001248
172900.0,0.000492
173000.0,-0.00027
173100.0,-0.001036
173200.0,-0.001808
173300.0,-0.002584
173400.0,-0.003366
173500.0,-0.004152
173600.0,-0.004941
173700.0,-0.005735
173800.0,-0.006531
173900.0,-0.007329
174000.0,-0.008129
174100.0,-0.008933
174200.0,-0.009736
174300.0,-0.010538
174400.0,-0.011338
174500.0,-0.012136
174600.0,-0.012929
174700.0,-0.013717
174800.0,-0.0145
174900.0,-0.015276
175000.0,-0.016045
175100.0,-0.016804
175200.0,-0.017556
175300.0,-0.018299
175400.0,-0.019032
175500.0,-0.019757
175600.0,-0.020471
175700.0,-0.021175
175800.0,-0.021867
175900.0,-0.022548
176000.0,-0.023216
176100.0,-0.023871
176200.0,-0.024512
176300.0,-0.025138
176400.0,-0.025748
176500.0,-0.026341
176600.0,-0.026917
176700.0,-0.027475
176800.0,-0.028015
176900.0,-0.028535
177000.0,-0.029035
177100.0,-0.029515
177200.0,-0.029974
177300.0,-0.030411
177400.0,-0.030827
177500.0,-0.031221
177600.0,-0.031592
177700.0,-0.031939
177800.0,-0.032264
177900.0,-0.032564
178000.0,-0.03284
178100.0,-0.033093
178200.0,-0.03332
178300.0,-0.033522
178400.0,-0.033697
178500.0,-0.033845
178600.0,-0.033966
178700.0,-0.03406
178800.0,-0.034125
178900.0,-0.034161
179000.0,-0.034169
179100.0,-0.034145
179200.0,-0.034092
179300.0,-0.034011
179400.0,-0.033901
179500.0,-0.033764
179600.0,-0.033598
179700.0,-0.033406
179800.0,-0.033186
179900.0,-0.032938
180000.0,-0.032664
180100.0,-0.032366
180200.0,-0.032041
180300.0,-0.031688
180400.0,-0.031306
180500.0,-0.030896
180600.0,-0.030457
180700.0,-0.029989
180800.0,-0.029492
180900.0,-0.028966
181000.0,-0.028412
181100.0,-0.027826
181200.0,-0.027214
181300.0,-0.026574
181400.0,-0.025909
181500.0,-0.025219
181600.0,-0.024504
181700.0,-0.023766
181800.0,-0.023005
181900.0,-0.022221
182000.0,-0.021416
182100.0,-0.020591
182200.0,-0.019744
182300.0,-0.018878
182400.0,-0.017992
182500.0,-0.017087
182600.0,-0.016163
182700.0,-0.015221
182800.0,-0.014261
182900.0,-0.013285
183000.0,-0.012292
183100.0,-0.011284
183200.0,-0.010262
183300.0,-0.009225
183400.0,-0.008175
183500.0,-0.007112
183600.0,-0.006038
183700.0,-0.004953
183800.0,-0.003858
183900.0,-0.002755
184000.0,-0.001644
184100.0,-0.000526
184200.0,0.000596
184300.0,0.001723
184400.0,0.002853
184500.0,0.003986
184600.0,0.00512
184700.0,0.006254
184800.0,0.007388
184900.0,0.00852
185000.0,0.009651
185100.0,0.01078
185200.0,0.011905
185300.0,0.013026
185400.0,0.01414
185500.0,0.015248
185600.0,0.016347
185700.0,0.017437
185800.0,0.018516
185900.0,0.019584
186000.0,0.020639
186100.0,0.021678
186200.0,0.022702
186300.0,0.023711
186400.0,0.024703
186500.0,0.025679
186600.0,0.026636
186700.0,0.027575
186800.0,0.028494
186900.0,0.029393
187000.0,0.03027
187100.0,0.031127
187200.0,0.031961
187300.0,0.032771
187400.0,0.033556
187500.0,0.034314
187600.0,0.035046
187700.0,0.03575
187800.0,0.036426
187900.0,0.037073
188000.0,0.037689
188100.0,0.038277
188200.0,0.038833
188300.0,0.039358
188400.0,0.039851
188500.0,0.040311
188600.0,0.040739
188700.0,0.041132
188800.0,0.041491
188900.0,0.041815
189000.0,0.042103
189100.0,0.042354
189200.0,0.042568
189300.0,0.042746
189400.0,0.042887
189500.0,0.042991
189600.0,0.043058
189700.0,0.043089
189800.0,0.043083
189900.0,0.043039
190000.0,0.042959
190100.0,0.042843
190200.0,0.04269
190300.0,0.042499
190400.0,0.042271
190500.0,0.042005
190600.0,0.041702
190700.0,0.041362
190800.0,0.040984
190900.0,0.04057
191000.0,0.040118
191100.0,0.039631
191200.0,0.039108
191300.0,0.038548
191400.0,0.037954
191500.0,0.037324
191600.0,0.03666
191700.0,0.035961
191800.0,0.035229
191900.0,0.034463
192000.0,0.033664
192100.0,0.032831
192200.0,0.031967
192300.0,0.031072
192400.0,0.030148
192500.0,0.029195
192600.0,0.028215
192700.0,0.027208
192800.0,0.026176
192900.0,0.025119
193000.0,0.024039
193100.0,0.022938
193200.0,0.021816
193300.0,0.020671
193400.0,0.019506
193500.0,0.018321
193600.0,0.017116
193700.0,0.015894
193800.0,0.014654
193900.0,0.013397
194000.0,0.012126
194100.0,0.010839
194200.0,0.009539
194300.0,0.008229
194400.0,0.006908
194500.0,0.005579
194600.0,0.004243
194700.0,0.002901
194800.0,0.001554
194900.0,0.000204
195000.0,-0.001148
195100.0,-0.002502
195200.0,-0.003855
195300.0,-0.005208
195400.0,-0.006558
195500.0,-0.007904
195600.0,-0.009246
195700.0,-0.010582
195800.0,-0.011911
195900.0,-0.013231
196000.0,-0.014542
196100.0,-0.015842
196200.0,-0.017129
196300.0,-0.018403
196400.0,-0.019663
196500.0,-0.020907
196600.0,-0.022134
196700.0,-0.023343
196800.0,-0.024533
196900.0,-0.025702
197000.0,-0.02685
197100.0,-0.027975
197200.0,-0.029075
197300.0,-0.030151
197400.0,-0.031202
197500.0,-0.032226
197600.0,-0.033224
197700.0,-0.034193
197800.0,-0.035133
197900.0,-0.036044
198000.0,-0.036924
198100.0,-0.037775
198200.0,-0.038594
198300.0,-0.039379
198400.0,-0.04013
198500.0,-0.040845
198600.0,-0.041524
198700.0,-0.042165
198800.0,-0.042768
198900.0,-0.043332
199000.0,-0.043857
199100.0,-0.044338
199200.0,-0.04478
199300.0,-0.045182
199400.0,-0.045544
199500.0,-0.045866
199600.0,-0.046148
199700.0,-0.046391
199800.0,-0.046594
199900.0,-0.046757
200000.0,-0.04688
200100.0,-0.046966
200200.0,-0.047011
200300.0,-0.047014
200400.0,-0.046976
200500.0,-0.046895
200600.0,-0.046771
200700.0,-0.046605
200800.0,-0.046397
200900.0,-0.046145
201000.0,-0.045851
201100.0,-0.045512
201200.0,-0.045132
201300.0,-0.044711
201400.0,-0.044249
201500.0,-0.043748
201600.0,-0.043208
201700.0,-0.04263
201800.0,-0.042014
201900.0,-0.041362
202000.0,-0.040675
202100.0,-0.039954
202200.0,-0.039199
202300.0,-0.038409
202400.0,-0.037587
202500.0,-0.036731
202600.0,-0.035843
202700.0,-0.034922
202800.0,-0.033971
202900.0,-0.032988
203000.0,-0.031976
203100.0,-0.030932
203200.0,-0.029859
203300.0,-0.028759
203400.0,-0.027633
203500.0,-0.026482
203600.0,-0.025307
203700.0,-0.024111
203800.0,-0.022893
203900.0,-0.021656
204000.0,-0.020401
204100.0,-0.019132
204200.0,-0.017847
204300.0,-0.016548
204400.0,-0.015234
204500.0,-0.013907
204600.0,-0.012569
204700.0,-0.01122
204800.0,-0.009861
204900.0,-0.008493
205000.0,-0.007118
205100.0,-0.005735
205200.0,-0.004347
205300.0,-0.002955
205400.0,-0.001561
205500.0,-0.000167
205600.0,0.001227
205700.0,0.002618
205800.0,0.004007
205900.0,0.00539
206000.0,0.006767
206100.0,0.008137
206200.0,0.009499
206300.0,0.010851
206400.0,0.012193
206500.0,0.013524
206600.0,0.014843
206700.0,0.016148
206800.0,0.017438
206900.0,0.018712
207000.0,0.01997
207100.0,0.021209
207200.0,0.022429
207300.0,0.023629
207400.0,0.024807
207500.0,0.025963
207600.0,0.027096
207700.0,0.028204
207800.0,0.029287
207900.0,0.030343
208000.0,0.031372
208100.0,0.032373
208200.0,0.033346
208300.0,0.034288
208400.0,0.0352
208500.0,0.03608
208600.0,0.036927
208700.0,0.037742
208800.0,0.038523
208900.0,0.039269
209000.0,0.039982
209100.0,0.040658
209200.0,0.0413
209300.0,0.041905
209400.0,0.042474
209500.0,0.043007
209600.0,0.043503
209700.0,0.043962
209800.0,0.044383
209900.0,0.044766
210000.0,0.04511
210100.0,0.045417
210200.0,0.045684
210300.0,0.045912
210400.0,0.046101
210500.0,0.04625
210600.0,0.046359
210700.0,0.046429
210800.0,0.046458
210900.0,0.046447
211000.0,0.046396
211100.0,0.046304
211200.0,0.046173
211300.0,0.046001
211400.0,0.04579
211500.0,0.04554
211600.0,0.045252
211700.0,0.044927
211800.0,0.044564
211900.0,0.044164
212000.0,0.043729
212100.0,0.043261
212200.0,0.042759
212300.0,0.042223
212400.0,0.041652
212500.0,0.041048
212600.0,0.040411
212700.0,0.039741
212800.0,0.039039
212900.0,0.038304
213000.0,0.037537
213100.0,0.036735
213200.0,0.035902
213300.0,0.03504
213400.0,0.03415
213500.0,0.033232
213600.0,0.032287
213700.0,0.031317
213800.0,0.030323
213900.0,0.029307
214000.0,0.028268
214100.0,0.027212
214200.0,0.026136
214300.0,0.02504
214400.0,0.023926
214500.0,0.022794
214600.0,0.021645
214700.0,0.02048
214800.0,0.019299
214900.0,0.018105
215000.0,0.016896
215100.0,0.015674
215200.0,0.014441
215300.0,0.013198
215400.0,0.011946
215500.0,0.010687
215600.0,0.009423
215700.0,0.008153
215800.0,0.00688
215900.0,0.005605
216000.0,0.004328
216100.0,0.003052
216200.0,0.001776
216300.0,0.000502
216400.0,-0.00077
216500.0,-0.002039
216600.0,-0.003304
216700.0,-0.004564
216800.0,-0.005819
216900.0,-0.007067
217000.0,-0.008308
217100.0,-0.009543
217200.0,-0.010768
217300.0,-0.011982
217400.0,-0.013185
217500.0,-0.014375
217600.0,-0.01555
217700.0,-0.01671
217800.0,-0.017853
217900.0,-0.018978
218000.0,-0.020083
218100.0,-0.021165
218200.0,-0.022225
218300.0,-0.023264
218400.0,-0.02428
218500.0,-0.025274
218600.0,-0.026244
218700.0,-0.027191
218800.0,-0.028114
218900.0,-0.029013
219000.0,-0.029888
219100.0,-0.030743
219200.0,-0.031572
219300.0,-0.032376
219400.0,-0.033153
219500.0,-0.033902
219600.0,-0.034622
219700.0,-0.035313
219800.0,-0.035974
219900.0,-0.036603
220000.0,-0.0372
220100.0,-0.03776
220200.0,-0.038286
220300.0,-0.03878
220400.0,-0.03924
220500.0,-0.039667
220600.0,-0.04006
220700.0,-0.04042
220800.0,-0.040747
220900.0,-0.04104
221000.0,-0.041301
221100.0,-0.04153
221200.0,-0.041726
221300.0,-0.041888
221400.0,-0.042016
221500.0,-0.042111
221600.0,-0.042171
221700.0,-0.042198
221800.0,-0.042191
221900.0,-0.04215
222000.0,-0.042075
222100.0,-0.041967
222200.0,-0.041826
222300.0,-0.041652
222400.0,-0.041445
222500.0,-0.041205
222600.0,-0.040933
222700.0,-0.040628
222800.0,-0.040292
222900.0,-0.039924
223000.0,-0.039525
223100.0,-0.039093
223200.0,-0.038631
223300.0,-0.03814
223400.0,-0.037619
223500.0,-0.037069
223600.0,-0.036492
223700.0,-0.035887
223800.0,-0.035255
223900.0,-0.034597
224000.0,-0.033913
224100.0,-0.033205
224200.0,-0.032471
224300.0,-0.031714
224400.0,-0.030934
224500.0,-0.03013
224600.0,-0.029305
224700.0,-0.028459
224800.0,-0.027592
224900.0,-0.026706
225000.0,-0.025801
225100.0,-0.02488
225200.0,-0.023942
225300.0,-0.022988
225400.0,-0.022019
225500.0,-0.021035
225600.0,-0.020037
225700.0,-0.019026
225800.0,-0.018003
225900.0,-0.016968
226000.0,-0.015922
226100.0,-0.014865
226200.0,-0.013798
226300.0,-0.012723
226400.0,-0.011641
226500.0,-0.010554
226600.0,-0.009462
226700.0,-0.008366
226800.0,-0.007267
226900.0,-0.006166
227000.0,-0.005064
227100.0,-0.003963
227200.0,-0.002862
227300.0,-0.001762
227400.0,-0.000664
227500.0,0.000432
227600.0,0.001524
227700.0,0.002613
227800.0,0.003696
227900.0,0.004774
228000.0,0.005845
228100.0,0.006908
228200.0,0.007962
228300.0,0.009005
228400.0,0.010037
228500.0,0.011058
228600.0,0.012065
228700.0,0.013059
228800.0,0.014038
228900.0,0.015002
229000.0,0.01595
229100.0,0.016883
229200.0,0.017799
229300.0,0.018698
229400.0,0.019579
229500.0,0.020441
229600.0,0.021285
229700.0,0.022109
229800.0,0.022913
229900.0,0.023696
230000.0,0.024459
230100.0,0.025199
230200.0,0.025917
230300.0,0.026613
230400.0,0.027285
230500.0,0.027933
230600.0,0.028556
230700.0,0.029154
230800.0,0.029726
230900.0,0.030271
231000.0,0.03079
231100.0,0.031279
231200.0,0.03174
231300.0,0.032173
231400.0,0.032578
231500.0,0.032954
231600.0,0.033301
231700.0,0.033621
231800.0,0.033911
231900.0,0.034174
232000.0,0.034409
232100.0,0.034619
232200.0,0.034801
232300.0,0.034955
232400.0,0.03508
232500.0,0.035177
232600.0,0.035245
232700.0,0.035285
232800.0,0.035295
232900.0,0.035277
233000.0,0.035229
233100.0,0.035149
233200.0,0.035041
233300.0,0.034904
233400.0,0.034739
233500.0,0.034546
233600.0,0.034326
233700.0,0.034079
233800.0,0.033805
233900.0,0.033505
234000.0,0.03318
234100.0,0.03283
234200.0,0.032454
234300.0,0.032054
234400.0,0.031628
234500.0,0.031179
234600.0,0.030705
234700.0,0.030207
234800.0,0.029686
234900.0,0.029142
235000.0,0.028576
235100.0,0.027988
235200.0,0.02738
235300.0,0.026751
235400.0,0.026103
235500.0,0.025436
235600.0,0.024752
235700.0,0.024051
235800.0,0.023333
235900.0,0.022601
236000.0,0.021853
236100.0,0.021093
236200.0,0.020319
236300.0,0.019533
236400.0,0.018734
236500.0,0.017924
236600.0,0.017103
236700.0,0.016271
236800.0,0.015428
236900.0,0.014576
237000.0,0.013714
237100.0,0.012841
237200.0,0.01196
237300.0,0.011071
237400.0,0.010177
237500.0,0.009278
237600.0,0.008374
237700.0,0.007469
237800.0,0.006561
237900.0,0.005654
238000.0,0.004747
238100.0,0.003847
238200.0,0.002949
238300.0,0.002054
238400.0,0.001163
238500.0,0.000276
238600.0,-0.000606
238700.0,-0.001484
238800.0,-0.002356
238900.0,-0.003223
239000.0,-0.004083
239100.0,-0.004941
239200.0,-0.005791
239300.0,-0.006634
239400.0,-0.007467
239500.0,-0.008289
239600.0,-0.009101
239700.0,-0.009901
239800.0,-0.010688
239900.0,-0.011462
240000.0,-0.012221
240100.0,-0.012962
240200.0,-0.013688
240300.0,-0.014398
240400.0,-0.015091
240500.0,-0.015768
240600.0,-0.016429
240700.0,-0.017072
240800.0,-0.017697
240900.0,-0.018305
241000.0,-0.018895
241100.0,-0.019467
241200.0,-0.020021
241300.0,-0.020555
241400.0,-0.021069
241500.0,-0.021562
241600.0,-0.022035
241700.0,-0.022486
241800.0,-0.022915
241900.0,-0.023322
242000.0,-0.023707
242100.0,-0.024067
242200.0,-0.024405
242300.0,-0.024719
242400.0,-0.025011
242500.0,-0.025279
242600.0,-0.025524
242700.0,-0.025747
242800.0,-0.025947
242900.0,-0.026125
243000.0,-0.02628
243100.0,-0.026415
243200.0,-0.026529
243300.0,-0.026621
243400.0,-0.026691
243500.0,-0.026739
243600.0,-0.026765
243700.0,-0.026769
243800.0,-0.026751
243900.0,-0.026711
244000.0,-0.026648
244100.0,-0.02656
244200.0,-0.026449
244300.0,-0.026317
244400.0,-0.026163
244500.0,-0.025987
244600.0,-0.025791
244700.0,-0.025575
244800.0,-0.025338
244900.0,-0.025082
245000.0,-0.024808
245100.0,-0.024517
245200.0,-0.024209
245300.0,-0.023883
245400.0,-0.02354
245500.0,-0.02318
245600.0,-0.022805
245700.0,-0.022414
245800.0,-0.022007
245900.0,-0.021586
246000.0,-0.021151
246100.0,-0.020701
246200.0,-0.020239
246300.0,-0.019765
246400.0,-0.019278
246500.0,-0.018781
246600.0,-0.018272
246700.0,-0.017753
246800.0,-0.017223
246900.0,-0.016684
247000.0,-0.016136
247100.0,-0.015577
247200.0,-0.01501
247300.0,-0.014435
247400.0,-0.013853
247500.0,-0.013263
247600.0,-0.012667
247700.0,-0.012065
247800.0,-0.011458
247900.0,-0.010847
248000.0,-0.010232
248100.0,-0.009614
248200.0,-0.008993
248300.0,-0.008371
248400.0,-0.007748
248500.0,-0.007124
248600.0,-0.006501
248700.0,-0.005879
248800.0,-0.005259
248900.0,-0.004641
249000.0,-0.004026
249100.0,-0.003415
249200.0,-0.002807
249300.0,-0.002204
249400.0,-0.001605
249500.0,-0.00101
249600.0,-0.00042
249700.0,0.000165
249800.0,0.000745
249900.0,0.00132
250000.0,0.001889
250100.0,0.002455
250200.0,0.003013
250300.0,0.003565
250400.0,0.00411
250500.0,0.004646
250600.0,0.005174
250700.0,0.005693
250800.0,0.006203
250900.0,0.006703
251000.0,0.007192
251100.0,0.00767
251200.0,0.008137
251300.0,0.008594
251400.0,0.009039
251500.0,0.009473
251600.0,0.009895
251700.0,0.010305
251800.0,0.010703
251900.0,0.011089
252000.0,0.011462
252100.0,0.011822
252200.0,0.012168
252300.0,0.012502
252400.0,0.012822
252500.0,0.013129
252600.0,0.013424
252700.0,0.013705
252800.0,0.013974
252900.0,0.014231
253000.0,0.014475
253100.0,0.01471
253200.0,0.014933
253300.0,0.015145
253400.0,0.015345
253500.0,0.015532
253600.0,0.015708
253700.0,0.015871
253800.0,0.016022
253900.0,0.016161
254000.0,0.016286
254100.0,0.016397
254200.0,0.016494
254300.0,0.016578
254400.0,0.01665
254500.0,0.016709
254600.0,0.016756
254700.0,0.01679
254800.0,0.016812
254900.0,0.016823
255000.0,0.016822
255100.0,0.016811
255200.0,0.01679
255300.0,0.016757
255400.0,0.016715
255500.0,0.016662
255600.0,0.0166
255700.0,0.016529
255800.0,0.016449
255900.0,0.016359
256000.0,0.016261
256100.0,0.016156
256200.0,0.016042
256300.0,0.015921
256400.0,0.015792
256500.0,0.015655
256600.0,0.015511
256700.0,0.01536
256800.0,0.015202
256900.0,0.015037
257000.0,0.014866
257100.0,0.014688
257200.0,0.014505
257300.0,0.014315
257400.0,0.01412
257500.0,0.013919
257600.0,0.013712
257700.0,0.013501
257800.0,0.013283
257900.0,0.013061
258000.0,0.012833
258100.0,0.012599
258200.0,0.01236
258300.0,0.012117
258400.0,0.011869
258500.0,0.011618
258600.0,0.011364
258700.0,0.011108
258800.0,0.01085
258900.0,0.01059
259000.0,0.010329
259100.0,0.010071
259200.0,0.009813
259300.0,0.009554
259400.0,0.009295
259500.0,0.009036
259600.0,0.008777
259700.0,0.008516
259800.0,0.008255
259900.0,0.007993
260000.0,0.00773
260100.0,0.007463
260200.0,0.007195
260300.0,0.006926
260400.0,0.006656
260500.0,0.006386
260600.0,0.006115
260700.0,0.005844
260800.0,0.005573
260900.0,0.005302
261000.0,0.005032
261100.0,0.004763
261200.0,0.004495
261300.0,0.004229
261400.0,0.003963
261500.0,0.003699
261600.0,0.003436
261700.0,0.003175
261800.0,0.002915
261900.0,0.002658
262000.0,0.002402
262100.0,0.002149
262200.0,0.001898
262300.0,0.001649
262400.0,0.001402
262500.0,0.001157
262600.0,0.000915
262700.0,0.000674
262800.0,0.000434
262900.0,0.000197
263000.0,-3.9e-05
263100.0,-0.000275
263200.0,-0.000509
263300.0,-0.000742
263400.0,-0.000975
263500.0,-0.001207
263600.0,-0.001438
263700.0,-0.001669
263800.0,-0.0019
263900.0,-0.00213
264000.0,-0.00236
264100.0,-0.002591
264200.0,-0.002822
264300.0,-0.003051
264400.0,-0.003279
264500.0,-0.003506
264600.0,-0.003731
264700.0,-0.003953
264800.0,-0.004172
264900.0,-0.004389
265000.0,-0.004603
265100.0,-0.004809
265200.0,-0.005012
265300.0,-0.005213
265400.0,-0.005412
265500.0,-0.005608
265600.0,-0.005804
265700.0,-0.005999
265800.0,-0.006193
265900.0,-0.006388
266000.0,-0.006583
266100.0,-0.006784
266200.0,-0.006986
266300.0,-0.007188
266400.0,-0.00739
266500.0,-0.007592
266600.0,-0.007794
266700.0,-0.007995
266800.0,-0.008195
266900.0,-0.008393
267000.0,-0.008589
267100.0,-0.008779
267200.0,-0.008967
267300.0,-0.009152
267400.0,-0.009335
267500.0,-0.009515
267600.0,-0.009693
267700.0,-0.009869
267800.0,-0.010043
267900.0,-0.010215
268000.0,-0.010384
268100.0,-0.010553
268200.0,-0.01072
268300.0,-0.010884
268400.0,-0.011047
268500.0,-0.011207
268600.0,-0.011364
268700.0,-0.011519
268800.0,-0.011672
268900.0,-0.011821
269000.0,-0.011968
269100.0,-0.012111
269200.0,-0.012251
269300.0,-0.012388
269400.0,-0.012522
269500.0,-0.012652
269600.0,-0.012779
269700.0,-0.012902
269800.0,-0.013021
269900.0,-0.013137
270000.0,-0.013248
270100.0,-0.013356
270200.0,-0.01346
270300.0,-0.013559
270400.0,-0.013653
270500.0,-0.013742
270600.0,-0.013826
270700.0,-0.013903
270800.0,-0.013974
270900.0,-0.014038
271000.0,-0.014095
271100.0,-0.014143
271200.0,-0.014183
271300.0,-0.014215
271400.0,-0.014239
271500.0,-0.014255
271600.0,-0.014264
271700.0,-0.014265
271800.0,-0.014259
271900.0,-0.014246
272000.0,-0.014226
272100.0,-0.014201
272200.0,-0.01417
272300.0,-0.014131
272400.0,-0.014085
272500.0,-0.014031
272600.0,-0.013969
272700.0,-0.013899
272800.0,-0.01382
272900.0,-0.013732
273000.0,-0.013635
273100.0,-0.013526
273200.0,-0.013406
273300.0,-0.013277
273400.0,-0.013137
273500.0,-0.012987
273600.0,-0.012825
273700.0,-0.012654
273800.0,-0.012471
273900.0,-0.012278
274000.0,-0.012074
274100.0,-0.011858
274200.0,-0.011632
274300.0,-0.011396
274400.0,-0.011149
274500.0,-0.010891
274600.0,-0.010623
274700.0,-0.010346
274800.0,-0.010058
274900.0,-0.009761
275000.0,-0.009454
275100.0,-0.00914
275200.0,-0.008817
275300.0,-0.008484
275400.0,-0.008141
275500.0,-0.00779
275600.0,-0.007429
275700.0,-0.007059
275799.99999999994,-0.00668
275900.0,-0.006292
276000.0,-0.005894
276100.0,-0.005487
276200.00000000006,-0.005071
276299.99999999994,-0.004647
276400.0,-0.004214
276500.0,-0.003774
276600.0,-0.003325
276700.00000000006,-0.002868
276799.99999999994,-0.002403
276900.0,-0.001931
277000.0,-0.001451
277100.0,-0.000963
277200.00000000006,-0.000467
277299.99999999994,3.5e-05
277400.0,0.000544
277500.0,0.001059
277600.0,0.001578
277700.00000000006,0.002103
277799.99999999994,0.00263
277900.0,0.003161
278000.0,0.003694
278100.0,0.004226
278200.00000000006,0.004758
278299.99999999994,0.005291
278400.0,0.005824
278500.0,0.006357
278600.0,0.006889
278700.00000000006,0.007421
278799.99999999994,0.007952
278900.0,0.008482
279000.0,0.009011
279100.0,0.009541
279200.00000000006,0.010069
279299.99999999994,0.010596
279400.0,0.01112
279500.0,0.011641
279600.0,0.01216
279700.00000000006,0.012674
279799.99999999994,0.013184
279900.0,0.01369
280000.0,0.01419
280100.0,0.014684
280200.00000000006,0.015171
280299.99999999994,0.015651
280400.0,0.016122
280500.0,0.016585
280600.0,0.017038
280700.00000000006,0.01748
280799.99999999994,0.017912
280900.0,0.018331
281000.0,0.018739
281100.0,0.019131
281200.00000000006,0.01951
281299.99999999994,0.019875
281400.0,0.020225
281500.0,0.020562
281600.0,0.020883
281700.00000000006,0.02119
281799.99999999994,0.021481
281900.0,0.021757
282000.0,0.022018
282100.0,0.022263
282200.00000000006,0.022493
282299.99999999994,0.022706
282400.0,0.022903
282500.0,0.023082
282600.0,0.023245
282700.00000000006,0.02339
282799.99999999994,0.023517
282900.0,0.023627
283000.0,0.023718
283100.0,0.023792
283200.00000000006,0.023847
283299.99999999994,0.023882
283400.0,0.023898
283500.0,0.023893
283600.0,0.023867
283700.00000000006,0.02382
283799.99999999994,0.023751
283900.0,0.023659
284000.0,0.023545
284100.0,0.023404
284200.00000000006,0.023239
284299.99999999994,0.023052
284400.0,0.022842
284500.0,0.022611
284600.0,0.022358
284700.00000000006,0.022084
284799.99999999994,0.02179
284900.0,0.021476
285000.0,0.021143
285100.0,0.020795
285200.00000000006,0.020429
285299.99999999994,0.020044
285400.0,0.01964
285500.0,0.019217
285600.0,0.018775
285700.00000000006,0.018314
285799.99999999994,0.017834
285900.0,0.017335
286000.0,0.016816
286100.0,0.016277
286200.00000000006,0.015719
286299.99999999994,0.015143
286400.0,0.01455
286500.0,0.013939
286600.0,0.013313
286700.00000000006,0.012671
286799.99999999994,0.012014
286900.0,0.011343
287000.0,0.010657
287100.0,0.009959
287200.00000000006,0.009247
287299.99999999994,0.008523
287400.0,0.007787
287500.0,0.00704
287600.0,0.006282
287700.00000000006,0.005513
287799.99999999994,0.004735
287900.0,0.003949
288000.0,0.003154
288100.0,0.002351
288200.0,0.001542
288300.0,0.000728
288400.0,-9.2e-05
288500.0,-0.000915
288600.0,-0.001741
288700.0,-0.00257
288800.0,-0.003399
288900.0,-0.004229
289000.0,-0.005058
289100.0,-0.005883
289200.0,-0.006707
289300.0,-0.007528
289400.0,-0.008346
289500.0,-0.00916
289600.0,-0.00997
289700.0,-0.010777
289800.0,-0.011578
289900.0,-0.012375
290000.0,-0.013166
290100.0,-0.013955
290200.0,-0.014738
290300.0,-0.015512
290400.0,-0.016278
290500.0,-0.017034
290600.0,-0.017778
290700.0,-0.01851
290800.0,-0.019228
290900.0,-0.019932
291000.0,-0.020619
291100.0,-0.021285
291200.0,-0.021934
291300.0,-0.022564
291400.0,-0.023175
291500.0,-0.023768
291600.0,-0.024341
291700.0,-0.024894
291800.0,-0.025427
291900.0,-0.025939
292000.0,-0.026432
292100.0,-0.026905
292200.0,-0.027357
292300.0,-0.027788
292400.0,-0.028196
292500.0,-0.028581
292600.0,-0.028943
292700.0,-0.029282
292800.0,-0.029596
292900.0,-0.029887
293000.0,-0.030152
293100.0,-0.030392
293200.0,-0.030607
293300.0,-0.030796
293400.0,-0.030959
293500.0,-0.031095
293600.0,-0.031204
293700.0,-0.031285
293800.0,-0.031339
293900.0,-0.031365
294000.0,-0.031363
294100.0,-0.03133
294200.0,-0.031269
294300.0,-0.03118
294400.0,-0.031061
294500.0,-0.030914
294600.0,-0.030738
294700.0,-0.030534
294800.0,-0.030302
294900.0,-0.030043
295000.0,-0.029755
295100.0,-0.029442
295200.0,-0.029101
295300.0,-0.028734
295400.0,-0.028341
295500.0,-0.027922
295600.0,-0.027478
295700.0,-0.02701
295800.0,-0.026517
295900.0,-0.026
296000.0,-0.02546
296100.0,-0.024897
296200.0,-0.024313
296300.0,-0.023705
296400.0,-0.023076
296500.0,-0.022424
296600.0,-0.021751
296700.0,-0.021057
296800.0,-0.020342
296900.0,-0.019607
297000.0,-0.018852
297100.0,-0.018076
297200.0,-0.017281
297300.0,-0.016469
297400.0,-0.01564
297500.0,-0.014794
297600.0,-0.013933
297700.0,-0.013057
297800.0,-0.012168
297900.0,-0.011266
298000.0,-0.010352
298100.0,-0.009427
298200.0,-0.008491
298300.0,-0.007546
298400.0,-0.006592
298500.0,-0.00563
298600.0,-0.004663
298700.0,-0.003689
298800.0,-0.002712
298900.0,-0.00173
299000.0,-0.000747
299100.0,0.000236
299200.0,0.001219
299300.0,0.002202
299400.0,0.003184
299500.0,0.004164
299600.0,0.005142
299700.0,0.006118
299800.0,0.00709
299900.0,0.008059
300000.0,0.009023
300100.0,0.009986
300200.0,0.010943
300300.0,0.011893
300400.0,0.012835
300500.0,0.013768
300600.0,0.014692
300700.0,0.015604
300800.0,0.016504
300900.0,0.01739
301000.0,0.018262
301100.0,0.019116
301200.0,0.019954
301300.0,0.020774
301400.0,0.021576
301500.0,0.022359
301600.0,0.023123
301700.0,0.023867
301800.0,0.02459
301900.0,0.025292
302000.0,0.025972
302100.0,0.026631
302200.0,0.027267
302300.0,0.02788
302400.0,0.028469
302500.0,0.029034
302600.0,0.029574
302700.0,0.030089
302800.0,0.030579
302900.0,0.031042
303000.0,0.031479
303100.0,0.031889
303200.0,0.03227
303300.0,0.032624
303400.0,0.03295
303500.0,0.033247
303600.0,0.033516
303700.0,0.033755
303800.0,0.033965
303900.0,0.034147
304000.0,0.034298
304100.0,0.034423
304200.0,0.034517
304300.0,0.034582
304400.0,0.034617
304500.0,0.034622
304600.0,0.034596
304700.0,0.034539
304800.0,0.03445
304900.0,0.03433
305000.0,0.034179
305100.0,0.033992
305200.0,0.033773
305300.0,0.033523
305400.0,0.033242
305500.0,0.03293
305600.0,0.032589
305700.0,0.032219
305800.0,0.031821
305900.0,0.031396
306000.0,0.030944
306100.0,0.030471
306200.0,0.029973
306300.0,0.02945
306400.0,0.028903
306500.0,0.028332
306600.0,0.027737
306700.0,0.027119
306800.0,0.026477
306900.0,0.025813
307000.0,0.025125
307100.0,0.024412
307200.0,0.023678
307300.0,0.022921
307400.0,0.022143
307500.0,0.021343
307600.0,0.020524
307700.0,0.019685
307800.0,0.018827
307900.0,0.017952
308000.0,0.01706
308100.0,0.01615
308200.0,0.015226
308300.0,0.014288
308400.0,0.013338
308500.0,0.012377
308600.0,0.011406
308700.0,0.010426
308800.0,0.009439
308900.0,0.008446
309000.0,0.007447
309100.0,0.006446
309200.0,0.005442
309300.0,0.004434
309400.0,0.003424
309500.0,0.002412
309600.0,0.001398
309700.0,0.000383
309800.0,-0.000631
309900.0,-0.001646
310000.0,-0.002659
310100.0,-0.003672
310200.0,-0.004681
310300.0,-0.005686
310400.0,-0.006687
310500.0,-0.007681
310600.0,-0.008668
310700.0,-0.009647
310800.0,-0.010617
310900.0,-0.011577
311000.0,-0.012527
311100.0,-0.013466
311200.0,-0.014393
311300.0,-0.015307
311400.0,-0.016206
311500.0,-0.01709
311600.0,-0.017958
311700.0,-0.018808
311800.0,-0.019639
311900.0,-0.020452
312000.0,-0.021243
312100.0,-0.022011
312200.0,-0.022758
312300.0,-0.023481
312400.0,-0.024182
312500.0,-0.02486
312600.0,-0.025514
312700.0,-0.026145
312800.0,-0.026751
312900.0,-0.027332
313000.0,-0.027889
313100.0,-0.028422
313200.0,-0.02893
313300.0,-0.029411
313400.0,-0.029866
313500.0,-0.030295
313600.0,-0.030697
313700.0,-0.031071
313800.0,-0.031417
313900.0,-0.031735
314000.0,-0.032025
314100.0,-0.032287
314200.0,-0.03252
314300.0,-0.032724
314400.0,-0.032897
314500.0,-0.03304
314600.0,-0.033152
314700.0,-0.033233
314800.0,-0.033283
314900.0,-0.0333
315000.0,-0.033286
315100.0,-0.033236
315200.0,-0.033155
315300.0,-0.033043
315400.0,-0.032899
315500.0,-0.032726
315600.0,-0.032523
315700.0,-0.03229
315800.0,-0.032029
315900.0,-0.031741
316000.0,-0.031425
316100.0,-0.031084
316200.0,-0.030717
316300.0,-0.030324
316400.0,-0.029905
316500.0,-0.02946
316600.0,-0.028989
316700.0,-0.028494
316800.0,-0.027973
316900.0,-0.027429
317000.0,-0.026861
317100.0,-0.02627
317200.0,-0.025656
317300.0,-0.025019
317400.0,-0.024362
317500.0,-0.023682
317600.0,-0.022983
317700.0,-0.022262
317800.0,-0.021522
317900.0,-0.020763
318000.0,-0.019985
318100.0,-0.019186
318200.0,-0.01837
318300.0,-0.017538
318400.0,-0.01669
318500.0,-0.015829
318600.0,-0.014954
318700.0,-0.014068
318800.0,-0.013172
318900.0,-0.012266
319000.0,-0.011353
319100.0,-0.010435
319200.0,-0.00951
319300.0,-0.008581
319400.0,-0.007647
319500.0,-0.00671
319600.0,-0.005769
319700.0,-0.004827
319800.0,-0.003883
319900.0,-0.002938
320000.0,-0.001993
320100.0,-0.001049
320200.0,-0.000106
320300.0,0.000835
320400.0,0.001772
320500.0,0.002705
320600.0,0.003634
320700.0,0.004558
320800.0,0.005475
320900.0,0.006386
321000.0,0.007289
321100.0,0.008185
321200.0,0.009072
321300.0,0.009948
321400.0,0.010812
321500.0,0.011664
321600.0,0.012502
321700.0,0.013325
321800.0,0.014133
321900.0,0.014923
322000.0,0.015696
322100.0,0.016449
322200.0,0.017183
322300.0,0.017898
322400.0,0.018592
322500.0,0.019266
322600.0,0.019919
322700.0,0.020551
322800.0,0.02116
322900.0,0.021747
323000.0,0.022311
323100.0,0.022851
323200.0,0.023367
323300.0,0.023859
323400.0,0.024327
323500.0,0.024769
323600.0,0.025187
323700.0,0.02558
323800.0,0.025948
323900.0,0.026291
324000.0,0.026609
324100.0,0.026905
324200.0,0.027176
324300.0,0.027422
324400.0,0.027642
324500.0,0.027835
324600.0,0.028001
324700.0,0.02814
324800.0,0.028251
324900.0,0.028333
325000.0,0.028387
325100.0,0.028407
325200.0,0.028397
325300.0,0.028359
325400.0,0.028291
325500.0,0.028195
325600.0,0.028072
325700.0,0.027921
325800.0,0.027744
325900.0,0.027541
326000.0,0.027313
326100.0,0.027063
326200.0,0.026789
326300.0,0.026492
326400.0,0.026173
326500.0,0.025831
326600.0,0.025467
326700.0,0.025082
326800.0,0.024676
326900.0,0.024249
327000.0,0.023801
327100.0,0.023332
327200.0,0.022844
327300.0,0.022336
327400.0,0.021808
327500.0,0.02126
327600.0,0.020695
327700.0,0.020111
327800.0,0.019509
327900.0,0.01889
328000.0,0.018255
328100.0,0.017603
328200.0,0.016937
328300.0,0.016257
328400.0,0.015565
328500.0,0.014861
328600.0,0.014146
328700.0,0.013421
328800.0,0.012688
328900.0,0.011946
329000.0,0.011197
329100.0,0.010442
329200.0,0.00968
329300.0,0.008913
329400.0,0.008142
329500.0,0.007367
329600.0,0.00659
329700.0,0.00581
329800.0,0.00503
329900.0,0.004249
330000.0,0.00347
330100.0,0.002693
330200.0,0.00192
330300.0,0.001149
330400.0,0.000382
330500.0,-0.000381
330600.0,-0.001139
330700.0,-0.001892
330800.0,-0.002639
330900.0,-0.003381
331000.0,-0.004116
331100.0,-0.004847
331200.0,-0.00557
331300.0,-0.006285
331400.0,-0.006991
331500.0,-0.007687
331600.0,-0.008372
331700.0,-0.009045
331800.0,-0.009706
331900.0,-0.010354
332000.0,-0.010988
332100.0,-0.011606
332200.0,-0.012208
332300.0,-0.012794
332400.0,-0.013364
332500.0,-0.013917
332600.0,-0.014452
332700.0,-0.014969
332800.0,-0.015467
332900.0,-0.015947
333000.0,-0.016408
333100.0,-0.016848
333200.0,-0.017269
333300.0,-0.017671
333400.0,-0.018052
333500.0,-0.018414
333600.0,-0.018756
333700.0,-0.019078
333800.0,-0.01938
333900.0,-0.019663
334000.0,-0.019926
334100.0,-0.020171
334200.0,-0.020396
334300.0,-0.020601
334400.0,-0.020787
334500.0,-0.020952
334600.0,-0.021096
334700.0,-0.02122
334800.0,-0.021322
334900.0,-0.021404
335000.0,-0.021465
335100.0,-0.021504
335200.0,-0.021521
335300.0,-0.021517
335400.0,-0.021491
335500.0,-0.021444
335600.0,-0.021376
335700.0,-0.021286
335800.0,-0.021175
335900.0,-0.021043
336000.0,-0.020891
336100.0,-0.020717
336200.0,-0.020523
336300.0,-0.020311
336400.0,-0.020081
336500.0,-0.019834
336600.0,-0.019571
336700.0,-0.019291
336800.0,-0.018997
336900.0,-0.018688
337000.0,-0.018365
337100.0,-0.018032
337200.0,-0.017685
337300.0,-0.017325
337400.0,-0.016951
337500.0,-0.016565
337600.0,-0.016165
337700.0,-0.015753
337800.0,-0.015328
337900.0,-0.01489
338000.0,-0.014441
338100.0,-0.013978
338200.0,-0.013504
338300.0,-0.013019
338400.0,-0.012525
338500.0,-0.012022
338600.0,-0.011511
338700.0,-0.010993
338800.0,-0.010467
338900.0,-0.009936
339000.0,-0.009398
339100.0,-0.008856
339200.0,-0.008309
339300.0,-0.007758
339400.0,-0.007203
339500.0,-0.006647
339600.0,-0.006088
339700.0,-0.005528
339800.0,-0.004968
339900.0,-0.004409
340000.0,-0.00385
340100.0,-0.003295
340200.0,-0.002741
340300.0,-0.002191
340400.0,-0.001643
340500.0,-0.001099
340600.0,-0.000558
340700.0,-2.2e-05
340800.0,0.00051
340900.0,0.001037
341000.0,0.00156
341100.0,0.002077
341200.0,0.00259
341300.0,0.003096
341400.0,0.003596
341500.0,0.00409
341600.0,0.004577
341700.0,0.005057
341800.0,0.005528
341900.0,0.005991
342000.0,0.006446
342100.0,0.006893
342200.0,0.007329
342300.0,0.007755
342400.0,0.008169
342500.0,0.008571
342600.0,0.00896
342700.0,0.009336
342800.0,0.009697
342900.0,0.010044
343000.0,0.010377
343100.0,0.010692
343200.0,0.010993
343300.0,0.011279
343400.0,0.011552
343500.0,0.011812
343600.0,0.012058
343700.0,0.012291
343800.0,0.012512
343900.0,0.012719
344000.0,0.012914
344100.0,0.013098
344200.0,0.013268
344300.0,0.013424
344400.0,0.013567
344500.0,0.013694
344600.0,0.013807
344700.0,0.013905
344800.0,0.013988
344900.0,0.014056
345000.0,0.014109
345100.0,0.014147
345200.0,0.01417
345300.0,0.014179
345400.0,0.014174
345500.0,0.014154
345600.0,0.014119
345700.0,0.014071
345800.0,0.014008
345900.0,0.013932
346000.0,0.013842
346100.0,0.013736
346200.0,0.013617
346300.0,0.013484
346400.0,0.013339
346500.0,0.01318
346600.0,0.01301
346700.0,0.012827
346800.0,0.012633
346900.0,0.012428
347000.0,0.012212
347100.0,0.011986
347200.0,0.011751
347300.0,0.011506
347400.0,0.011252
347500.0,0.01099
347600.0,0.010719
347700.0,0.01044
347800.0,0.010153
347900.0,0.009859
348000.0,0.009559
348100.0,0.009253
348200.0,0.008941
348300.0,0.008622
348400.0,0.008297
348500.0,0.007967
348600.0,0.00763
348700.0,0.007287
348800.0,0.006939
348900.0,0.006585
349000.0,0.006227
349100.0,0.00586
349200.0,0.005489
349300.0,0.005115
349400.0,0.004738
349500.0,0.00436
349600.0,0.00398
349700.0,0.003599
349800.0,0.003219
349900.0,0.00284
350000.0,0.002462
350100.0,0.002088
350200.0,0.001717
350300.0,0.001347
350400.0,0.000981
350500.0,0.000617
350600.0,0.000257
350700.0,-0.0001
350800.0,-0.000453
350900.0,-0.000802
351000.0,-0.001146
351100.0,-0.001486
351200.0,-0.00182
351300.0,-0.002148
351400.0,-0.002472
351500.0,-0.00279
351600.0,-0.003102
351700.0,-0.003409
351800.0,-0.003709
351900.0,-0.004004
352000.0,-0.004293
352100.0,-0.004578
352200.0,-0.004857
352300.0,-0.005129
352400.0,-0.005392
352500.0,-0.005647
352600.0,-0.005894
352700.0,-0.00613
352800.0,-0.006356
352900.0,-0.006572
353000.0,-0.006776
353100.0,-0.006967
353200.0,-0.007146
353300.0,-0.007313
353400.0,-0.007468
353500.0,-0.007613
353600.0,-0.007745
353700.0,-0.007867
353800.0,-0.007977
353900.0,-0.008077
354000.0,-0.008165
354100.0,-0.008243
354200.0,-0.00831
354300.0,-0.008367
354400.0,-0.008413
354500.0,-0.00845
354600.0,-0.008476
354700.0,-0.008493
354800.0,-0.0085
354900.0,-0.008498
355000.0,-0.008486
355100.0,-0.008467
355200.0,-0.008438
355300.0,-0.008399
355400.0,-0.008349
355500.0,-0.008288
355600.0,-0.008216
355700.0,-0.008133
355800.0,-0.008039
355900.0,-0.007933
356000.0,-0.007815
356100.0,-0.007684
356200.0,-0.007541
356300.0,-0.007389
356400.0,-0.007227
356500.0,-0.007056
356600.0,-0.006876
356700.0,-0.006689
356800.0,-0.006495
356900.0,-0.006294
357000.0,-0.006086
357100.0,-0.005874
357200.0,-0.005655
357300.0,-0.005431
357400.0,-0.005202
357500.0,-0.004967
357600.0,-0.004727
357700.0,-0.004482
357800.0,-0.004233
357900.0,-0.003979
358000.0,-0.003722
358100.0,-0.003463
358200.0,-0.0032
358300.0,-0.002935
358400.0,-0.002667
358500.0,-0.002397
358600.0,-0.002124
358700.0,-0.00185
358800.0,-0.001573
358900.0,-0.001295
359000.0,-0.001016
359100.0,-0.000734
359200.0,-0.000451
359300.0,-0.000169
359400.0,0.000114
359500.0,0.000395
359600.0,0.000675
359700.0,0.000953
359800.0,0.001229
359900.0,0.001502
360000.0,0.001772
360100.0,0.002038
360200.0,0.002301
360300.0,0.002559
360400.0,0.002812
360500.0,0.003059
360600.0,0.003301
360700.0,0.003536
360800.0,0.003763
360900.0,0.003984
361000.0,0.004197
361100.0,0.004399
361200.0,0.004593
361300.0,0.004779
361400.0,0.004958
361500.0,0.00513
361600.0,0.005295
361700.0,0.005453
361800.0,0.005604
361900.0,0.005749
362000.0,0.005886
362100.0,0.006021
362200.0,0.006147
362300.0,0.006265
362400.0,0.006374
362500.0,0.006474
362600.0,0.006563
362700.0,0.006641
362800.0,0.006708
362900.0,0.006763
363000.0,0.006807
363100.0,0.006837
363200.0,0.006856
363300.0,0.006864
363400.0,0.006861
363500.0,0.006848
363600.0,0.006824
363700.0,0.00679
363800.0,0.006746
363900.0,0.006692
364000.0,0.006628
364100.0,0.006555
364200.0,0.006471
364300.0,0.006378
364400.0,0.006275
364500.0,0.006162
364600.0,0.00604
364700.0,0.005908
364800.0,0.005768
364900.0,0.005619
365000.0,0.005461
365100.0,0.005296
365200.0,0.005123
365300.0,0.004942
365400.0,0.004754
365500.0,0.004559
365600.0,0.004356
365700.0,0.004147
365800.0,0.003931
365900.0,0.003708
366000.0,0.003479
366100.0,0.003245
366200.0,0.003004
366300.0,0.002758
366400.0,0.002505
366500.0,0.002248
366600.0,0.001985
366700.0,0.001716
366800.0,0.001443
366900.0,0.001165
367000.0,0.000883
367100.0,0.000594
367200.0,0.000302
367300.0,8e-06
367400.0,-0.000288
367500.0,-0.000585
367600.0,-0.000882
367700.0,-0.001179
367800.0,-0.001474
367900.0,-0.001767
368000.0,-0.002057
368100.0,-0.002341
368200.0,-0.002623
368300.0,-0.002901
368400.0,-0.003177
368500.0,-0.00345
368600.0,-0.003721
368700.0,-0.003989
368800.0,-0.004254
368900.0,-0.004517
369000.0,-0.004776
369100.0,-0.005035
369200.0,-0.005289
369300.0,-0.005539
369400.0,-0.005784
369500.0,-0.006023
369600.0,-0.006257
369700.0,-0.006484
369800.0,-0.006705
369900.0,-0.006918
370000.0,-0.007123
370100.0,-0.007322
370200.0,-0.007512
370300.0,-0.007693
370400.0,-0.007866
370500.0,-0.008029
370600.0,-0.008183
370700.0,-0.008326
370800.0,-0.008459
370900.0,-0.008581
371000.0,-0.008693
371100.0,-0.008791
371200.0,-0.008878
371300.0,-0.008955
371400.0,-0.00902
371500.0,-0.009075
371600.0,-0.00912
371700.0,-0.009154
371800.0,-0.009179
371900.0,-0.009193
372000.0,-0.009197
372100.0,-0.009192
372200.0,-0.009177
372300.0,-0.009152
372400.0,-0.009116
372500.0,-0.009069
372600.0,-0.009012
372700.0,-0.008943
372800.0,-0.008863
372900.0,-0.008772
373000.0,-0.00867
373100.0,-0.008556
373200.0,-0.008431
373300.0,-0.008294
373400.0,-0.008146
373500.0,-0.007988
373600.0,-0.007818
373700.0,-0.007637
373800.0,-0.007446
373900.0,-0.007244
374000.0,-0.007032
374100.0,-0.006811
374200.0,-0.00658
374300.0,-0.00634
374400.0,-0.006092
374500.0,-0.005835
374600.0,-0.00557
374700.0,-0.005298
374800.0,-0.005019
374900.0,-0.004732
375000.0,-0.004438
375100.0,-0.004136
375200.0,-0.003828
375300.0,-0.003513
375400.0,-0.003193
375500.0,-0.002866
375600.0,-0.002535
375700.0,-0.002199
375800.0,-0.001858
375900.0,-0.001514
376000.0,-0.001167
376100.0,-0.000819
376200.0,-0.00047
376300.0,-0.000118
376400.0,0.000236
376500.0,0.000592
376600.0,0.00095
376700.0,0.00131
376800.0,0.001672
376900.0,0.002036
377000.0,0.002401
377100.0,0.002772
377200.0,0.003143
377300.0,0.003515
377400.0,0.003885
377500.0,0.004254
377600.0,0.00462
377700.0,0.004983
377800.0,0.005342
377900.0,0.005696
378000.0,0.006044
378100.0,0.006383
378200.0,0.006717
378300.0,0.007043
378400.0,0.007364
378500.0,0.007678
378600.0,0.007986
378700.0,0.008288
378800.0,0.008583
378900.0,0.008871
379000.0,0.009153
379100.0,0.00943
379200.0,0.009699
379300.0,0.00996
379400.0,0.010213
379500.0,0.010458
379600.0,0.010694
379700.0,0.010921
379800.0,0.011139
379900.0,0.011346
380000.0,0.011543
380100.0,0.01173
380200.0,0.011905
380300.0,0.012069
380400.0,0.012222
380500.0,0.012363
380600.0,0.012492
380700.0,0.012609
380800.0,0.012714
380900.0,0.012806
381000.0,0.012886
381100.0,0.012953
381200.0,0.013009
381300.0,0.013051
381400.0,0.013081
381500.0,0.013097
381600.0,0.0131
381700.0,0.013089
381800.0,0.013065
381900.0,0.013028
382000.0,0.012976
382100.0,0.012908
382200.0,0.012827
382300.0,0.012732
382400.0,0.012624
382500.0,0.012504
382600.0,0.012372
382700.0,0.012228
382800.0,0.012073
382900.0,0.011907
383000.0,0.01173
383100.0,0.011547
383200.0,0.011353
383300.0,0.011149
383400.0,0.010933
383500.0,0.010705
383600.0,0.010465
383700.0,0.010213
383800.0,0.009949
383900.0,0.009673
384000.0,0.009383
384100.0,0.009078
384200.0,0.008761
384300.0,0.008433
384400.0,0.008095
384500.0,0.007746
384600.0,0.007388
384700.0,0.007022
384800.0,0.006648
384900.0,0.006267
385000.0,0.005879
385100.0,0.005486
385200.0,0.005087
385300.0,0.004683
385400.0,0.004273
385500.0,0.003859
385600.0,0.00344
385700.0,0.003017
385800.0,0.00259
385900.0,0.002159
386000.0,0.001725
386100.0,0.00129
386200.0,0.000851
386300.0,0.00041
386400.0,-3.3e-05
386500.0,-0.000478
386600.0,-0.000925
386700.0,-0.001373
386800.0,-0.001823
386900.0,-0.002274
387000.0,-0.002725
387100.0,-0.003177
387200.0,-0.003629
387300.0,-0.00408
387400.0,-0.004529
387500.0,-0.004975
387600.0,-0.005418
387700.0,-0.005857
387800.0,-0.006291
387900.0,-0.00672
388000.0,-0.007143
388100.0,-0.007559
388200.0,-0.007969
388300.0,-0.008373
388400.0,-0.008768
388500.0,-0.009156
388600.0,-0.009535
388700.0,-0.009906
388800.0,-0.010268
388900.0,-0.010621
389000.0,-0.010964
389100.0,-0.011295
389200.0,-0.011617
389300.0,-0.011928
389400.0,-0.012229
389500.0,-0.01252
389600.0,-0.012801
389700.0,-0.013071
389800.0,-0.01333
389900.0,-0.013579
390000.0,-0.013816
390100.0,-0.014043
390200.0,-0.014259
390300.0,-0.014461
390400.0,-0.01465
390500.0,-0.014824
390600.0,-0.014985
390700.0,-0.01513
390800.0,-0.01526
390900.0,-0.015375
391000.0,-0.015474
391100.0,-0.015557
391200.0,-0.015624
391300.0,-0.015676
391400.0,-0.015714
391500.0,-0.015736
391600.0,-0.015743
391700.0,-0.015735
391800.0,-0.015712
391900.0,-0.015674
392000.0,-0.015622
392100.0,-0.015553
392200.0,-0.01547
392300.0,-0.015372
392400.0,-0.015258
392500.0,-0.01513
392600.0,-0.014986
392700.0,-0.014828
392800.0,-0.014656
392900.0,-0.014469
393000.0,-0.014268
393100.0,-0.014053
393200.0,-0.013825
393300.0,-0.013584
393400.0,-0.013329
393500.0,-0.013061
393600.0,-0.01278
393700.0,-0.012486
393800.0,-0.01218
393900.0,-0.011862
394000.0,-0.011532
394100.0,-0.011192
394200.0,-0.01084
394300.0,-0.010477
394400.0,-0.010104
394500.0,-0.009719
394600.0,-0.009324
394700.0,-0.008919
394800.0,-0.008504
394900.0,-0.008079
395000.0,-0.007645
395100.0,-0.007198
395200.0,-0.006744
395300.0,-0.006282
395400.0,-0.005813
395500.0,-0.005339
395600.0,-0.00486
395700.0,-0.004376
395800.0,-0.003889
395900.0,-0.0034
396000.0,-0.002909
396100.0,-0.00242
396200.0,-0.00193
396300.0,-0.001439
396400.0,-0.000948
396500.0,-0.000455
396600.0,3.8e-05
396700.0,0.000532
396800.0,0.001027
396900.0,0.001522
397000.0,0.002017
397100.0,0.002514
397200.0,0.003009
397300.0,0.003503
397400.0,0.003995
397500.0,0.004482
397600.0,0.004965
397700.0,0.005444
397800.0,0.005916
397900.0,0.006382
398000.0,0.00684
398100.0,0.00729
398200.0,0.007732
398300.0,0.008165
398400.0,0.00859
398500.0,0.009004
398600.0,0.009409
398700.0,0.009804
398800.0,0.010188
398900.0,0.010561
399000.0,0.010923
399100.0,0.011274
399200.0,0.011614
399300.0,0.011941
399400.0,0.012256
399500.0,0.012559
399600.0,0.012849
399700.0,0.013125
399800.0,0.013388
399900.0,0.013637
400000.0,0.013871
400100.0,0.014089
400200.0,0.014293
400300.0,0.014481
400400.0,0.014654
400500.0,0.014812
400600.0,0.014955
400700.0,0.015083
400800.0,0.015195
400900.0,0.015293
401000.0,0.015375
401100.0,0.015445
401200.0,0.0155
401300.0,0.01554
401400.0,0.015563
401500.0,0.015571
401600.0,0.015561
401700.0,0.015535
401800.0,0.015491
401900.0,0.015431
402000.0,0.015353
402100.0,0.015253
402200.0,0.015137
402300.0,0.015004
402400.0,0.014855
402500.0,0.014691
402600.0,0.014512
402700.0,0.01432
402800.0,0.014113
402900.0,0.013894
403000.0,0.013662
403100.0,0.013422
403200.0,0.013169
403300.0,0.012904
403400.0,0.012627
403500.0,0.012339
403600.0,0.012039
403700.0,0.011727
403800.0,0.011403
403900.0,0.011068
404000.0,0.010722
404100.0,0.010363
404200.0,0.009993
404300.0,0.009613
404400.0,0.009224
404500.0,0.008825
404600.0,0.008417
404700.0,0.008001
404800.0,0.007578
404900.0,0.007149
405000.0,0.006713
405100.0,0.006273
405200.0,0.005828
405300.0,0.005379
405400.0,0.004927
405500.0,0.004472
405600.0,0.004015
405700.0,0.003556
405800.0,0.003096
405900.0,0.002634
406000.0,0.002171
406100.0,0.001708
406200.0,0.001244
406300.0,0.00078
406400.0,0.000317
406500.0,-0.000144
406600.0,-0.000603
406700.0,-0.001059
406800.0,-0.001513
406900.0,-0.001962
407000.0,-0.002407
407100.0,-0.002844
407200.0,-0.003276
407300.0,-0.003702
407400.0,-0.004121
407500.0,-0.004534
407600.0,-0.004941
407700.0,-0.00534
407800.0,-0.005732
407900.0,-0.006117
408000.0,-0.006493
408100.0,-0.006865
408200.0,-0.007227
408300.0,-0.00758
408400.0,-0.007923
408500.0,-0.008255
408600.0,-0.008576
408700.0,-0.008885
408800.0,-0.009181
408900.0,-0.009466
409000.0,-0.009737
409100.0,-0.009994
409200.0,-0.010239
409300.0,-0.01047
409400.0,-0.010688
409500.0,-0.010894
409600.0,-0.011086
409700.0,-0.011265
409800.0,-0.011431
409900.0,-0.011584
410000.0,-0.011723
410100.0,-0.011848
410200.0,-0.011959
410300.0,-0.012056
410400.0,-0.012139
410500.0,-0.012208
410600.0,-0.012264
410700.0,-0.012305
410800.0,-0.012333
410900.0,-0.012347
411000.0,-0.012348
411100.0,-0.012337
411200.0,-0.012313
411300.0,-0.012276
411400.0,-0.012225
411500.0,-0.012162
411600.0,-0.012085
411700.0,-0.011996
411800.0,-0.011893
411900.0,-0.011778
412000.0,-0.011649
412100.0,-0.011508
412200.0,-0.011354
412300.0,-0.011189
412400.0,-0.011012
412500.0,-0.010823
412600.0,-0.010624
412700.0,-0.010414
412800.0,-0.010194
412900.0,-0.009964
413000.0,-0.009725
413100.0,-0.009476
413200.0,-0.009219
413300.0,-0.008954
413400.0,-0.008682
413500.0,-0.008404
413600.0,-0.008118
413700.0,-0.007828
413800.0,-0.007531
413900.0,-0.00723
414000.0,-0.006924
414100.0,-0.006615
414200.0,-0.006301
414300.0,-0.005983
414400.0,-0.005661
414500.0,-0.005335
414600.0,-0.005004
414700.0,-0.004671
414800.0,-0.004334
414900.0,-0.003995
415000.0,-0.003653
415100.0,-0.003309
415200.0,-0.002965
415300.0,-0.002621
415400.0,-0.002278
415500.0,-0.001936
415600.0,-0.001597
415700.0,-0.00126
415800.0,-0.000926
415900.0,-0.000595
416000.0,-0.000268
416100.0,5.6e-05
416200.0,0.000376
416300.0,0.000692
416400.0,0.001004
416500.0,0.001311
416600.0,0.001612
416700.0,0.001909
416800.0,0.002199
416900.0,0.002483
417000.0,0.002761
417100.0,0.003029
417200.0,0.00329
417300.0,0.003543
417400.0,0.003789
417500.0,0.004027
417600.0,0.004257
417700.0,0.004479
417800.0,0.004693
417900.0,0.004898
418000.0,0.005095
418100.0,0.005285
418200.0,0.005467
418300.0,0.005638
418400.0,0.005801
418500.0,0.005953
418600.0,0.006095
418700.0,0.006226
418800.0,0.006347
418900.0,0.006458
419000.0,0.006557
419100.0,0.006646
419200.0,0.006724
419300.0,0.006791
419400.0,0.006848
419500.0,0.006894
419600.0,0.00693
419700.0,0.006956
419800.0,0.006971
419900.0,0.006976
420000.0,0.006972
420100.0,0.006956
420200.0,0.006932
420300.0,0.006898
420400.0,0.006855
420500.0,0.006803
420600.0,0.006742
420700.0,0.006673
420800.0,0.006595
420900.0,0.006508
421000.0,0.006413
421100.0,0.00631
421200.0,0.006197
421300.0,0.006076
421400.0,0.005947
421500.0,0.005809
421600.0,0.005664
421700.0,0.005511
421800.0,0.005352
421900.0,0.005186
422000.0,0.005014
422100.0,0.004839
422200.0,0.004659
422300.0,0.004474
422400.0,0.004285
422500.0,0.004091
422600.0,0.003894
422700.0,0.003692
422800.0,0.003487
422900.0,0.003278
423000.0,0.003065
423100.0,0.002846
423200.0,0.002624
423300.0,0.0024
423400.0,0.002175
423500.0,0.001948
423600.0,0.001721
423700.0,0.001495
423800.0,0.001269
423900.0,0.001044
424000.0,0.000821
424100.0,0.000602
424200.0,0.000385
424300.0,0.00017
424400.0,-4.2e-05
424500.0,-0.000253
424600.0,-0.000462
424700.0,-0.000669
424800.0,-0.000873
424900.0,-0.001074
425000.0,-0.001273
425100.0,-0.001469
425200.0,-0.001661
425300.0,-0.001848
425400.0,-0.00203
425500.0,-0.002206
425600.0,-0.002376
425700.0,-0.00254
425800.0,-0.002697
425900.0,-0.002846
426000.0,-0.002989
426100.0,-0.003124
426200.0,-0.003253
426300.0,-0.003374
426400.0,-0.003487
426500.0,-0.003593
426600.0,-0.003691
426700.0,-0.003781
426800.0,-0.003863
426900.0,-0.003937
427000.0,-0.004002
427100.0,-0.004059
427200.0,-0.004108
427300.0,-0.004149
427400.0,-0.004181
427500.0,-0.004205
427600.0,-0.004219
427700.0,-0.004225
427800.0,-0.004222
427900.0,-0.00421
428000.0,-0.004188
428100.0,-0.004154
428200.0,-0.004111
428300.0,-0.004058
428400.0,-0.003996
428500.0,-0.003925
428600.0,-0.003845
428700.0,-0.003757
428800.0,-0.003661
428900.0,-0.003557
429000.0,-0.003445
429100.0,-0.00333
429200.0,-0.003208
429300.0,-0.003078
429400.0,-0.002941
429500.0,-0.002796
429600.0,-0.002643
429700.0,-0.002481
429800.0,-0.002312
429900.0,-0.002134
430000.0,-0.001949
430100.0,-0.001752
430200.0,-0.001549
430300.0,-0.001338
430400.0,-0.001123
430500.0,-0.000902
430600.0,-0.000677
430700.0,-0.000448
430800.0,-0.000216
430900.0,1.8e-05
431000.0,0.000255
431100.0,0.000491
431200.0,0.00073
431300.0,0.00097
431400.0,0.001212
431500.0,0.001456
431600.0,0.001702
431700.0,0.00195
431800.0,0.002199
431900.0,0.00245
432000.0,0.002703
432100.0,0.002957
432200.0,0.003212
432300.0,0.003467
432400.0,0.003721
432500.0,0.003974
432600.0,0.004225
432700.0,0.004475
432800.0,0.004721
432900.0,0.004964
433000.0,0.005202
433100.0,0.005435
433200.0,0.005663
433300.0,0.005885
433400.0,0.006102
433500.0,0.006311
433600.0,0.006515
433700.0,0.006711
433800.0,0.006901
433900.0,0.007083
434000.0,0.007259
434100.0,0.007429
434200.0,0.007592
434300.0,0.007748
434400.0,0.007897
434500.0,0.008037
434600.0,0.00817
434700.0,0.008293
434800.0,0.008407
434900.0,0.008512
435000.0,0.008606
435100.0,0.008686
435200.0,0.008756
435300.0,0.008813
435400.0,0.00886
435500.0,0.008895
435600.0,0.008918
435700.0,0.008929
435800.0,0.008929
435900.0,0.008918
436000.0,0.008895
436100.0,0.008863
436200.0,0.008819
436300.0,0.008764
436400.0,0.008696
436500.0,0.008616
436600.0,0.008524
436700.0,0.008419
436800.0,0.008302
436900.0,0.008172
437000.0,0.008029
437100.0,0.007873
437200.0,0.007704
437300.0,0.007523
437400.0,0.00733
437500.0,0.007125
437600.0,0.006908
437700.0,0.00668
437800.0,0.00644
437900.0,0.006188
438000.0,0.005925
438100.0,0.00565
438200.0,0.005364
438300.0,0.005068
438400.0,0.004761
438500.0,0.004445
438600.0,0.004119
438700.0,0.003784
438800.0,0.00344
438900.0,0.003087
439000.0,0.002727
439100.0,0.002359
439200.0,0.001983
439300.0,0.0016
439400.0,0.001209
439500.0,0.000812
439600.0,0.000407
439700.0,-4e-06
439800.0,-0.000421
439900.0,-0.000843
440000.0,-0.001271
440100.0,-0.001702
440200.0,-0.002136
440300.0,-0.002573
440400.0,-0.003012
440500.0,-0.003452
440600.0,-0.003894
440700.0,-0.004337
440800.0,-0.00478
440900.0,-0.005223
441000.0,-0.005666
441100.0,-0.00611
441200.0,-0.006554
441300.0,-0.006996
441400.0,-0.007436
441500.0,-0.007874
441600.0,-0.008308
441700.0,-0.008738
441800.0,-0.009163
441900.0,-0.009582
442000.0,-0.009995
442100.0,-0.010399
442200.0,-0.010794
442300.0,-0.011182
442400.0,-0.011562
442500.0,-0.011933
442600.0,-0.012294
442700.0,-0.012647
442800.0,-0.01299
442900.0,-0.013323
443000.0,-0.013645
443100.0,-0.013959
443200.0,-0.014261
443300.0,-0.014551
443400.0,-0.014829
443500.0,-0.015093
443600.0,-0.015343
443700.0,-0.015579
443800.0,-0.015799
443900.0,-0.016005
444000.0,-0.016195
444100.0,-0.016368
444200.0,-0.016526
444300.0,-0.016666
444400.0,-0.01679
444500.0,-0.016897
444600.0,-0.016986
444700.0,-0.017058
444800.0,-0.017113
444900.0,-0.017149
445000.0,-0.017168
445100.0,-0.017167
445200.0,-0.017149
445300.0,-0.017113
445400.0,-0.017058
445500.0,-0.016985
445600.0,-0.016894
445700.0,-0.016784
445800.0,-0.016655
445900.0,-0.016507
446000.0,-0.016341
446100.0,-0.016154
446200.0,-0.015948
446300.0,-0.015723
446400.0,-0.015478
446500.0,-0.015214
446600.0,-0.014931
446700.0,-0.01463
446800.0,-0.014311
446900.0,-0.013974
447000.0,-0.01362
447100.0,-0.013252
447200.0,-0.012867
447300.0,-0.012467
447400.0,-0.012051
447500.0,-0.01162
447600.0,-0.011172
447700.0,-0.01071
447800.0,-0.010232
447900.0,-0.009739
448000.0,-0.009231
448100.0,-0.008705
448200.0,-0.008164
448300.0,-0.007611
448400.0,-0.007044
448500.0,-0.006466
448600.0,-0.005877
448700.0,-0.005278
448800.0,-0.00467
448900.0,-0.004053
449000.0,-0.003428
449100.0,-0.002799
449200.0,-0.002164
449300.0,-0.001522
449400.0,-0.000874
449500.0,-0.00022
449600.0,0.000438
449700.0,0.001102
449800.0,0.00177
449900.0,0.002441
450000.0,0.003116
450100.0,0.003795
450200.0,0.004474
450300.0,0.005155
450400.0,0.005834
450500.0,0.006512
450600.0,0.007188
450700.0,0.00786
450800.0,0.008528
450900.0,0.009191
451000.0,0.009848
451100.0,0.010497
451200.0,0.01114
451300.0,0.011774
451400.0,0.012401
451500.0,0.013018
451600.0,0.013627
451700.0,0.014226
451800.0,0.014815
451900.0,0.015394
452000.0,0.015961
452100.0,0.016518
452200.0,0.017063
452300.0,0.017596
452400.0,0.018114
452500.0,0.018618
452600.0,0.019107
452700.0,0.019579
452800.0,0.020035
452900.0,0.020473
453000.0,0.020893
453100.0,0.021291
453200.0,0.021669
453300.0,0.022027
453400.0,0.022364
453500.0,0.022681
453600.0,0.022978
453700.0,0.023253
453800.0,0.023508
453900.0,0.023742
454000.0,0.023955
454100.0,0.02415
454200.0,0.024324
454300.0,0.024476
454400.0,0.024605
454500.0,0.024712
454600.0,0.024796
454700.0,0.024857
454800.0,0.024894
454900.0,0.024906
455000.0,0.024895
455100.0,0.024856
455200.0,0.024793
455300.0,0.024705
455400.0,0.024594
455500.0,0.024458
455600.0,0.024299
455700.0,0.024117
455800.0,0.023911
455900.0,0.023682
456000.0,0.023431
456100.0,0.023157
456200.0,0.022861
456300.0,0.022543
456400.0,0.022202
456500.0,0.021839
456600.0,0.021454
456700.0,0.021048
456800.0,0.02062
456900.0,0.020172
457000.0,0.019702
457100.0,0.019213
457200.0,0.018705
457300.0,0.018176
457400.0,0.017629
457500.0,0.017063
457600.0,0.01648
457700.0,0.015878
457800.0,0.01526
457900.0,0.014625
458000.0,0.013974
458100.0,0.013307
458200.0,0.012626
458300.0,0.01193
458400.0,0.011222
458500.0,0.010501
458600.0,0.009768
458700.0,0.009024
458800.0,0.00827
458900.0,0.007505
459000.0,0.006731
459100.0,0.005949
459200.0,0.005159
459300.0,0.004361
459400.0,0.003557
459500.0,0.002746
459600.0,0.00193
459700.0,0.001108
459800.0,0.000283
459900.0,-0.000546
460000.0,-0.001378
460100.0,-0.002213
460200.0,-0.003048
460300.0,-0.003884
460400.0,-0.00472
460500.0,-0.005555
460600.0,-0.006388
460700.0,-0.007218
460800.0,-0.008044
460900.0,-0.008866
461000.0,-0.009682
461100.0,-0.01049
461200.0,-0.011291
461300.0,-0.012083
461400.0,-0.012867
461500.0,-0.013641
461600.0,-0.014406
461700.0,-0.015159
461800.0,-0.015902
461900.0,-0.016634
462000.0,-0.017354
462100.0,-0.018065
462200.0,-0.018763
462300.0,-0.019448
462400.0,-0.02012
462500.0,-0.020778
462600.0,-0.021421
462700.0,-0.022048
462800.0,-0.022659
462900.0,-0.023252
463000.0,-0.023827
463100.0,-0.024381
463200.0,-0.024914
463300.0,-0.025428
463400.0,-0.025921
463500.0,-0.026392
463600.0,-0.026841
463700.0,-0.027269
463800.0,-0.027674
463900.0,-0.028056
464000.0,-0.028416
464100.0,-0.028754
464200.0,-0.029069
464300.0,-0.02936
464400.0,-0.029628
464500.0,-0.029872
464600.0,-0.030091
464700.0,-0.030286
464800.0,-0.030456
464900.0,-0.030601
465000.0,-0.030721
465100.0,-0.030816
465200.0,-0.030885
465300.0,-0.030928
465400.0,-0.030946
465500.0,-0.030939
465600.0,-0.030906
465700.0,-0.030847
465800.0,-0.030763
465900.0,-0.030654
466000.0,-0.030518
466100.0,-0.030358
466200.0,-0.030172
466300.0,-0.029961
466400.0,-0.029724
466500.0,-0.029462
466600.0,-0.029175
466700.0,-0.028863
466800.0,-0.028525
466900.0,-0.028163
467000.0,-0.027775
467100.0,-0.027361
467200.0,-0.026923
467300.0,-0.02646
467400.0,-0.025973
467500.0,-0.025462
467600.0,-0.02493
467700.0,-0.024375
467800.0,-0.023799
467900.0,-0.023202
468000.0,-0.022587
468100.0,-0.021955
468200.0,-0.021305
468300.0,-0.020638
468400.0,-0.019954
468500.0,-0.019252
468600.0,-0.018534
468700.0,-0.0178
468800.0,-0.017048
468900.0,-0.016281
469000.0,-0.015497
469100.0,-0.014695
469200.0,-0.013876
469300.0,-0.013043
469400.0,-0.012196
469500.0,-0.011336
469600.0,-0.010464
469700.0,-0.009581
469800.0,-0.008687
469900.0,-0.007784
470000.0,-0.006873
470100.0,-0.005957
470200.0,-0.005034
470300.0,-0.004106
470400.0,-0.003173
470500.0,-0.002236
470600.0,-0.001295
470700.0,-0.000352
470800.0,0.000593
470900.0,0.00154
471000.0,0.002487
471100.0,0.003433
471200.0,0.004378
471300.0,0.005322
471400.0,0.006263
471500.0,0.007201
471600.0,0.008136
471700.0,0.009066
471800.0,0.009991
471900.0,0.01091
472000.0,0.011823
472100.0,0.01273
472200.0,0.013629
472300.0,0.014519
472400.0,0.015399
472500.0,0.016268
472600.0,0.017125
472700.0,0.017971
472800.0,0.018802
472900.0,0.01962
473000.0,0.020423
473100.0,0.021209
473200.0,0.021979
473300.0,0.022732
473400.0,0.023468
473500.0,0.024186
473600.0,0.024886
473700.0,0.025567
473800.0,0.026228
473900.0,0.026868
474000.0,0.027487
474100.0,0.028084
474200.0,0.028658
474300.0,0.029209
474400.0,0.029736
474500.0,0.030238
474600.0,0.030716
474700.0,0.031169
474800.0,0.031596
474900.0,0.031998
475000.0,0.032374
475100.0,0.032725
475200.0,0.033051
475300.0,0.033349
475400.0,0.033621
475500.0,0.033866
475600.0,0.034083
475700.0,0.034272
475800.0,0.034433
475900.0,0.034566
476000.0,0.034669
476100.0,0.034742
476200.0,0.034786
476300.0,0.034801
476400.0,0.034786
476500.0,0.034741
476600.0,0.034667
476700.0,0.034564
476800.0,0.034431
476900.0,0.034268
477000.0,0.034076
477100.0,0.033853
477200.0,0.033601
477300.0,0.033319
477400.0,0.033008
477500.0,0.032667
477600.0,0.032299
477700.0,0.031901
477800.0,0.031477
477900.0,0.031024
478000.0,0.030546
478100.0,0.030043
478200.0,0.029514
478300.0,0.02896
478400.0,0.028382
478500.0,0.027778
478600.0,0.027151
478700.0,0.0265
478800.0,0.025825
478900.0,0.025127
479000.0,0.024407
479100.0,0.023662
479200.0,0.022897
479300.0,0.02211
479400.0,0.021303
479500.0,0.020477
479600.0,0.019632
479700.0,0.018768
479800.0,0.017887
479900.0,0.016988
480000.0,0.016074
480100.0,0.015142
480200.0,0.014196
480300.0,0.013235
480400.0,0.012261
480500.0,0.011275
480600.0,0.010277
480700.0,0.009269
480800.0,0.008252
480900.0,0.007227
481000.0,0.006196
481100.0,0.005162
481200.0,0.004124
481300.0,0.003082
481400.0,0.002038
481500.0,0.000991
481600.0,-5.6e-05
481700.0,-0.001104
481800.0,-0.002152
481900.0,-0.0032
482000.0,-0.004246
482100.0,-0.005294
482200.0,-0.006338
482300.0,-0.007379
482400.0,-0.008415
482500.0,-0.009446
482600.0,-0.01047
482700.0,-0.011487
482800.0,-0.012494
482900.0,-0.013492
483000.0,-0.014479
483100.0,-0.015453
483200.0,-0.016414
483300.0,-0.017361
483400.0,-0.018294
483500.0,-0.019211
483600.0,-0.020112
483700.0,-0.020996
483800.0,-0.021861
483900.0,-0.022708
484000.0,-0.023535
484100.0,-0.02434
484200.0,-0.025125
484300.0,-0.025887
484400.0,-0.026627
484500.0,-0.027344
484600.0,-0.028037
484700.0,-0.028706
484800.0,-0.02935
484900.0,-0.029969
485000.0,-0.030563
485100.0,-0.031131
485200.0,-0.031673
485300.0,-0.032187
485400.0,-0.032673
485500.0,-0.033131
485600.0,-0.03356
485700.0,-0.03396
485800.0,-0.03433
485900.0,-0.034671
486000.0,-0.034981
486100.0,-0.035262
486200.0,-0.035512
486300.0,-0.035732
486400.0,-0.035922
486500.0,-0.036081
486600.0,-0.036208
486700.0,-0.036304
486800.0,-0.036369
486900.0,-0.036401
487000.0,-0.036401
487100.0,-0.036366
487200.0,-0.036298
487300.0,-0.036197
487400.0,-0.036063
487500.0,-0.035897
487600.0,-0.035699
487700.0,-0.035469
487800.0,-0.035208
487900.0,-0.034917
488000.0,-0.034596
488100.0,-0.034249
488200.0,-0.033874
488300.0,-0.03347
488400.0,-0.033038
488500.0,-0.032579
488600.0,-0.032092
488700.0,-0.031578
488800.0,-0.031037
488900.0,-0.030469
489000.0,-0.029875
489100.0,-0.029253
489200.0,-0.028604
489300.0,-0.027931
489400.0,-0.027233
489500.0,-0.026512
489600.0,-0.025767
489700.0,-0.025
489800.0,-0.024211
489900.0,-0.023402
490000.0,-0.022573
490100.0,-0.021725
490200.0,-0.020858
490300.0,-0.019974
490400.0,-0.019074
490500.0,-0.018157
490600.0,-0.017225
490700.0,-0.016279
490800.0,-0.01532
490900.0,-0.014348
491000.0,-0.013364
491100.0,-0.01237
491200.0,-0.011366
491300.0,-0.010352
491400.0,-0.009331
491500.0,-0.008301
491600.0,-0.007266
491700.0,-0.006224
491800.0,-0.005179
491900.0,-0.00413
492000.0,-0.003078
492100.0,-0.002026
492200.0,-0.000973
492300.0,7.9e-05
492400.0,0.00113
492500.0,0.002178
492600.0,0.003223
492700.0,0.004264
492800.0,0.005301
492900.0,0.006332
493000.0,0.007359
493100.0,0.00838
493200.0,0.009395
493300.0,0.010403
493400.0,0.011402
493500.0,0.012392
493600.0,0.013371
493700.0,0.014339
493800.0,0.015294
493900.0,0.016235
494000.0,0.017162
494100.0,0.018072
494200.0,0.018964
494300.0,0.019839
494400.0,0.020695
494500.0,0.021532
494600.0,0.022349
494700.0,0.023146
494800.0,0.023923
494900.0,0.024678
495000.0,0.025411
495100.0,0.026123
495200.0,0.026812
495300.0,0.027479
495400.0,0.028122
495500.0,0.028742
495600.0,0.029337
495700.0,0.029908
495800.0,0.030455
495900.0,0.030976
496000.0,0.031473
496100.0,0.031944
496200.0,0.032389
496300.0,0.032809
496400.0,0.033201
496500.0,0.033566
496600.0,0.033904
496700.0,0.034213
496800.0,0.034494
496900.0,0.034747
497000.0,0.034969
497100.0,0.035161
497200.0,0.035323
497300.0,0.035455
497400.0,0.035557
497500.0,0.035629
497600.0,0.035671
497700.0,0.035684
497800.0,0.035666
497900.0,0.03562
498000.0,0.035544
498100.0,0.035441
498200.0,0.035309
498300.0,0.035149
498400.0,0.034962
498500.0,0.034748
498600.0,0.034506
498700.0,0.034239
498800.0,0.033945
498900.0,0.033625
499000.0,0.033279
499100.0,0.032909
499200.0,0.032515
499300.0,0.032095
499400.0,0.03165
499500.0,0.031181
499600.0,0.030687
499700.0,0.030169
499800.0,0.029627
499900.0,0.029061
500000.0,0.028473
500100.0,0.027859
500200.0,0.027223
500300.0,0.026566
500400.0,0.025889
500500.0,0.025192
500600.0,0.024476
500700.0,0.023743
500800.0,0.022992
500900.0,0.022225
501000.0,0.021442
501100.0,0.020646
501200.0,0.019836
501300.0,0.019012
501400.0,0.018174
501500.0,0.017323
501600.0,0.01646
501700.0,0.015586
501800.0,0.014701
501900.0,0.013806
502000.0,0.012902
502100.0,0.01199
502200.0,0.01107
502300.0,0.010144
502400.0,0.009213
502500.0,0.008277
502600.0,0.007337
502700.0,0.006393
502800.0,0.005447
502900.0,0.0045
503000.0,0.00355
503100.0,0.0026
503200.0,0.001649
503300.0,0.000699
503400.0,-0.000251
503500.0,-0.001199
503600.0,-0.002144
503700.0,-0.003087
503800.0,-0.004026
503900.0,-0.00496
504000.0,-0.005889
504100.0,-0.006812
504200.0,-0.007728
504300.0,-0.008636
504400.0,-0.009534
504500.0,-0.010423
504600.0,-0.0113
504700.0,-0.012166
504800.0,-0.013019
504900.0,-0.013859
505000.0,-0.014685
505100.0,-0.015494
505200.0,-0.016288
505300.0,-0.017067
505400.0,-0.01783
505500.0,-0.018578
505600.0,-0.019309
505700.0,-0.020023
505800.0,-0.020721
505900.0,-0.021401
506000.0,-0.022065
506100.0,-0.022712
506200.0,-0.023341
506300.0,-0.023951
506400.0,-0.024542
506500.0,-0.025112
506600.0,-0.025661
506700.0,-0.026189
506800.0,-0.026695
506900.0,-0.027179
507000.0,-0.02764
507100.0,-0.028076
507200.0,-0.02849
507300.0,-0.02888
507400.0,-0.029247
507500.0,-0.02959
507600.0,-0.029909
507700.0,-0.030204
507800.0,-0.030475
507900.0,-0.030722
508000.0,-0.030944
508100.0,-0.03114
508200.0,-0.031311
508300.0,-0.031457
508400.0,-0.031577
508500.0,-0.031672
508600.0,-0.031741
508700.0,-0.031786
508800.0,-0.031805
508900.0,-0.031801
509000.0,-0.031772
509100.0,-0.03172
509200.0,-0.031645
509300.0,-0.031548
509400.0,-0.031427
509500.0,-0.031284
509600.0,-0.031118
509700.0,-0.03093
509800.0,-0.030719
509900.0,-0.030487
510000.0,-0.030232
510100.0,-0.029955
510200.0,-0.029656
510300.0,-0.029335
510400.0,-0.028992
510500.0,-0.028628
510600.0,-0.028243
510700.0,-0.027836
510800.0,-0.027409
510900.0,-0.026961
511000.0,-0.026492
511100.0,-0.026002
511200.0,-0.025493
511300.0,-0.024966
511400.0,-0.024421
511500.0,-0.023858
511600.0,-0.02328
511700.0,-0.022687
511800.0,-0.02208
511900.0,-0.021459
512000.0,-0.020826
512100.0,-0.020184
512200.0,-0.019531
512300.0,-0.018867
512400.0,-0.018193
512500.0,-0.017508
512600.0,-0.016814
512700.0,-0.01611
512800.0,-0.015397
512900.0,-0.014675
513000.0,-0.013944
513100.0,-0.013203
513200.0,-0.012455
513300.0,-0.0117
513400.0,-0.010938
513500.0,-0.01017
513600.0,-0.009397
513700.0,-0.00862
513800.0,-0.007838
513900.0,-0.007053
514000.0,-0.006265
514100.0,-0.005474
514200.0,-0.004681
514300.0,-0.003888
514400.0,-0.003095
514500.0,-0.002303
514600.0,-0.001513
514700.0,-0.000726
514800.0,5.7e-05
514900.0,0.000835
515000.0,0.001607
515100.0,0.002371
515200.0,0.003127
515300.0,0.003876
515400.0,0.004618
515500.0,0.005352
515600.0,0.006078
515700.0,0.006796
515800.0,0.007506
515900.0,0.008207
516000.0,0.0089
516100.0,0.009588
516200.0,0.010265
516300.0,0.010934
516400.0,0.011592
516500.0,0.012239
516600.0,0.012875
516700.0,0.013499
516800.0,0.01411
516900.0,0.014709
517000.0,0.015294
517100.0,0.015865
517200.0,0.016421
517300.0,0.016962
517400.0,0.017488
517500.0,0.017998
517600.0,0.018492
517700.0,0.018969
517800.0,0.019428
517900.0,0.019871
518000.0,0.020296
518100.0,0.020701
518200.0,0.021088
518300.0,0.021457
518400.0,0.021807
518500.0,0.02214
518600.0,0.022455
518700.0,0.022753
518800.0,0.023033
518900.0,0.023295
519000.0,0.02354
519100.0,0.023769
519200.0,0.023981
519300.0,0.024176
519400.0,0.024352
519500.0,0.024511
519600.0,0.024652
519700.0,0.024774
519800.0,0.024879
519900.0,0.024965
520000.0,0.025034
520100.0,0.025084
520200.0,0.025116
520300.0,0.025131
520400.0,0.025129
520500.0,0.025108
520600.0,0.025071
520700.0,0.025016
520800.0,0.024943
520900.0,0.024853
521000.0,0.024745
521100.0,0.024619
521200.0,0.024475
521300.0,0.024313
521400.0,0.024135
521500.0,0.02394
521600.0,0.023728
521700.0,0.023501
521800.0,0.023259
521900.0,0.023002
522000.0,0.022731
522100.0,0.022447
522200.0,0.022151
522300.0,0.021842
522400.0,0.021521
522500.0,0.021188
522600.0,0.020844
522700.0,0.020489
522800.0,0.020124
522900.0,0.019748
523000.0,0.019362
523100.0,0.018968
523200.0,0.018563
523300.0,0.018149
523400.0,0.017725
523500.0,0.017291
523600.0,0.016847
523700.0,0.016393
523800.0,0.01593
523900.0,0.015458
524000.0,0.014976
524100.0,0.014481
524200.0,0.013979
524300.0,0.013468
524400.0,0.012951
524500.0,0.012428
524600.0,0.0119
524700.0,0.011368
524800.0,0.010832
524900.0,0.010294
525000.0,0.009754
525100.0,0.009216
525200.0,0.008677
525300.0,0.008136
525400.0,0.007595
525500.0,0.007052
525600.0,0.006508
525700.0,0.005964
525800.0,0.005418
525900.0,0.004871
526000.0,0.004324
526100.0,0.003774
526200.0,0.003224
526300.0,0.002674
526400.0,0.002125
526500.0,0.001577
526600.0,0.001031
526700.0,0.000486
526800.0,-5.6e-05
526900.0,-0.000596
527000.0,-0.001134
527100.0,-0.001669
527200.0,-0.002202
527300.0,-0.002731
527400.0,-0.003256
527500.0,-0.003778
527600.0,-0.004296
527700.0,-0.004809
527800.0,-0.005317
527900.0,-0.005819
528000.0,-0.006316
528100.0,-0.006805
528200.0,-0.007287
528300.0,-0.007762
528400.0,-0.00823
528500.0,-0.00869
528600.0,-0.009143
528700.0,-0.009587
528800.0,-0.010024
528900.0,-0.010453
529000.0,-0.010874
529100.0,-0.011286
529200.0,-0.011691
529300.0,-0.012089
529400.0,-0.012479
529500.0,-0.012861
529600.0,-0.013237
529700.0,-0.013605
529800.0,-0.013966
529900.0,-0.014319
530000.0,-0.014666
530100.0,-0.015007
530200.0,-0.015341
530300.0,-0.015666
530400.0,-0.015983
530500.0,-0.01629
530600.0,-0.016588
530700.0,-0.016875
530800.0,-0.017152
530900.0,-0.017417
531000.0,-0.017671
531100.0,-0.01791
531200.0,-0.018138
531300.0,-0.018354
531400.0,-0.01856
531500.0,-0.018754
531600.0,-0.018938
531700.0,-0.019112
531800.0,-0.019276
531900.0,-0.01943
532000.0,-0.019574
532100.0,-0.019711
532200.0,-0.019839
532300.0,-0.019956
532400.0,-0.020065
532500.0,-0.020163
532600.0,-0.020252
532700.0,-0.020331
532800.0,-0.0204
532900.0,-0.020459
533000.0,-0.020508
533100.0,-0.020548
533200.0,-0.020578
533300.0,-0.020598
533400.0,-0.020607
533500.0,-0.020606
533600.0,-0.020594
533700.0,-0.020572
533800.0,-0.020538
533900.0,-0.020493
534000.0,-0.020436
534100.0,-0.020365
534200.0,-0.020283
534300.0,-0.020189
534400.0,-0.020084
534500.0,-0.019967
534600.0,-0.01984
534700.0,-0.019702
534800.0,-0.019553
534900.0,-0.019394
535000.0,-0.019225
535100.0,-0.019048
535200.0,-0.018861
535300.0,-0.018664
535400.0,-0.018458
535500.0,-0.018243
535600.0,-0.018018
535700.0,-0.017783
535800.0,-0.017539
535900.0,-0.017286
536000.0,-0.017023
536100.0,-0.016751
536200.0,-0.01647
536300.0,-0.016179
536400.0,-0.01588
536500.0,-0.01557
536600.0,-0.015252
536700.0,-0.014924
536800.0,-0.014586
536900.0,-0.014239
537000.0,-0.013882
537100.0,-0.013515
537200.0,-0.013138
537300.0,-0.012752
537400.0,-0.012356
537500.0,-0.011951
537600.0,-0.011537
537700.0,-0.011114
537800.0,-0.010683
537900.0,-0.010243
538000.0,-0.009796
538100.0,-0.00934
538200.0,-0.008876
538300.0,-0.008406
538400.0,-0.007928
538500.0,-0.007445
538600.0,-0.006955
538700.0,-0.006461
538800.0,-0.005961
538900.0,-0.005456
539000.0,-0.004947
539100.0,-0.004437
539200.0,-0.003923
539300.0,-0.003404
539400.0,-0.002882
539500.0,-0.002355
539600.0,-0.001823
539700.0,-0.001286
539800.0,-0.000743
539900.0,-0.000196
540000.0,0.000358
540100.0,0.000921
540200.0,0.00149
540300.0,0.002064
540400.0,0.002642
540500.0,0.003223
540600.0,0.003806
540700.0,0.004391
540800.0,0.004976
540900.0,0.005562
541000.0,0.006147
541100.0,0.006726
541200.0,0.007303
541300.0,0.007878
541400.0,0.008451
541500.0,0.009021
541600.0,0.009589
541700.0,0.010154
541800.0,0.010717
541900.0,0.011277
542000.0,0.011834
542100.0,0.01239
542200.0,0.012942
542300.0,0.013491
542400.0,0.014036
542500.0,0.014577
542600.0,0.015114
542700.0,0.015645
542800.0,0.016172
542900.0,0.016693
543000.0,0.017207
543100.0,0.017716
543200.0,0.018218
543300.0,0.018713
543400.0,0.0192
543500.0,0.019679
543600.0,0.020149
543700.0,0.020611
543800.0,0.021062
543900.0,0.021503
544000.0,0.021934
544100.0,0.022353
544200.0,0.022761
544300.0,0.023156
544400.0,0.023539
544500.0,0.023909
544600.0,0.024265
544700.0,0.024607
544800.0,0.024935
544900.0,0.025248
545000.0,0.025546
545100.0,0.025828
545200.0,0.026094
545300.0,0.026345
545400.0,0.026581
545500.0,0.026801
545600.0,0.027007
545700.0,0.027197
545800.0,0.027372
545900.0,0.027531
546000.0,0.027675
546100.0,0.027807
546200.0,0.027923
546300.0,0.028022
546400.0,0.028105
546500.0,0.028169
546600.0,0.028215
546700.0,0.028242
546800.0,0.028249
546900.0,0.028236
547000.0,0.028203
547100.0,0.028146
547200.0,0.028068
547300.0,0.027969
547400.0,0.02785
547500.0,0.02771
547600.0,0.027549
547700.0,0.027369
547800.0,0.027168
547900.0,0.026948
548000.0,0.026708
548100.0,0.026451
548200.0,0.026173
548300.0,0.025877
548400.0,0.025561
548500.0,0.025225
548600.0,0.02487
548700.0,0.024496
548800.0,0.024103
548900.0,0.02369
549000.0,0.023259
549100.0,0.022809
549200.0,0.022341
549300.0,0.021854
549400.0,0.021349
549500.0,0.020825
549600.0,0.020284
549700.0,0.019724
549800.0,0.019147
549900.0,0.018552
550000.0,0.017939
550100.0,0.017308
550200.0,0.01666
550300.0,0.015995
550400.0,0.015314
550500.0,0.014616
550600.0,0.013902
550700.0,0.013173
550800.0,0.012428
550900.0,0.01167
551000.0,0.010897
551100.0,0.01011
551200.0,0.009311
551300.0,0.0085
551400.0,0.007677
551500.0,0.006844
551600.0,0.006001
551700.0,0.005149
551800.0,0.004288
551900.0,0.00342
552000.0,0.002545
552100.0,0.001666
552200.0,0.00078
552300.0,-0.00011
552400.0,-0.001007
552500.0,-0.001907
552600.0,-0.002813
552700.0,-0.003722
552800.0,-0.004635
552900.0,-0.005551
553000.0,-0.00647
553100.0,-0.007393
553200.0,-0.008317
553300.0,-0.009242
553400.0,-0.010167
553500.0,-0.01109
553600.0,-0.012011
553700.0,-0.012929
553800.0,-0.013843
553900.0,-0.014752
554000.0,-0.015656
554100.0,-0.016552
554200.0,-0.017442
554300.0,-0.018324
554400.0,-0.019197
554500.0,-0.020061
554600.0,-0.020914
554700.0,-0.021756
554800.0,-0.022587
554900.0,-0.023404
555000.0,-0.024208
555100.0,-0.024996
555200.0,-0.02577
555300.0,-0.026527
555400.0,-0.027267
555500.0,-0.02799
555600.0,-0.028695
555700.0,-0.029381
555800.0,-0.030049
555900.0,-0.030697
556000.0,-0.031326
556100.0,-0.031934
556200.0,-0.032521
556300.0,-0.033088
556400.0,-0.033632
556500.0,-0.034155
556600.0,-0.034654
556700.0,-0.03513
556800.0,-0.035583
556900.0,-0.03601
557000.0,-0.036412
557100.0,-0.03679
557200.0,-0.037142
557300.0,-0.037465
557400.0,-0.03776
557500.0,-0.038026
557600.0,-0.038262
557700.0,-0.038467
557800.0,-0.038641
557900.0,-0.038783
558000.0,-0.038892
558100.0,-0.038965
558200.0,-0.039006
558300.0,-0.039014
558400.0,-0.03899
558500.0,-0.038934
558600.0,-0.038846
558700.0,-0.038727
558800.0,-0.038578
558900.0,-0.038397
559000.0,-0.038187
559100.0,-0.03795
559200.0,-0.037683
559300.0,-0.037385
559400.0,-0.037056
559500.0,-0.036696
559600.0,-0.036305
559700.0,-0.035881
559800.0,-0.035426
559900.0,-0.034939
560000.0,-0.034419
560100.0,-0.033865
560200.0,-0.033278
560300.0,-0.03266
560400.0,-0.032011
560500.0,-0.031331
560600.0,-0.03062
560700.0,-0.02988
560800.0,-0.029111
560900.0,-0.028313
561000.0,-0.027488
561100.0,-0.026635
561200.0,-0.025756
561300.0,-0.024851
561400.0,-0.023922
561500.0,-0.022968
561600.0,-0.021991
561700.0,-0.020992
561800.0,-0.019971
561900.0,-0.018929
562000.0,-0.017867
562100.0,-0.016786
562200.0,-0.015687
562300.0,-0.01457
562400.0,-0.013437
562500.0,-0.012287
562600.0,-0.011123
562700.0,-0.009944
562800.0,-0.008753
562900.0,-0.007549
563000.0,-0.006334
563100.0,-0.005111
563200.0,-0.003878
563300.0,-0.002638
563400.0,-0.00139
563500.0,-0.000136
563600.0,0.001123
563700.0,0.002388
563800.0,0.003656
563900.0,0.004927
564000.0,0.0062
564100.0,0.007478
564200.0,0.008755
564300.0,0.010031
564400.0,0.011303
564500.0,0.012571
564600.0,0.013831
564700.0,0.015083
564800.0,0.016326
564900.0,0.017556
565000.0,0.018773
565100.0,0.019971
565200.0,0.021154
565300.0,0.02232
565400.0,0.023469
565500.0,0.0246
565600.0,0.025712
565700.0,0.026804
565800.0,0.027877
565900.0,0.028928
566000.0,0.029958
566100.0,0.030968
566200.0,0.031955
566300.0,0.032918
566400.0,0.033854
566500.0,0.034765
566600.0,0.035648
566700.0,0.036503
566800.0,0.037329
566900.0,0.038124
567000.0,0.038888
567100.0,0.039621
567200.0,0.04032
567300.0,0.040986
567400.0,0.041617
567500.0,0.042212
567600.0,0.042771
567700.0,0.043292
567800.0,0.043776
567900.0,0.04422
568000.0,0.044625
568100.0,0.044989
568200.0,0.045311
568300.0,0.045594
568400.0,0.045835
568500.0,0.046035
568600.0,0.046194
568700.0,0.046312
568800.0,0.046389
568900.0,0.046424
569000.0,0.046419
569100.0,0.046371
569200.0,0.046283
569300.0,0.046155
569400.0,0.045985
569500.0,0.045776
569600.0,0.045526
569700.0,0.045237
569800.0,0.044908
569900.0,0.04454
570000.0,0.044133
570100.0,0.043691
570200.0,0.04321
570300.0,0.042691
570400.0,0.042133
570500.0,0.041536
570600.0,0.040901
570700.0,0.040227
570800.0,0.039515
570900.0,0.038764
571000.0,0.037976
571100.0,0.037146
571200.0,0.03628
571300.0,0.035379
571400.0,0.034445
571500.0,0.033478
571600.0,0.032481
571700.0,0.031454
571800.0,0.030399
571900.0,0.029317
572000.0,0.02821
572100.0,0.027081
572200.0,0.02593
572300.0,0.024755
572400.0,0.023559
572500.0,0.022341
572600.0,0.021104
572700.0,0.019847
572800.0,0.018572
572900.0,0.017279
573000.0,0.01597
573100.0,0.014646
573200.0,0.013308
573300.0,0.011957
573400.0,0.010595
573500.0,0.009222
573600.0,0.007839
573700.0,0.006447
573800.0,0.005048
573900.0,0.003642
574000.0,0.002231
574100.0,0.000813
574200.0,-0.000608
574300.0,-0.002031
574400.0,-0.003453
574500.0,-0.004874
574600.0,-0.006293
574700.0,-0.007706
574800.0,-0.009113
574900.0,-0.010513
575000.0,-0.011904
575100.0,-0.013282
575200.0,-0.014648
575300.0,-0.016001
575400.0,-0.01734
575500.0,-0.018665
575600.0,-0.019973
575700.0,-0.021264
575800.0,-0.022537
575900.0,-0.023792
576000.0,-0.025026
576100.0,-0.026239
576200.0,-0.027431
576300.0,-0.028601
576400.0,-0.029747
576500.0,-0.03087
576600.0,-0.031968
576700.0,-0.033042
576800.0,-0.034089
576900.0,-0.035109
577000.0,-0.036102
577100.0,-0.037069
577200.0,-0.038007
577300.0,-0.038914
577400.0,-0.039789
577500.0,-0.040631
577600.0,-0.04144
577700.0,-0.042213
577800.0,-0.042951
577900.0,-0.043653
578000.0,-0.044317
578100.0,-0.044942
578200.0,-0.045528
578300.0,-0.046077
578400.0,-0.046587
578500.0,-0.047059
578600.0,-0.047492
578700.0,-0.047886
578800.0,-0.048242
578900.0,-0.048559
579000.0,-0.048837
579100.0,-0.049076
579200.0,-0.049275
579300.0,-0.049434
579400.0,-0.049554
579500.0,-0.049634
579600.0,-0.049675
579700.0,-0.049676
579800.0,-0.049638
579900.0,-0.049561
580000.0,-0.049445
580100.0,-0.049293
580200.0,-0.049102
580300.0,-0.048872
580400.0,-0.048605
580500.0,-0.048299
580600.0,-0.047954
580700.0,-0.047571
580800.0,-0.04715
580900.0,-0.04669
581000.0,-0.046193
581100.0,-0.045655
581200.0,-0.04508
581300.0,-0.044468
581400.0,-0.04382
581500.0,-0.043137
581600.0,-0.042419
581700.0,-0.041668
581800.0,-0.040884
581900.0,-0.040068
582000.0,-0.03922
582100.0,-0.038344
582200.0,-0.037438
582300.0,-0.036503
582400.0,-0.035541
582500.0,-0.034552
582600.0,-0.033537
582700.0,-0.032496
582800.0,-0.031431
582900.0,-0.030343
583000.0,-0.029232
583100.0,-0.0281
583200.0,-0.026948
583300.0,-0.025775
583400.0,-0.024583
583500.0,-0.023372
583600.0,-0.022144
583700.0,-0.020898
583800.0,-0.019636
583900.0,-0.018359
584000.0,-0.017067
584100.0,-0.015761
584200.0,-0.014442
584300.0,-0.013112
584400.0,-0.011771
584500.0,-0.010421
584600.0,-0.009063
584700.0,-0.007698
584800.0,-0.006326
584900.0,-0.00495
585000.0,-0.00357
585100.0,-0.002187
585200.0,-0.000802
585300.0,0.000582
585400.0,0.001965
585500.0,0.003346
585600.0,0.004723
585700.0,0.006094
585800.0,0.007459
585900.0,0.008816
586000.0,0.010164
586100.0,0.011498
586200.0,0.012822
586300.0,0.014135
586400.0,0.015436
586500.0,0.016724
586600.0,0.018
586700.0,0.019262
586800.0,0.02051
586900.0,0.021744
587000.0,0.022963
587100.0,0.02417
587200.0,0.02536
587300.0,0.026532
587400.0,0.027685
587500.0,0.028817
587600.0,0.029927
587700.0,0.031013
587800.0,0.032075
587900.0,0.033111
588000.0,0.03412
588100.0,0.035097
588200.0,0.036046
588300.0,0.036966
588400.0,0.037856
588500.0,0.038715
588600.0,0.039544
588700.0,0.040342
588800.0,0.041109
588900.0,0.041844
589000.0,0.042547
589100.0,0.043219
589200.0,0.043858
589300.0,0.044464
589400.0,0.045036
589500.0,0.045574
589600.0,0.046078
589700.0,0.046547
589800.0,0.046981
589900.0,0.047379
590000.0,0.047741
590100.0,0.048066
590200.0,0.048355
590300.0,0.048607
590400.0,0.048822
590500.0,0.049
590600.0,0.049141
590700.0,0.049244
590800.0,0.04931
590900.0,0.049339
591000.0,0.049331
591100.0,0.049286
591200.0,0.049204
591300.0,0.049084
591400.0,0.048926
591500.0,0.048731
591600.0,0.048497
591700.0,0.048225
591800.0,0.047916
591900.0,0.047568
592000.0,0.047183
592100.0,0.046758
592200.0,0.046297
592300.0,0.045799
592400.0,0.045267
592500.0,0.0447
592600.0,0.0441
592700.0,0.043467
592800.0,0.042803
592900.0,0.042108
593000.0,0.041382
593100.0,0.040631
593200.0,0.039851
593300.0,0.039041
593400.0,0.038203
593500.0,0.037337
593600.0,0.036442
593700.0,0.03552
593800.0,0.03457
593900.0,0.033593
594000.0,0.032589
594100.0,0.031557
594200.0,0.030499
594300.0,0.029417
594400.0,0.028311
594500.0,0.027184
594600.0,0.026035
594700.0,0.024867
594800.0,0.02368
594900.0,0.022475
595000.0,0.021254
595100.0,0.020019
595200.0,0.01877
595300.0,0.017508
595400.0,0.016234
595500.0,0.014949
595600.0,0.013653
595700.0,0.012349
595800.0,0.011036
595900.0,0.009715
596000.0,0.008388
596100.0,0.007055
596200.0,0.005717
596300.0,0.004375
596400.0,0.003031
596500.0,0.001686
596600.0,0.00034
596700.0,-0.001006
596800.0,-0.002349
596900.0,-0.00369
597000.0,-0.005026
597100.0,-0.006356
597200.0,-0.007679
597300.0,-0.008995
597400.0,-0.010303
597500.0,-0.011602
597600.0,-0.012891
597700.0,-0.014169
597800.0,-0.015436
597900.0,-0.01669
598000.0,-0.017931
598100.0,-0.01916
598200.0,-0.020374
598300.0,-0.021572
598400.0,-0.022752
598500.0,-0.023913
598600.0,-0.025054
598700.0,-0.026174
598800.0,-0.027271
598900.0,-0.028344
599000.0,-0.029393
599100.0,-0.030413
599200.0,-0.031406
599300.0,-0.032373
599400.0,-0.033311
599500.0,-0.034222
599600.0,-0.035103
599700.0,-0.035956
599800.0,-0.036779
599900.0,-0.037573
600000.0,-0.038336
600100.0,-0.039069
600200.0,-0.039772
600300.0,-0.040443
600400.0,-0.041081
600500.0,-0.041687
600600.0,-0.04226
600700.0,-0.042799
600800.0,-0.043304
600900.0,-0.043775
601000.0,-0.04421
601100.0,-0.04461
601200.0,-0.044974
601300.0,-0.045302
601400.0,-0.045591
601500.0,-0.045843
601600.0,-0.046057
601700.0,-0.046232
601800.0,-0.046368
601900.0,-0.046465
602000.0,-0.046524
602100.0,-0.046541
602200.0,-0.04652
602300.0,-0.046461
602400.0,-0.046363
602500.0,-0.046229
602600.0,-0.046056
602700.0,-0.045848
602800.0,-0.045602
602900.0,-0.045321
603000.0,-0.045004
603100.0,-0.044652
603200.0,-0.044264
603300.0,-0.043842
603400.0,-0.043385
603500.0,-0.042894
603600.0,-0.04237
603700.0,-0.041812
603800.0,-0.041221
603900.0,-0.040598
604000.0,-0.039944
604100.0,-0.039259
604200.0,-0.038544
604300.0,-0.037799
604400.0,-0.037024
604500.0,-0.036219
604600.0,-0.035385
604700.0,-0.034522
604800.0,-0.033631
604900.0,-0.032713
605000.0,-0.031768
605100.0,-0.030794
605200.0,-0.029795
605300.0,-0.028773
605400.0,-0.027728
605500.0,-0.026662
605600.0,-0.025575
605700.0,-0.02447
605800.0,-0.023348
605900.0,-0.022209
606000.0,-0.021055
606100.0,-0.01989
606200.0,-0.018711
606300.0,-0.017519
606400.0,-0.016316
606500.0,-0.015103
606600.0,-0.013879
606700.0,-0.012646
606800.0,-0.011405
606900.0,-0.010157
607000.0,-0.008903
607100.0,-0.007642
607200.0,-0.006377
607300.0,-0.005109
607400.0,-0.003838
607500.0,-0.002566
607600.0,-0.001294
607700.0,-2.2e-05
607800.0,0.001248
607900.0,0.002515
608000.0,0.003778
608100.0,0.005037
608200.0,0.006289
608300.0,0.007534
608400.0,0.00877
608500.0,0.009997
608600.0,0.011212
608700.0,0.012416
608800.0,0.013608
608900.0,0.014785
609000.0,0.015948
609100.0,0.017096
609200.0,0.018227
609300.0,0.019342
609400.0,0.020438
609500.0,0.021515
609600.0,0.022572
609700.0,0.023608
609800.0,0.024622
609900.0,0.025613
610000.0,0.02658
610100.0,0.02752
610200.0,0.028434
610300.0,0.029322
610400.0,0.030185
610500.0,0.031021
610600.0,0.031831
610700.0,0.032614
610800.0,0.03337
610900.0,0.034099
611000.0,0.034801
611100.0,0.03548
611200.0,0.03613
611300.0,0.036751
611400.0,0.037342
611500.0,0.037901
611600.0,0.038429
611700.0,0.038923
611800.0,0.039384
611900.0,0.03981
612000.0,0.040202
612100.0,0.040553
612200.0,0.040869
612300.0,0.04115
612400.0,0.041396
612500.0,0.041607
612600.0,0.041784
612700.0,0.041926
612800.0,0.042035
612900.0,0.04211
613000.0,0.042152
613100.0,0.042162
613200.0,0.04214
613300.0,0.042085
613400.0,0.041997
613500.0,0.041877
613600.0,0.041725
613700.0,0.041541
613800.0,0.041324
613900.0,0.041075
614000.0,0.040795
614100.0,0.040484
614200.0,0.040141
614300.0,0.039768
614400.0,0.039363
614500.0,0.038928
614600.0,0.038463
614700.0,0.037968
614800.0,0.037444
614900.0,0.036891
615000.0,0.03631
615100.0,0.035701
615200.0,0.035065
615300.0,0.034402
615400.0,0.033714
615500.0,0.033001
615600.0,0.032263
615700.0,0.031502
615800.0,0.030718
615900.0,0.029911
616000.0,0.029083
616100.0,0.028231
616200.0,0.02736
616300.0,0.02647
616400.0,0.025562
616500.0,0.024637
616600.0,0.023696
616700.0,0.02274
616800.0,0.021771
616900.0,0.02079
617000.0,0.019796
617100.0,0.018796
617200.0,0.017786
617300.0,0.016766
617400.0,0.015736
617500.0,0.014698
617600.0,0.01365
617700.0,0.012594
617800.0,0.01153
617900.0,0.010459
618000.0,0.009381
618100.0,0.008292
618200.0,0.007199
618300.0,0.006103
618400.0,0.005004
618500.0,0.003904
618600.0,0.002804
618700.0,0.001706
618800.0,0.000611
618900.0,-0.000481
619000.0,-0.001567
619100.0,-0.002647
619200.0,-0.003719
619300.0,-0.004784
619400.0,-0.005841
619500.0,-0.00689
619600.0,-0.007929
619700.0,-0.008958
619800.0,-0.009976
619900.0,-0.010983
620000.0,-0.011978
620100.0,-0.012959
620200.0,-0.013927
620300.0,-0.014881
620400.0,-0.015822
620500.0,-0.016748
620600.0,-0.017658
620700.0,-0.018554
620800.0,-0.019434
620900.0,-0.020297
621000.0,-0.021144
621100.0,-0.021976
621200.0,-0.02279
621300.0,-0.023584
621400.0,-0.024359
621500.0,-0.025113
621600.0,-0.025845
621700.0,-0.026555
621800.0,-0.027243
621900.0,-0.027906
622000.0,-0.028546
622100.0,-0.029159
622200.0,-0.029748
622300.0,-0.030312
622400.0,-0.030851
622500.0,-0.031364
622600.0,-0.031852
622700.0,-0.032314
622800.0,-0.032751
622900.0,-0.033163
623000.0,-0.033549
623100.0,-0.033908
623200.0,-0.034243
623300.0,-0.034551
623400.0,-0.034834
623500.0,-0.035091
623600.0,-0.035322
623700.0,-0.035528
623800.0,-0.035707
623900.0,-0.035861
624000.0,-0.035988
624100.0,-0.03609
624200.0,-0.036165
624300.0,-0.036214
624400.0,-0.036236
624500.0,-0.036231
624600.0,-0.0362
624700.0,-0.036143
624800.0,-0.03606
624900.0,-0.035951
625000.0,-0.035816
625100.0,-0.035657
625200.0,-0.035473
625300.0,-0.035265
625400.0,-0.035032
625500.0,-0.034776
625600.0,-0.034495
625700.0,-0.034191
625800.0,-0.033864
625900.0,-0.033513
626000.0,-0.033139
626100.0,-0.03274
626200.0,-0.032318
626300.0,-0.031874
626400.0,-0.031409
626500.0,-0.030923
626600.0,-0.030418
626700.0,-0.029894
626800.0,-0.029351
626900.0,-0.028791
627000.0,-0.028214
627100.0,-0.027624
627200.0,-0.027019
627300.0,-0.026398
627400.0,-0.025762
627500.0,-0.025111
627600.0,-0.024446
627700.0,-0.023766
627800.0,-0.023072
627900.0,-0.022364
628000.0,-0.021642
628100.0,-0.020904
628200.0,-0.020154
628300.0,-0.019391
628400.0,-0.018617
628500.0,-0.017833
628600.0,-0.017038
628700.0,-0.016234
628800.0,-0.015422
628900.0,-0.014603
629000.0,-0.013777
629100.0,-0.012946
629200.0,-0.01211
629300.0,-0.01127
629400.0,-0.010426
629500.0,-0.00958
629600.0,-0.008731
629700.0,-0.00788
629800.0,-0.007027
629900.0,-0.006174
630000.0,-0.005321
630100.0,-0.004467
630200.0,-0.003614
630300.0,-0.002762
630400.0,-0.001911
630500.0,-0.001062
630600.0,-0.000214
630700.0,0.000631
630800.0,0.001472
630900.0,0.00231
631000.0,0.003143
631100.0,0.003971
631200.0,0.004793
631300.0,0.005609
631400.0,0.006418
631500.0,0.00722
631600.0,0.008013
631700.0,0.008799
631800.0,0.009576
631900.0,0.010344
632000.0,0.011102
632100.0,0.011853
632200.0,0.012594
632300.0,0.013324
632400.0,0.014042
632500.0,0.014749
632600.0,0.015443
632700.0,0.016123
632800.0,0.01679
632900.0,0.017443
633000.0,0.018081
633100.0,0.018701
633200.0,0.019305
633300.0,0.019894
633400.0,0.020467
633500.0,0.021025
633600.0,0.021567
633700.0,0.022093
633800.0,0.022604
633900.0,0.023099
634000.0,0.023578
634100.0,0.024044
634200.0,0.024494
634300.0,0.024928
634400.0,0.025345
634500.0,0.025745
634600.0,0.026128
634700.0,0.026494
634800.0,0.026841
634900.0,0.02717
635000.0,0.027481
635100.0,0.027772
635200.0,0.028044
635300.0,0.028297
635400.0,0.02853
635500.0,0.028744
635600.0,0.028938
635700.0,0.029112
635800.0,0.029266
635900.0,0.029401
636000.0,0.029517
636100.0,0.029612
636200.0,0.029689
636300.0,0.029747
636400.0,0.029786
636500.0,0.029807
636600.0,0.029811
636700.0,0.029796
636800.0,0.029764
636900.0,0.029714
637000.0,0.029646
637100.0,0.029562
637200.0,0.029459
637300.0,0.029339
637400.0,0.029202
637500.0,0.029047
637600.0,0.028874
637700.0,0.028684
637800.0,0.028476
637900.0,0.028251
638000.0,0.02801
638100.0,0.027752
638200.0,0.027477
638300.0,0.027186
638400.0,0.026879
638500.0,0.026555
638600.0,0.026216
638700.0,0.025862
638800.0,0.025492
638900.0,0.025107
639000.0,0.024708
639100.0,0.024293
639200.0,0.023864
639300.0,0.023421
639400.0,0.022965
639500.0,0.022497
639600.0,0.022016
639700.0,0.021523
639800.0,0.021019
639900.0,0.020504
640000.0,0.019977
640100.0,0.019441
640200.0,0.018894
640300.0,0.018338
640400.0,0.017771
640500.0,0.017195
640600.0,0.01661
640700.0,0.016015
640800.0,0.015412
640900.0,0.0148
641000.0,0.014181
641100.0,0.013554
641200.0,0.012919
641300.0,0.012277
641400.0,0.011629
641500.0,0.010974
641600.0,0.010313
641700.0,0.009646
641800.0,0.008974
641900.0,0.008297
642000.0,0.007615
642100.0,0.006929
642200.0,0.006239
642300.0,0.005546
642400.0,0.00485
642500.0,0.004153
642600.0,0.003454
642700.0,0.002754
642800.0,0.002054
642900.0,0.001353
643000.0,0.000653
643100.0,-4.7e-05
643200.0,-0.000747
643300.0,-0.001445
643400.0,-0.002142
643500.0,-0.002838
643600.0,-0.003531
643700.0,-0.004222
643800.0,-0.004911
643900.0,-0.005596
644000.0,-0.006277
644100.0,-0.006953
644200.0,-0.007624
644300.0,-0.008291
644400.0,-0.008952
644500.0,-0.009608
644600.0,-0.010258
644700.0,-0.010902
644800.0,-0.011541
644900.0,-0.012172
645000.0,-0.012798
645100.0,-0.013418
645200.0,-0.014031
645300.0,-0.014637
645400.0,-0.015234
645500.0,-0.015822
645600.0,-0.0164
645700.0,-0.016968
645800.0,-0.017526
645900.0,-0.018072
646000.0,-0.018607
646100.0,-0.019127
646200.0,-0.019635
646300.0,-0.020131
646400.0,-0.020613
646500.0,-0.021083
646600.0,-0.02154
646700.0,-0.021984
646800.0,-0.022415
646900.0,-0.022833
647000.0,-0.023237
647100.0,-0.023628
647200.0,-0.024005
647300.0,-0.024369
647400.0,-0.024719
647500.0,-0.025054
647600.0,-0.025375
647700.0,-0.02568
647800.0,-0.025971
647900.0,-0.026245
648000.0,-0.026504
648100.0,-0.026746
648200.0,-0.026972
648300.0,-0.02718
648400.0,-0.02737
648500.0,-0.027543
648600.0,-0.027697
648700.0,-0.027833
648800.0,-0.02795
648900.0,-0.028049
649000.0,-0.028129
649100.0,-0.028191
649200.0,-0.028235
649300.0,-0.028262
649400.0,-0.02827
649500.0,-0.028261
649600.0,-0.028234
649700.0,-0.02819
649800.0,-0.028127
649900.0,-0.028047
650000.0,-0.027948
650100.0,-0.02783
650200.0,-0.027693
650300.0,-0.027538
650400.0,-0.027363
650500.0,-0.02717
650600.0,-0.026958
650700.0,-0.026728
650800.0,-0.026479
650900.0,-0.026212
651000.0,-0.025927
651100.0,-0.025627
651200.0,-0.025309
651300.0,-0.024973
651400.0,-0.02462
651500.0,-0.02425
651600.0,-0.023862
651700.0,-0.023458
651800.0,-0.023035
651900.0,-0.022596
652000.0,-0.02214
652100.0,-0.021666
652200.0,-0.021175
652300.0,-0.020667
652400.0,-0.020144
652500.0,-0.019606
652600.0,-0.019052
652700.0,-0.018484
652800.0,-0.017902
652900.0,-0.017306
653000.0,-0.016697
653100.0,-0.016074
653200.0,-0.01544
653300.0,-0.014793
653400.0,-0.014134
653500.0,-0.013464
653600.0,-0.012783
653700.0,-0.01209
653800.0,-0.011388
653900.0,-0.010675
654000.0,-0.009953
654100.0,-0.009222
654200.0,-0.008481
654300.0,-0.007732
654400.0,-0.006975
654500.0,-0.006209
654600.0,-0.005436
654700.0,-0.004655
654800.0,-0.003869
654900.0,-0.003076
655000.0,-0.002279
655100.0,-0.001477
655200.0,-0.000671
655300.0,0.000138
655400.0,0.000949
655500.0,0.001762
655600.0,0.002577
655700.0,0.003392
655800.0,0.004208
655900.0,0.005024
656000.0,0.005839
656100.0,0.006655
656200.0,0.00747
656300.0,0.008283
656400.0,0.009094
656500.0,0.009902
656600.0,0.010707
656700.0,0.011506
656800.0,0.012301
656900.0,0.01309
657000.0,0.013872
657100.0,0.014643
657200.0,0.015407
657300.0,0.016163
657400.0,0.016909
657500.0,0.017646
657600.0,0.018374
657700.0,0.019091
657800.0,0.019798
657900.0,0.020494
658000.0,0.021179
658100.0,0.021855
658200.0,0.022518
658300.0,0.023167
658400.0,0.023804
658500.0,0.024425
658600.0,0.025032
658700.0,0.025624
658800.0,0.026199
658900.0,0.026758
659000.0,0.027299
659100.0,0.027823
659200.0,0.028329
659300.0,0.028817
659400.0,0.029285
659500.0,0.029735
659600.0,0.030165
659700.0,0.030575
659800.0,0.030965
659900.0,0.031334
660000.0,0.031682
660100.0,0.032007
660200.0,0.03231
660300.0,0.032591
660400.0,0.032849
660500.0,0.033085
660600.0,0.033299
660700.0,0.033489
660800.0,0.033657
660900.0,0.033801
661000.0,0.033923
661100.0,0.034022
661200.0,0.034097
661300.0,0.034148
661400.0,0.034175
661500.0,0.034178
661600.0,0.034157
661700.0,0.034111
661800.0,0.03404
661900.0,0.033944
662000.0,0.033823
662100.0,0.033678
662200.0,0.033508
662300.0,0.033312
662400.0,0.033092
662500.0,0.032846
662600.0,0.032575
662700.0,0.032279
662800.0,0.031958
662900.0,0.031613
663000.0,0.031242
663100.0,0.030845
663200.0,0.030424
663300.0,0.02998
663400.0,0.029512
663500.0,0.029023
663600.0,0.028511
663700.0,0.027978
663800.0,0.027424
663900.0,0.026849
664000.0,0.026254
664100.0,0.025641
664200.0,0.025008
664300.0,0.024354
664400.0,0.02368
664500.0,0.022986
664600.0,0.022271
664700.0,0.021537
664800.0,0.020783
664900.0,0.020009
665000.0,0.019217
665100.0,0.018406
665200.0,0.017578
665300.0,0.016733
665400.0,0.015874
665500.0,0.015
665600.0,0.014113
665700.0,0.013213
665800.0,0.012301
665900.0,0.011377
666000.0,0.010443
666100.0,0.009498
666200.0,0.008543
666300.0,0.00758
666400.0,0.006607
666500.0,0.005626
666600.0,0.004637
666700.0,0.003641
666800.0,0.002639
666900.0,0.001632
667000.0,0.000619
667100.0,-0.000397
667200.0,-0.001417
667300.0,-0.00244
667400.0,-0.003464
667500.0,-0.004489
667600.0,-0.005515
667700.0,-0.00654
667800.0,-0.007564
667900.0,-0.008586
668000.0,-0.009605
668100.0,-0.01062
668200.0,-0.01163
668300.0,-0.012634
668400.0,-0.013633
668500.0,-0.014624
668600.0,-0.015608
668700.0,-0.016584
668800.0,-0.01755
668900.0,-0.018507
669000.0,-0.019454
669100.0,-0.020391
669200.0,-0.021316
669300.0,-0.022229
669400.0,-0.023128
669500.0,-0.024012
669600.0,-0.024882
669700.0,-0.025735
669800.0,-0.026571
669900.0,-0.027389
670000.0,-0.028188
670100.0,-0.028966
670200.0,-0.029725
670300.0,-0.030463
670400.0,-0.031181
670500.0,-0.031878
670600.0,-0.032553
670700.0,-0.033207
670800.0,-0.033838
670900.0,-0.034446
671000.0,-0.03503
671100.0,-0.035592
671200.0,-0.036128
671300.0,-0.036639
671400.0,-0.037123
671500.0,-0.03758
671600.0,-0.038009
671700.0,-0.038411
671800.0,-0.038783
671900.0,-0.039127
672000.0,-0.039442
672100.0,-0.039728
672200.0,-0.039985
672300.0,-0.040211
672400.0,-0.040408
672500.0,-0.040575
672600.0,-0.04071
672700.0,-0.040815
672800.0,-0.040889
672900.0,-0.040931
673000.0,-0.040942
673100.0,-0.040918
673200.0,-0.040863
673300.0,-0.040775
673400.0,-0.040656
673500.0,-0.040505
673600.0,-0.040321
673700.0,-0.040107
673800.0,-0.03986
673900.0,-0.039583
674000.0,-0.039274
674100.0,-0.038936
674200.0,-0.038567
674300.0,-0.038166
674400.0,-0.037736
674500.0,-0.037274
674600.0,-0.036782
674700.0,-0.03626
674800.0,-0.035707
674900.0,-0.035125
675000.0,-0.034514
675100.0,-0.033873
675200.0,-0.033204
675300.0,-0.032507
675400.0,-0.031782
675500.0,-0.03103
675600.0,-0.030251
675700.0,-0.029446
675800.0,-0.028615
675900.0,-0.02776
676000.0,-0.02688
676100.0,-0.025975
676200.0,-0.025047
676300.0,-0.024097
676400.0,-0.023126
676500.0,-0.022135
676600.0,-0.021124
676700.0,-0.020095
676800.0,-0.019047
676900.0,-0.017982
677000.0,-0.016901
677100.0,-0.015805
677200.0,-0.014693
677300.0,-0.013568
677400.0,-0.012428
677500.0,-0.011276
677600.0,-0.010111
677700.0,-0.008936
677800.0,-0.00775
677900.0,-0.006555
678000.0,-0.005352
678100.0,-0.004143
678200.0,-0.002927
678300.0,-0.001708
678400.0,-0.000484
678500.0,0.000742
678600.0,0.001969
678700.0,0.003197
678800.0,0.004424
678900.0,0.005649
679000.0,0.006873
679100.0,0.008093
679200.0,0.00931
679300.0,0.010521
679400.0,0.011725
679500.0,0.012922
679600.0,0.01411
679700.0,0.015288
679800.0,0.016454
679900.0,0.017609
680000.0,0.018751
680100.0,0.019877
680200.0,0.020988
680300.0,0.022083
680400.0,0.023161
680500.0,0.024221
680600.0,0.025263
680700.0,0.026284
680800.0,0.027286
680900.0,0.028265
681000.0,0.029223
681100.0,0.030157
681200.0,0.031067
681300.0,0.031952
681400.0,0.032812
681500.0,0.033644
681600.0,0.034449
681700.0,0.035226
681800.0,0.035974
681900.0,0.036691
682000.0,0.037378
682100.0,0.038035
682200.0,0.038659
682300.0,0.03925
682400.0,0.039808
682500.0,0.040332
682600.0,0.040821
682700.0,0.041274
682800.0,0.041692
682900.0,0.042074
683000.0,0.042419
683100.0,0.042727
683200.0,0.042999
683300.0,0.043234
683400.0,0.043432
683500.0,0.043594
683600.0,0.043718
683700.0,0.043806
683800.0,0.043856
683900.0,0.043869
684000.0,0.043845
684100.0,0.043783
684200.0,0.043683
684300.0,0.043544
684400.0,0.043367
684500.0,0.043151
684600.0,0.042897
684700.0,0.042604
684800.0,0.042274
684900.0,0.041905
685000.0,0.041499
685100.0,0.041055
685200.0,0.040575
685300.0,0.040059
685400.0,0.039508
685500.0,0.038923
685600.0,0.038303
685700.0,0.037651
685800.0,0.036966
685900.0,0.036249
686000.0,0.035501
686100.0,0.034724
686200.0,0.033917
686300.0,0.033081
686400.0,0.032216
686500.0,0.031323
686600.0,0.030401
686700.0,0.029453
686800.0,0.028479
686900.0,0.027479
687000.0,0.026454
687100.0,0.025403
687200.0,0.024329
687300.0,0.023233
687400.0,0.022117
687500.0,0.020981
687600.0,0.019828
687700.0,0.018658
687800.0,0.017473
687900.0,0.016274
688000.0,0.015061
688100.0,0.01384
688200.0,0.012608
688300.0,0.011365
688400.0,0.010114
688500.0,0.008854
688600.0,0.007587
688700.0,0.006314
688800.0,0.005036
688900.0,0.003753
689000.0,0.002467
689100.0,0.001178
689200.0,-0.000111
689300.0,-0.001399
689400.0,-0.002685
689500.0,-0.003967
689600.0,-0.005243
689700.0,-0.006513
689800.0,-0.007776
689900.0,-0.00903
690000.0,-0.010274
690100.0,-0.011506
690200.0,-0.012727
690300.0,-0.013936
690400.0,-0.015131
690500.0,-0.016312
690600.0,-0.017478
690700.0,-0.018627
690800.0,-0.01976
690900.0,-0.020874
691000.0,-0.02197
691100.0,-0.023045
691200.0,-0.0241
691300.0,-0.025132
691400.0,-0.026141
691500.0,-0.027126
691600.0,-0.028085
691700.0,-0.029019
691800.0,-0.029925
691900.0,-0.030804
692000.0,-0.031654
692100.0,-0.032474
692200.0,-0.033263
692300.0,-0.034022
692400.0,-0.03475
692500.0,-0.035447
692600.0,-0.036112
692700.0,-0.036744
692800.0,-0.037344
692900.0,-0.03791
693000.0,-0.038444
693100.0,-0.038946
693200.0,-0.039415
693300.0,-0.039849
693400.0,-0.040249
693500.0,-0.040614
693600.0,-0.040944
693700.0,-0.041238
693800.0,-0.041497
693900.0,-0.04172
694000.0,-0.041907
694100.0,-0.042055
694200.0,-0.042168
694300.0,-0.042244
694400.0,-0.042284
694500.0,-0.042289
694600.0,-0.042257
694700.0,-0.04219
694800.0,-0.042087
694900.0,-0.041949
695000.0,-0.041776
695100.0,-0.041568
695200.0,-0.041324
695300.0,-0.041046
695400.0,-0.040733
695500.0,-0.040386
695600.0,-0.040006
695700.0,-0.039593
695800.0,-0.039147
695900.0,-0.03867
696000.0,-0.038162
696100.0,-0.037626
696200.0,-0.03706
696300.0,-0.036467
696400.0,-0.035845
696500.0,-0.035195
696600.0,-0.034519
696700.0,-0.033817
696800.0,-0.033088
696900.0,-0.032334
697000.0,-0.031554
697100.0,-0.030748
697200.0,-0.029917
697300.0,-0.029064
697400.0,-0.028188
697500.0,-0.02729
697600.0,-0.026372
697700.0,-0.025434
697800.0,-0.024478
697900.0,-0.023503
698000.0,-0.022512
698100.0,-0.021506
698200.0,-0.020485
698300.0,-0.01945
698400.0,-0.018402
698500.0,-0.017341
698600.0,-0.016269
698700.0,-0.015187
698800.0,-0.014096
698900.0,-0.012997
699000.0,-0.01189
699100.0,-0.010778
699200.0,-0.009661
699300.0,-0.00854
699400.0,-0.007416
699500.0,-0.00629
699600.0,-0.005162
699700.0,-0.004033
699800.0,-0.002904
699900.0,-0.001776
700000.0,-0.00065
700100.0,0.000475
700200.0,0.001597
700300.0,0.002715
700400.0,0.003828
700500.0,0.004935
700600.0,0.006036
700700.0,0.007129
700800.0,0.008215
700900.0,0.009291
701000.0,0.010357
701100.0,0.011412
701200.0,0.012456
701300.0,0.013487
701400.0,0.014505
701500.0,0.015509
701600.0,0.016497
701700.0,0.017468
701800.0,0.018423
701900.0,0.019359
702000.0,0.020276
702100.0,0.02117
702200.0,0.022044
702300.0,0.022896
702400.0,0.023728
702500.0,0.024537
702600.0,0.025325
702700.0,0.026091
702800.0,0.026835
702900.0,0.027557
703000.0,0.028256
703100.0,0.028937
703200.0,0.029595
703300.0,0.030229
703400.0,0.03084
703500.0,0.031425
703600.0,0.031984
703700.0,0.032517
703800.0,0.033022
703900.0,0.0335
704000.0,0.03395
704100.0,0.034366
704200.0,0.034754
704300.0,0.035113
704400.0,0.035443
704500.0,0.035744
704600.0,0.036017
704700.0,0.036261
704800.0,0.036477
704900.0,0.036664
705000.0,0.036824
705100.0,0.036957
705200.0,0.037062
705300.0,0.037138
705400.0,0.037186
705500.0,0.037205
705600.0,0.037196
705700.0,0.037159
705800.0,0.037092
705900.0,0.036998
706000.0,0.036876
706100.0,0.036725
706200.0,0.036548
706300.0,0.036343
706400.0,0.036111
706500.0,0.035852
706600.0,0.035568
706700.0,0.035257
706800.0,0.034921
706900.0,0.03456
707000.0,0.034174
707100.0,0.033763
707200.0,0.033329
707300.0,0.032871
707400.0,0.032389
707500.0,0.031885
707600.0,0.031359
707700.0,0.03081
707800.0,0.03024
707900.0,0.029649
708000.0,0.029036
708100.0,0.028402
708200.0,0.027748
708300.0,0.027075
708400.0,0.026383
708500.0,0.025674
708600.0,0.024947
708700.0,0.024204
708800.0,0.023445
708900.0,0.022672
709000.0,0.021885
709100.0,0.021089
709200.0,0.020279
709300.0,0.019458
709400.0,0.018626
709500.0,0.017783
709600.0,0.016929
709700.0,0.016066
709800.0,0.015193
709900.0,0.014312
710000.0,0.013422
710100.0,0.012522
710200.0,0.011615
710300.0,0.010702
710400.0,0.009784
710500.0,0.008862
710600.0,0.007936
710700.0,0.007009
710800.0,0.006079
710900.0,0.005149
711000.0,0.004219
711100.0,0.00329
711200.0,0.002363
711300.0,0.001436
711400.0,0.000512
711500.0,-0.00041
711600.0,-0.00133
711700.0,-0.002245
711800.0,-0.003156
711900.0,-0.004062
712000.0,-0.004962
712100.0,-0.005856
712200.0,-0.006741
712300.0,-0.007618
712400.0,-0.008485
712500.0,-0.009342
712600.0,-0.010189
712700.0,-0.011024
712800.0,-0.011847
712900.0,-0.012658
713000.0,-0.013456
713100.0,-0.014242
713200.0,-0.015014
713300.0,-0.015772
713400.0,-0.016516
713500.0,-0.017246
713600.0,-0.01796
713700.0,-0.018659
713800.0,-0.019342
713900.0,-0.020009
714000.0,-0.02066
714100.0,-0.021293
714200.0,-0.021909
714300.0,-0.022507
714400.0,-0.023086
714500.0,-0.023646
714600.0,-0.024186
714700.0,-0.024705
714800.0,-0.025204
714900.0,-0.025682
715000.0,-0.026138
715100.0,-0.02657
715200.0,-0.026979
715300.0,-0.027366
715400.0,-0.027731
715500.0,-0.028073
715600.0,-0.028392
715700.0,-0.028689
715800.0,-0.028964
715900.0,-0.029216
716000.0,-0.029446
716100.0,-0.029656
716200.0,-0.029845
716300.0,-0.03001
716400.0,-0.030153
716500.0,-0.030273
716600.0,-0.03037
716700.0,-0.030444
716800.0,-0.030495
716900.0,-0.030523
717000.0,-0.030527
717100.0,-0.030506
717200.0,-0.030463
717300.0,-0.030397
717400.0,-0.030309
717500.0,-0.030198
717600.0,-0.030066
717700.0,-0.029912
717800.0,-0.029736
717900.0,-0.029538
718000.0,-0.029319
718100.0,-0.029079
718200.0,-0.028817
718300.0,-0.028535
718400.0,-0.028231
718500.0,-0.027907
718600.0,-0.027562
718700.0,-0.027198
718800.0,-0.026814
718900.0,-0.02641
719000.0,-0.025989
719100.0,-0.025549
719200.0,-0.025092
719300.0,-0.024618
719400.0,-0.024127
719500.0,-0.023621
719600.0,-0.023099
719700.0,-0.022562
719800.0,-0.02201
719900.0,-0.021445
720000.0,-0.020866
720100.0,-0.020275
720200.0,-0.019671
720300.0,-0.019055
720400.0,-0.018428
720500.0,-0.017789
720600.0,-0.017139
720700.0,-0.016478
720800.0,-0.015807
720900.0,-0.015126
721000.0,-0.014435
721100.0,-0.013733
721200.0,-0.013023
721300.0,-0.012304
721400.0,-0.011579
721500.0,-0.010846
721600.0,-0.010109
721700.0,-0.009366
721800.0,-0.00862
721900.0,-0.00787
722000.0,-0.007119
722100.0,-0.006368
722200.0,-0.005616
722300.0,-0.004864
722400.0,-0.004111
722500.0,-0.003359
722600.0,-0.002607
722700.0,-0.001856
722800.0,-0.001107
722900.0,-0.000359
723000.0,0.000386
723100.0,0.001131
723200.0,0.001872
723300.0,0.002609
723400.0,0.003341
723500.0,0.004067
723600.0,0.004788
723700.0,0.005501
723800.0,0.006207
723900.0,0.006904
724000.0,0.007594
724100.0,0.008273
724200.0,0.008943
724300.0,0.009603
724400.0,0.010254
724500.0,0.010895
724600.0,0.011525
724700.0,0.012144
724800.0,0.012751
724900.0,0.013348
725000.0,0.013932
725100.0,0.014504
725200.0,0.015063
725300.0,0.015608
725400.0,0.016139
725500.0,0.016655
725600.0,0.017155
725700.0,0.01764
725800.0,0.018108
725900.0,0.018559
726000.0,0.018993
726100.0,0.019408
726200.0,0.019805
726300.0,0.020185
726400.0,0.020546
726500.0,0.02089
726600.0,0.021217
726700.0,0.021526
726800.0,0.021818
726900.0,0.022092
727000.0,0.02235
727100.0,0.022593
727200.0,0.02282
727300.0,0.023029
727400.0,0.023221
727500.0,0.023394
727600.0,0.02355
727700.0,0.023687
727800.0,0.023805
727900.0,0.023903
728000.0,0.023982
728100.0,0.024038
728200.0,0.024073
728300.0,0.024088
728400.0,0.024084
728500.0,0.02406
728600.0,0.024017
728700.0,0.023955
728800.0,0.023875
728900.0,0.023776
729000.0,0.023659
729100.0,0.023528
729200.0,0.023379
729300.0,0.023213
729400.0,0.02303
729500.0,0.022831
729600.0,0.022615
729700.0,0.022383
729800.0,0.022136
729900.0,0.021872
730000.0,0.021594
730100.0,0.0213
730200.0,0.020991
730300.0,0.020668
730400.0,0.020331
730500.0,0.01998
730600.0,0.019616
730700.0,0.019239
730800.0,0.018849
730900.0,0.018446
731000.0,0.018031
731100.0,0.017603
731200.0,0.017164
731300.0,0.016713
731400.0,0.01625
731500.0,0.015777
731600.0,0.015293
731700.0,0.014799
731800.0,0.014296
731900.0,0.013783
732000.0,0.013261
732100.0,0.01273
732200.0,0.012192
732300.0,0.011647
732400.0,0.011095
732500.0,0.010539
732600.0,0.009977
732700.0,0.009412
732800.0,0.008843
732900.0,0.008271
733000.0,0.007697
733100.0,0.007125
733200.0,0.00655
733300.0,0.005975
733400.0,0.005399
733500.0,0.004822
733600.0,0.004243
733700.0,0.003664
733800.0,0.003084
733900.0,0.002504
734000.0,0.001923
734100.0,0.001339
734200.0,0.000756
734300.0,0.000173
734400.0,-0.000407
734500.0,-0.000984
734600.0,-0.001558
734700.0,-0.002128
734800.0,-0.002693
734900.0,-0.003252
735000.0,-0.003805
735100.0,-0.004349
735200.0,-0.004887
735300.0,-0.005417
735400.0,-0.005941
735500.0,-0.006456
735600.0,-0.006965
735700.0,-0.007465
735800.0,-0.007957
735900.0,-0.008441
736000.0,-0.008916
736100.0,-0.009383
736200.0,-0.00984
736300.0,-0.010287
736400.0,-0.010723
736500.0,-0.01115
736600.0,-0.011565
736700.0,-0.01197
736800.0,-0.012363
736900.0,-0.012746
737000.0,-0.013117
737100.0,-0.013477
737200.0,-0.013826
737300.0,-0.014164
737400.0,-0.01449
737500.0,-0.014805
737600.0,-0.015108
737700.0,-0.015399
737800.0,-0.015678
737900.0,-0.015945
738000.0,-0.016199
738100.0,-0.016441
738200.0,-0.01667
738300.0,-0.016886
738400.0,-0.017089
738500.0,-0.017278
738600.0,-0.017454
738700.0,-0.017615
738800.0,-0.017763
738900.0,-0.017896
739000.0,-0.018015
739100.0,-0.018118
739200.0,-0.018207
739300.0,-0.018282
739400.0,-0.018343
739500.0,-0.018391
739600.0,-0.018425
739700.0,-0.018447
739800.0,-0.018456
739900.0,-0.018453
740000.0,-0.018438
740100.0,-0.018413
740200.0,-0.018378
740300.0,-0.01833
740400.0,-0.018272
740500.0,-0.018202
740600.0,-0.018121
740700.0,-0.018029
740800.0,-0.017925
740900.0,-0.01781
741000.0,-0.017684
741100.0,-0.017546
741200.0,-0.017397
741300.0,-0.017237
741400.0,-0.017067
741500.0,-0.016886
741600.0,-0.016694
741700.0,-0.016492
741800.0,-0.016279
741900.0,-0.016056
742000.0,-0.015823
742100.0,-0.015578
742200.0,-0.015323
742300.0,-0.015059
742400.0,-0.014786
742500.0,-0.014504
742600.0,-0.014214
742700.0,-0.013917
742800.0,-0.013614
742900.0,-0.013304
743000.0,-0.012989
743100.0,-0.012672
743200.0,-0.01235
743300.0,-0.012024
743400.0,-0.011694
743500.0,-0.011359
743600.0,-0.011019
743700.0,-0.010676
743800.0,-0.010328
743900.0,-0.009975
744000.0,-0.009617
744100.0,-0.009253
744200.0,-0.008885
744300.0,-0.008512
744400.0,-0.008135
744500.0,-0.007754
744600.0,-0.007371
744700.0,-0.006984
744800.0,-0.006594
744900.0,-0.006203
745000.0,-0.005809
745100.0,-0.005414
745200.0,-0.005017
745300.0,-0.00462
745400.0,-0.004222
745500.0,-0.003824
745600.0,-0.003426
745700.0,-0.003029
745800.0,-0.002633
745900.0,-0.002239
746000.0,-0.001846
746100.0,-0.001456
746200.0,-0.001069
746300.0,-0.000685
746400.0,-0.000303
746500.0,7.7e-05
746600.0,0.000453
746700.0,0.000827
746800.0,0.001198
746900.0,0.001566
747000.0,0.001931
747100.0,0.002293
747200.0,0.002653
747300.0,0.003009
747400.0,0.003362
747500.0,0.003713
747600.0,0.00406
747700.0,0.004404
747800.0,0.004745
747900.0,0.005082
748000.0,0.005416
748100.0,0.005749
748200.0,0.006077
748300.0,0.006402
748400.0,0.006721
748500.0,0.007035
748600.0,0.007343
748700.0,0.007644
748800.0,0.007938
748900.0,0.008225
749000.0,0.008504
749100.0,0.00877
749200.0,0.009028
749300.0,0.009278
749400.0,0.00952
749500.0,0.009756
749600.0,0.009984
749700.0,0.010207
749800.0,0.010424
749900.0,0.010635
750000.0,0.010842
750100.0,0.011048
750200.0,0.011249
750300.0,0.011446
750400.0,0.011636
750500.0,0.011821
750600.0,0.012
750700.0,0.012172
750800.0,0.012336
750900.0,0.012494
751000.0,0.012643
751100.0,0.012782
751200.0,0.012913
751300.0,0.013036
751400.0,0.013151
751500.0,0.013258
751600.0,0.013357
751700.0,0.013449
751800.0,0.013534
751900.0,0.013611
752000.0,0.01368
752100.0,0.013744
752200.0,0.013799
752300.0,0.013848
752400.0,0.013889
752500.0,0.013922
752600.0,0.013948
752700.0,0.013967
752800.0,0.013978
752900.0,0.013982
753000.0,0.013979
753100.0,0.013968
753200.0,0.01395
753300.0,0.013925
753400.0,0.013893
753500.0,0.013855
753600.0,0.01381
753700.0,0.01376
753800.0,0.013703
753900.0,0.013641
754000.0,0.013573
754100.0,0.013501
754200.0,0.013423
754300.0,0.01334
754400.0,0.01325
754500.0,0.013154
754600.0,0.013051
754700.0,0.012941
754800.0,0.012824
754900.0,0.012699
755000.0,0.012566
755100.0,0.012422
755200.0,0.01227
755300.0,0.01211
755400.0,0.011943
755500.0,0.011769
755600.0,0.011589
755700.0,0.011403
755800.0,0.011212
755900.0,0.011016
756000.0,0.010816
756100.0,0.010616
756200.0,0.010411
756300.0,0.010203
756400.0,0.009991
756500.0,0.009774
756600.0,0.009554
756700.0,0.009329
756800.0,0.009099
756900.0,0.008865
757000.0,0.008626
757100.0,0.008379
757200.0,0.008128
757300.0,0.007872
757400.0,0.00761
757500.0,0.007344
757600.0,0.007074
757700.0,0.006798
757800.0,0.006518
757900.0,0.006234
758000.0,0.005946
758100.0,0.005653
758200.0,0.005356
758300.0,0.005055
758400.0,0.00475
758500.0,0.004443
758600.0,0.004132
758700.0,0.003818
758800.0,0.003502
758900.0,0.003183
759000.0,0.002863
759100.0,0.002542
759200.0,0.00222
759300.0,0.001896
759400.0,0.001571
759500.0,0.001245
759600.0,0.000918
759700.0,0.00059
759800.0,0.000261
759900.0,-6.8e-05
760000.0,-0.000398
760100.0,-0.000729
760200.0,-0.00106
760300.0,-0.001391
760400.0,-0.001723
760500.0,-0.002055
760600.0,-0.002387
760700.0,-0.00272
760800.0,-0.003054
760900.0,-0.003388
761000.0,-0.003722
761100.0,-0.004059
761200.0,-0.004397
761300.0,-0.004734
761400.0,-0.00507
761500.0,-0.005405
761600.0,-0.005738
761700.0,-0.006069
761800.0,-0.006398
761900.0,-0.006723
762000.0,-0.007044
762100.0,-0.007357
762200.0,-0.007666
762300.0,-0.00797
762400.0,-0.00827
762500.0,-0.008565
762600.0,-0.008855
762700.0,-0.00914
762800.0,-0.009421
762900.0,-0.009697
763000.0,-0.00997
763100.0,-0.01024
763200.0,-0.010505
763300.0,-0.010766
763400.0,-0.011023
763500.0,-0.011275
763600.0,-0.011521
763700.0,-0.011763
763800.0,-0.011999
763900.0,-0.012228
764000.0,-0.012452
764100.0,-0.01267
764200.0,-0.012881
764300.0,-0.013084
764400.0,-0.01328
764500.0,-0.013469
764600.0,-0.013649
764700.0,-0.013821
764800.0,-0.013983
764900.0,-0.014137
765000.0,-0.014281
765100.0,-0.014414
765200.0,-0.014537
765300.0,-0.01465
765400.0,-0.014753
765500.0,-0.014847
765600.0,-0.01493
765700.0,-0.015003
765800.0,-0.015067
765900.0,-0.01512
766000.0,-0.015164
766100.0,-0.015198
766200.0,-0.015222
766300.0,-0.015236
766400.0,-0.01524
766500.0,-0.015234
766600.0,-0.015218
766700.0,-0.015192
766800.0,-0.015155
766900.0,-0.015109
767000.0,-0.015053
767100.0,-0.014987
767200.0,-0.014912
767300.0,-0.014827
767400.0,-0.014731
767500.0,-0.014624
767600.0,-0.014505
767700.0,-0.014376
767800.0,-0.014234
767900.0,-0.01408
768000.0,-0.013914
768100.0,-0.013733
768200.0,-0.013539
768300.0,-0.013332
768400.0,-0.013114
768500.0,-0.012884
768600.0,-0.012643
768700.0,-0.012391
768800.0,-0.012128
768900.0,-0.011856
769000.0,-0.011574
769100.0,-0.011286
769200.0,-0.010989
769300.0,-0.010683
769400.0,-0.010369
769500.0,-0.010045
769600.0,-0.009713
769700.0,-0.009373
769800.0,-0.009024
769900.0,-0.008667
770000.0,-0.008302
770100.0,-0.007928
770200.0,-0.007545
770300.0,-0.007156
770400.0,-0.006759
770500.0,-0.006355
770600.0,-0.005944
770700.0,-0.005527
770800.0,-0.005103
770900.0,-0.004673
771000.0,-0.004237
771100.0,-0.003795
771200.0,-0.003348
771300.0,-0.002896
771400.0,-0.002439
771500.0,-0.001978
771600.0,-0.001512
771700.0,-0.001042
771800.0,-0.000569
771900.0,-9.3e-05
772000.0,0.000386
772100.0,0.000868
772200.0,0.001351
772300.0,0.001836
772400.0,0.002321
772500.0,0.002805
772600.0,0.003289
772700.0,0.003771
772800.0,0.004251
772900.0,0.004727
773000.0,0.0052
773100.0,0.005665
773200.0,0.006126
773300.0,0.006583
773400.0,0.007035
773500.0,0.007483
773600.0,0.007927
773700.0,0.008367
773800.0,0.008803
773900.0,0.009235
774000.0,0.009664
774100.0,0.010093
774200.0,0.010519
774300.0,0.010939
774400.0,0.011354
774500.0,0.011762
774600.0,0.012163
774700.0,0.012555
774800.0,0.012938
774900.0,0.01331
775000.0,0.013672
775100.0,0.014017
775200.0,0.014349
775300.0,0.014669
775400.0,0.014977
775500.0,0.015271
775600.0,0.015553
775700.0,0.015823
775800.0,0.016079
775900.0,0.016324
776000.0,0.016555
776100.0,0.016777
776200.0,0.016985
776300.0,0.017182
776400.0,0.017365
776500.0,0.017535
776600.0,0.017692
776700.0,0.017836
776800.0,0.017966
776900.0,0.018083
777000.0,0.018185
777100.0,0.018273
777200.0,0.018347
777300.0,0.018406
777400.0,0.01845
777500.0,0.018479
777600.0,0.018493
777700.0,0.018492
777800.0,0.018475
777900.0,0.018442
778000.0,0.018394
778100.0,0.01833
778200.0,0.018249
778300.0,0.018153
778400.0,0.018041
778500.0,0.017913
778600.0,0.01777
778700.0,0.01761
778800.0,0.017435
778900.0,0.017244
779000.0,0.017038
779100.0,0.016815
779200.0,0.016577
779300.0,0.016325
779400.0,0.016058
779500.0,0.015778
779600.0,0.015485
779700.0,0.015179
779800.0,0.014861
779900.0,0.014532
780000.0,0.014191
780100.0,0.013842
780200.0,0.013482
780300.0,0.013112
780400.0,0.01273
780500.0,0.012338
780600.0,0.011935
780700.0,0.011521
780800.0,0.011096
780900.0,0.010661
781000.0,0.010214
781100.0,0.009755
781200.0,0.009285
781300.0,0.008806
781400.0,0.008318
781500.0,0.007821
781600.0,0.007317
781700.0,0.006806
781800.0,0.006288
781900.0,0.005764
782000.0,0.005234
782100.0,0.0047
782200.0,0.004162
782300.0,0.00362
782400.0,0.003074
782500.0,0.002525
782600.0,0.001975
782700.0,0.001422
782800.0,0.000868
782900.0,0.000314
783000.0,-0.000241
783100.0,-0.000793
783200.0,-0.001345
783300.0,-0.001895
783400.0,-0.002444
783500.0,-0.002991
783600.0,-0.003536
783700.0,-0.004078
783800.0,-0.004618
783900.0,-0.005155
784000.0,-0.005689
784100.0,-0.006222
784200.0,-0.006751
784300.0,-0.007275
784400.0,-0.007795
784500.0,-0.008309
784600.0,-0.008817
784700.0,-0.009319
784800.0,-0.009814
784900.0,-0.010301
785000.0,-0.010779
785100.0,-0.011249
785200.0,-0.01171
785300.0,-0.01216
785400.0,-0.0126
785500.0,-0.01303
785600.0,-0.013448
785700.0,-0.013855
785800.0,-0.01425
785900.0,-0.014632
786000.0,-0.015001
786100.0,-0.015357
786200.0,-0.015699
786300.0,-0.016028
786400.0,-0.016343
786500.0,-0.016644
786600.0,-0.016932
786700.0,-0.017206
786800.0,-0.017465
786900.0,-0.017711
787000.0,-0.017942
787100.0,-0.01816
787200.0,-0.018363
787300.0,-0.01855
787400.0,-0.018723
787500.0,-0.018881
787600.0,-0.019024
787700.0,-0.019151
787800.0,-0.019262
787900.0,-0.019359
788000.0,-0.01944
788100.0,-0.019507
788200.0,-0.019558
788300.0,-0.019594
788400.0,-0.019613
788500.0,-0.019616
788600.0,-0.019603
788700.0,-0.019572
788800.0,-0.019524
788900.0,-0.019458
789000.0,-0.019374
789100.0,-0.019268
789200.0,-0.019144
789300.0,-0.019003
789400.0,-0.018844
789500.0,-0.018669
789600.0,-0.018478
789700.0,-0.018271
789800.0,-0.01805
789900.0,-0.017815
790000.0,-0.017566
790100.0,-0.01731
790200.0,-0.017041
790300.0,-0.016759
790400.0,-0.016466
790500.0,-0.016161
790600.0,-0.015844
790700.0,-0.015515
790800.0,-0.015173
790900.0,-0.014819
791000.0,-0.014453
791100.0,-0.014072
791200.0,-0.013679
791300.0,-0.013273
791400.0,-0.012856
791500.0,-0.012427
791600.0,-0.011987
791700.0,-0.011536
791800.0,-0.011074
791900.0,-0.010603
792000.0,-0.010122
792100.0,-0.009632
792200.0,-0.009134
792300.0,-0.008629
792400.0,-0.008117
792500.0,-0.0076
792600.0,-0.007078
792700.0,-0.006551
792800.0,-0.006021
792900.0,-0.005488
793000.0,-0.004952
793100.0,-0.004415
793200.0,-0.003877
793300.0,-0.003337
793400.0,-0.002795
793500.0,-0.002253
793600.0,-0.00171
793700.0,-0.001167
793800.0,-0.000624
793900.0,-8.1e-05
794000.0,0.000461
794100.0,0.001001
794200.0,0.001539
794300.0,0.002075
794400.0,0.002608
794500.0,0.003137
794600.0,0.003663
794700.0,0.004186
794800.0,0.004704
794900.0,0.005218
795000.0,0.005727
795100.0,0.006233
795200.0,0.006734
795300.0,0.007229
795400.0,0.007717
795500.0,0.008197
795600.0,0.008669
795700.0,0.009131
795800.0,0.009583
795900.0,0.010024
796000.0,0.010453
796100.0,0.010867
796200.0,0.011267
796300.0,0.011656
796400.0,0.012031
796500.0,0.012394
796600.0,0.012744
796700.0,0.013081
796800.0,0.013406
796900.0,0.013718
797000.0,0.014018
797100.0,0.014307
797200.0,0.014583
797300.0,0.014846
797400.0,0.015096
797500.0,0.015333
797600.0,0.015556
797700.0,0.015766
797800.0,0.015961
797900.0,0.016142
798000.0,0.016308
798100.0,0.01646
798200.0,0.016597
798300.0,0.016718
798400.0,0.016824
798500.0,0.016914
798600.0,0.016988
798700.0,0.017045
798800.0,0.017085
798900.0,0.017109
799000.0,0.017116
799100.0,0.017104
799200.0,0.017075
799300.0,0.017029
799400.0,0.016968
799500.0,0.016891
799600.0,0.016798
799700.0,0.01669
799800.0,0.016568
799900.0,0.016431
