age,temp
0,-8.898345588235294
100,-8.894669117647059
200,-8.890992647058823
300,-8.88731617647059
400,-8.883639705882354
500,-8.8796786389414
600,-8.847542533081286
700,-8.815406427221173
800,-8.783270321361059
900,-8.751134215500946
1000,-8.718998109640832
1100,-8.686862003780718
1200,-8.654725897920605
1300,-8.622589792060491
1400,-8.590453686200377
1500,-8.558317580340264
1600,-8.547893719806762
1700,-8.566251207729469
1800,-8.584608695652173
1900,-8.602966183574878
2000,-8.621323671497585
2100,-8.63968115942029
2200,-8.658038647342995
2300,-8.676396135265701
2400,-8.694753623188406
2500,-8.713111111111111
2600,-8.728331595411888
2700,-8.70747653806048
2800,-8.686621480709071
2900,-8.665766423357665
3000,-8.644911366006257
3100,-8.624056308654849
3200,-8.60320125130344
3300,-8.582346193952032
3400,-8.561491136600624
3500,-8.540636079249218
3600,-8.51353863381859
3700,-8.479944008958567
3800,-8.446349384098545
3900,-8.412754759238522
4000,-8.3791601343785
4100,-8.345565509518478
4200,-8.311970884658455
4300,-8.278376259798433
4400,-8.24478163493841
4500,-8.170566037735849
4600,-8.064433962264152
4700,-7.958301886792453
4800,-7.8521698113207545
4900,-7.746037735849057
5000,-7.639905660377359
5100,-7.533773584905661
5200,-7.427641509433962
5300,-7.322115384615385
5400,-7.2235576923076925
5500,-7.125
5600,-7.0264423076923075
5700,-6.927884615384615
5800,-6.829326923076923
5900,-6.730769230769231
6000,-6.632211538461538
6100,-6.533653846153846
6200,-6.452785445420326
6300,-6.3775031367628605
6400,-6.302220828105395
6500,-6.22693851944793
6600,-6.151656210790464
6700,-6.076373902132999
6800,-6.001091593475533
6900,-5.925809284818068
7000,-5.878315508021391
7100,-5.838208556149733
7200,-5.798101604278075
7300,-5.757994652406417
7400,-5.717887700534759
7500,-5.677780748663102
7600,-5.637673796791444
7700,-5.585652173913044
7800,-5.5071107994389905
7900,-5.428569424964937
8000,-5.3500280504908835
8100,-5.27148667601683
8200,-5.192945301542777
8300,-5.114403927068723
8400,-5.029383259911894
8500,-4.914845814977974
8600,-4.8003083700440525
8700,-4.685770925110132
8800,-4.571233480176211
8900,-4.45669603524229
9000,-4.34215859030837
9100,-4.237801526717557
9200,-4.1507786259541986
9300,-4.063755725190839
9400,-3.9767328244274807
9500,-3.889709923664122
9600,-3.802687022900763
9700,-3.715664122137405
9800,-3.622689335394127
9900,-3.528408037094281
10000,-3.434126738794436
10100,-3.3398454404945905
10200,-3.2455641421947448
10300,-3.1512828438948994
10400,-3.061590909090909
10500,-2.9804220779220776
10600,-2.8992532467532466
10700,-2.8180844155844156
10800,-2.736915584415584
10900,-2.655746753246753
11000,-2.582755632582322
11100,-2.5446273830155977
11200,-2.5064991334488735
11300,-2.468370883882149
11400,-2.430242634315425
11500,-2.3921143847487003
11600,-2.323249551166966
11700,-2.211938958707361
11800,-2.100628366247756
11900,-1.989317773788151
12000,-1.8780071813285457
12100,-1.7666965888689408
12200,-1.574787052810903
12300,-1.3686541737649063
12400,-1.1625212947189096
12500,-0.9563884156729132
12600,-0.7502555366269166
12700,-0.5441226575809199
12800,-0.5548986486486487
12900,-0.5701013513513514
13000,-0.5853040540540541
13100,-0.6005067567567568
13200,-0.6157094594594594
13300,-0.6340931780366057
13400,-0.7023128119800333
13500,-0.7705324459234608
13600,-0.8387520798668885
13700,-0.9069717138103162
13800,-0.9751913477537438
13900,-1.0400787401574803
14000,-1.0416535433070866
14100,-1.043228346456693
14200,-1.0448031496062993
14300,-1.0463779527559056
14400,-1.047952755905512
14500,-1.049527559055118
14600,-1.0609375
14700,-1.0765625
14800,-1.0921875
14900,-1.1078124999999999
15000,-1.1234374999999999
15100,-1.1390624999999999
15200,-1.1755707762557077
15300,-1.260806697108067
15400,-1.3460426179604261
15500,-1.4312785388127853
15600,-1.5165144596651445
15700,-1.6017503805175037
15800,-1.686986301369863
15900,-1.7088682170542635
16000,-1.7073178294573643
16100,-1.7057674418604651
16200,-1.704217054263566
16300,-1.7026666666666666
16400,-1.7011162790697674
16500,-1.7141666666666666
16600,-1.7647619047619048
16700,-1.815357142857143
16800,-1.865952380952381
16900,-1.9165476190476192
17000,-1.967142857142857
17100,-2.017738095238095
17200,-2.023431952662722
17300,-1.9938461538461538
17400,-1.9642603550295858
17500,-1.9346745562130179
17600,-1.9050887573964497
17700,-1.8755029585798817
17800,-1.8459171597633137
17900,-1.893252647503782
18000,-1.95981845688351
18100,-2.0263842662632374
18200,-2.0929500756429653
18300,-2.1595158850226928
18400,-2.22608169440242
18500,-2.282606707317073
18600,-2.296326219512195
18700,-2.310045731707317
18800,-2.323765243902439
18900,-2.337484756097561
19000,-2.351204268292683
19100,-2.364923780487805
19200,-2.3507339449541287
19300,-2.3201529051987766
19400,-2.289571865443425
19500,-2.2589908256880733
19600,-2.2284097859327217
19700,-2.19782874617737
19800,-2.1694545454545455
19900,-2.163393939393939
20000,-2.1573333333333333
20100,-2.151272727272727
20200,-2.145212121212121
20300,-2.1391515151515152
20400,-2.133090909090909
20500,-2.1328994082840236
20600,-2.138816568047337
20700,-2.144733727810651
20800,-2.1506508875739643
20900,-2.156568047337278
21000,-2.1624852071005916
21100,-2.1684023668639054
21200,-2.188467261904762
21300,-2.2137648809523807
21400,-2.2390624999999997
21500,-2.264360119047619
21600,-2.289657738095238
21700,-2.314955357142857
21800,-2.3404962406015035
21900,-2.3901203007518794
22000,-2.4397443609022558
22100,-2.4893684210526317
22200,-2.5389924812030076
22300,-2.5886165413533835
22400,-2.6382406015037594
22500,-2.6715999999999998
22600,-2.6760444444444444
22700,-2.6804888888888887
22800,-2.6849333333333334
22900,-2.6893777777777776
23000,-2.6938222222222223
23100,-2.698266666666667
23200,-2.6991310541310543
23300,-2.6977065527065527
23400,-2.6962820512820516
23500,-2.69485754985755
23600,-2.6934330484330484
23700,-2.692008547008547
23800,-2.6905840455840457
23900,-2.712217573221757
24000,-2.7498744769874475
24100,-2.787531380753138
24200,-2.8251882845188283
24300,-2.8628451882845187
24400,-2.900502092050209
24500,-2.9381589958158996
24600,-2.9889851150202977
24700,-3.0579972936400543
24800,-3.1270094722598105
24900,-3.196021650879567
25000,-3.2650338294993233
25100,-3.33404600811908
25200,-3.4030581867388365
25300,-3.471407506702413
25400,-3.518324396782842
25500,-3.565241286863271
25600,-3.6121581769436997
25700,-3.6590750670241285
25800,-3.7059919571045574
25900,-3.7529088471849863
26000,-3.7998257372654156
26100,-3.844610027855153
26200,-3.887785515320334
26300,-3.9309610027855153
26400,-3.974136490250696
26500,-4.0173119777158774
26600,-4.060487465181058
26700,-4.103662952646239
26800,-4.152172011661808
26900,-4.20902332361516
27000,-4.265874635568513
27100,-4.322725947521866
27200,-4.3795772594752185
27300,-4.436428571428571
27400,-4.493279883381923
27500,-4.50359133126935
27600,-4.472631578947368
27700,-4.441671826625387
27800,-4.410712074303405
27900,-4.3797523219814245
28000,-4.348792569659443
28100,-4.315851063829787
28200,-4.2565805471124625
28300,-4.197310030395137
28400,-4.138039513677811
28500,-4.078768996960487
28600,-4.019498480243161
28700,-3.960227963525836
28800,-3.920768115942029
28900,-3.901927536231884
29000,-3.883086956521739
29100,-3.864246376811594
29200,-3.8454057971014493
29300,-3.826565217391304
29400,-3.8077246376811593
29500,-3.803241758241758
29600,-3.8087362637362636
29700,-3.814230769230769
29800,-3.8197252747252746
29900,-3.82521978021978
30000,-3.8307142857142855
30100,-3.836208791208791
30200,-3.8685902503293805
30300,-3.960816864295125
30400,-4.05304347826087
30500,-4.145270092226614
30600,-4.237496706192358
30700,-4.329723320158103
30800,-4.421949934123847
30900,-4.5141765480895915
31000,-4.613583441138422
31100,-4.715782664941785
31200,-4.817981888745149
31300,-4.920181112548512
31400,-5.022380336351876
31500,-5.124579560155239
31600,-5.226778783958603
31700,-5.328978007761966
31800,-5.419514170040486
31900,-5.509932523616734
32000,-5.600350877192983
32100,-5.690769230769231
32200,-5.781187584345479
32300,-5.871605937921728
32400,-5.9620242914979755
32500,-6.034218289085546
32600,-6.093215339233039
32700,-6.152212389380531
32800,-6.211209439528024
32900,-6.270206489675516
33000,-6.329203539823009
33100,-6.388200589970502
33200,-6.377570093457944
33300,-6.349532710280374
33400,-6.321495327102804
33500,-6.293457943925234
33600,-6.265420560747663
33700,-6.237383177570093
33800,-6.178885245901639
33900,-6.070688524590164
34000,-5.962491803278688
34100,-5.854295081967213
34200,-5.746098360655737
34300,-5.637901639344262
34400,-5.538954248366013
34500,-5.463790849673202
34600,-5.388627450980392
34700,-5.313464052287581
34800,-5.238300653594771
34900,-5.163137254901961
35000,-5.091183144246353
35100,-5.036077795786062
35200,-4.98097244732577
35300,-4.925867098865478
35400,-4.870761750405186
35500,-4.815656401944894
35600,-4.760551053484603
35700,-4.753793103448276
35800,-4.747523510971787
35900,-4.741253918495298
36000,-4.734984326018808
36100,-4.728714733542319
36200,-4.722445141065831
36300,-4.759587020648968
36400,-4.824483775811209
36500,-4.889380530973451
36600,-4.954277286135693
36700,-5.019174041297935
36800,-5.0840707964601775
36900,-5.148967551622419
37000,-5.233936781609196
37100,-5.32301724137931
37200,-5.412097701149426
37300,-5.50117816091954
37400,-5.590258620689656
37500,-5.67933908045977
37600,-5.7684195402298855
37700,-5.897669064748202
37800,-6.032920863309353
37900,-6.1681726618705035
38000,-6.303424460431654
38100,-6.438676258992806
38200,-6.573928057553957
38300,-6.7091798561151075
38400,-6.803761194029851
38500,-6.894805970149253
38600,-6.985850746268657
38700,-7.076895522388059
38800,-7.167940298507463
38900,-7.258985074626866
39000,-7.327818181818182
39100,-7.317900826446281
39200,-7.30798347107438
39300,-7.298066115702479
39400,-7.288148760330579
39500,-7.278231404958677
39600,-7.265595854922279
39700,-7.2396891191709845
39800,-7.213782383419689
39900,-7.187875647668394
40000,-7.161968911917098
40100,-7.136062176165803
40200,-7.072841726618705
40300,-6.948741007194244
40400,-6.8246402877697845
40500,-6.700539568345324
40600,-6.576438848920863
40700,-6.452338129496402
40800,-6.373771428571429
40900,-6.3052
41000,-6.236628571428572
41100,-6.168057142857143
41200,-6.099485714285715
41300,-6.035243902439024
41400,-5.974268292682927
41500,-5.913292682926829
41600,-5.852317073170731
41700,-5.791341463414634
41800,-5.7097435897435895
41900,-5.617041420118343
42000,-5.524339250493096
42100,-5.43163708086785
42200,-5.338934911242603
42300,-5.277360594795539
42400,-5.238327137546468
42500,-5.199293680297398
42600,-5.160260223048327
42700,-5.121226765799256
42800,-5.10421143847487
42900,-5.17526863084922
43000,-5.24632582322357
43100,-5.31738301559792
43200,-5.388440207972271
43300,-5.459497400346621
43400,-5.555317324185249
43500,-5.683962264150943
43600,-5.812607204116638
43700,-5.941252144082333
43800,-6.069897084048027
43900,-6.198542024013722
44000,-6.34948717948718
44100,-6.515299145299145
44200,-6.681111111111111
44300,-6.846923076923077
44400,-7.012735042735042
44500,-7.1785470085470084
44600,-7.260747028862479
44700,-7.315076400679117
44800,-7.369405772495756
44900,-7.423735144312394
45000,-7.478064516129033
45100,-7.532393887945671
45200,-7.576689419795222
45300,-7.619351535836177
45400,-7.662013651877134
45500,-7.704675767918089
45600,-7.7473378839590445
45700,-7.79
45800,-7.820821917808219
45900,-7.851643835616438
46000,-7.882465753424658
46100,-7.913287671232877
46200,-7.944109589041096
46300,-7.977487001733102
46400,-8.024280762564992
46500,-8.07107452339688
46600,-8.11786828422877
46700,-8.164662045060659
46800,-8.211455805892548
46900,-8.248771626297579
47000,-8.271262975778546
47100,-8.293754325259515
47200,-8.316245674740484
47300,-8.338737024221453
47400,-8.36122837370242
47500,-8.375341506129596
47600,-8.384098073555165
47700,-8.392854640980735
47800,-8.401611208406305
47900,-8.410367775831874
48000,-8.419124343257444
48100,-8.447224199288256
48200,-8.477473309608541
48300,-8.507722419928825
48400,-8.537971530249111
48500,-8.568220640569395
48600,-8.589490909090909
48700,-8.587672727272727
48800,-8.585854545454545
48900,-8.584036363636363
49000,-8.582218181818181
49100,-8.580400000000001
49200,-8.568776978417267
49300,-8.554388489208634
49400,-8.54
49500,-8.525611510791366
49600,-8.511223021582733
49700,-8.492877697841728
49800,-8.460503597122303
49900,-8.428129496402878
50000,-8.395755395683453
50100,-8.363381294964029
50200,-8.331007194244604
50300,-8.334067495559502
50400,-8.355381882770871
50500,-8.376696269982238
50600,-8.398010657193606
50700,-8.419325044404973
50800,-8.44085561497326
50900,-8.469376114081996
51000,-8.497896613190731
51100,-8.526417112299464
51200,-8.5549376114082
51300,-8.583458110516935
51400,-8.606860254083484
51500,-8.623194192377495
51600,-8.639528130671506
51700,-8.655862068965517
51800,-8.672196007259528
51900,-8.688529945553539
52000,-8.680437828371279
52100,-8.669929947460595
52200,-8.659422066549913
52300,-8.64891418563923
52400,-8.638406304728546
52500,-8.629650959860385
52600,-8.627905759162305
52700,-8.626160558464223
52800,-8.624415357766143
52900,-8.622670157068063
53000,-8.620924956369983
53100,-8.615069930069929
53200,-8.604580419580419
53300,-8.594090909090909
53400,-8.583601398601399
53500,-8.573111888111889
53600,-8.562622377622379
53700,-8.56
53800,-8.56
53900,-8.56
54000,-8.56
54100,-8.56
54200,-8.56
54300,-8.53986906710311
54400,-8.51531914893617
54500,-8.490769230769232
54600,-8.466219312602291
54700,-8.441669394435353
54800,-8.417119476268413
54900,-8.439488817891373
55000,-8.481022364217253
55100,-8.522555910543131
55200,-8.56408945686901
55300,-8.605623003194887
55400,-8.647156549520767
55500,-8.68252045826514
55600,-8.710343698854338
55700,-8.738166939443536
55800,-8.765990180032734
55900,-8.79381342062193
56000,-8.821636661211128
56100,-8.846141215106732
56200,-8.864203612479475
56300,-8.882266009852216
56400,-8.900328407224958
56500,-8.918390804597701
56600,-8.936453201970442
56700,-8.935841423948219
56800,-8.8792071197411
56900,-8.82257281553398
57000,-8.76593851132686
57100,-8.709304207119741
57200,-8.65266990291262
57300,-8.5985346215781
57400,-8.577600644122382
57500,-8.556666666666667
57600,-8.53573268921095
57700,-8.514798711755233
57800,-8.493864734299517
57900,-8.472930756843802
58000,-8.439533011272141
58100,-8.404106280193238
58200,-8.368679549114333
58300,-8.333252818035428
58400,-8.297826086956523
58500,-8.262399355877617
58600,-8.248913043478261
58700,-8.247240802675586
58800,-8.24556856187291
58900,-8.243896321070235
59000,-8.242224080267558
59100,-8.240551839464883
59200,-8.22129144851658
59300,-8.193368237347295
59400,-8.165445026178011
59500,-8.137521815008727
59600,-8.10959860383944
59700,-8.081675392670157
59800,-7.912403100775194
59900,-7.734108527131783
60000,-7.555813953488372
60100,-7.377519379844961
60200,-7.199224806201551
60300,-7.021437125748503
60400,-6.843792415169661
60500,-6.666147704590818
60600,-6.488502994011975
60700,-6.3108582834331335
60800,-6.165292887029288
60900,-6.029309623430962
61000,-5.893326359832636
61100,-5.75734309623431
61200,-5.621359832635983
61300,-5.572950495049505
61400,-5.5254257425742574
61500,-5.47790099009901
61600,-5.430376237623762
61700,-5.382851485148515
61800,-5.259835051546392
61900,-5.132
62000,-5.004164948453608
62100,-4.876329896907216
62200,-4.755252747252747
62300,-4.702505494505494
62400,-4.649758241758241
62500,-4.597010989010989
62600,-4.544263736263736
62700,-4.514777562862669
62800,-4.505106382978723
62900,-4.495435203094777
63000,-4.485764023210831
63100,-4.476092843326885
63200,-4.436224066390041
63300,-4.3449377593361
63400,-4.253651452282158
63500,-4.1623651452282155
63600,-4.071078838174274
63700,-3.9959000000000002
63800,-3.9339000000000004
63900,-3.8719
64000,-3.8099000000000003
64100,-3.7479
64200,-3.748612716763006
64300,-3.8006358381502894
64400,-3.8526589595375724
64500,-3.9046820809248555
64600,-3.956705202312139
64700,-4.001683569979717
64800,-4.034137931034483
64900,-4.06659229208925
65000,-4.099046653144017
65100,-4.131501014198784
65200,-4.133333333333334
65300,-4.094573643410853
65400,-4.055813953488372
65500,-4.017054263565892
65600,-3.978294573643411
65700,-3.948969465648855
65800,-3.9451526717557255
65900,-3.9413358778625955
66000,-3.9375190839694656
66100,-3.933702290076336
66200,-3.929252669039146
66300,-3.9043416370106763
66400,-3.8794306049822067
66500,-3.8545195729537367
66600,-3.829608540925267
66700,-3.804697508896797
66800,-3.816306729264476
66900,-3.880469483568075
67000,-3.9446322378716747
67100,-4.008794992175274
67200,-4.072957746478873
67300,-4.137120500782473
67400,-4.201981707317073
67500,-4.3010670731707314
67600,-4.4001524390243905
67700,-4.499237804878049
67800,-4.598323170731707
67900,-4.697408536585366
68000,-4.796493902439024
68100,-4.882162601626016
68200,-4.952081300813008
68300,-5.022
68400,-5.091918699186992
68500,-5.161837398373984
68600,-5.231756097560976
68700,-5.277508038585209
68800,-5.269469453376206
68900,-5.261430868167203
69000,-5.2533922829582
69100,-5.245353697749197
69200,-5.237315112540193
69300,-5.231092564491655
69400,-5.243232169954477
69500,-5.2553717754172995
69600,-5.267511380880121
69700,-5.2796509863429435
69800,-5.291790591805766
69900,-5.303930197268588
70000,-5.337900146842878
70100,-5.393700440528634
70200,-5.44950073421439
70300,-5.505301027900147
70400,-5.5611013215859035
70500,-5.61690161527166
70600,-5.672701908957416
70700,-5.703663366336634
70800,-5.723465346534653
70900,-5.743267326732673
71000,-5.763069306930693
71100,-5.782871287128713
71200,-5.802673267326733
71300,-5.8224752475247525
71400,-5.8491036414565825
71500,-5.879915966386554
71600,-5.910728291316526
71700,-5.941540616246499
71800,-5.972352941176471
71900,-6.003165266106443
72000,-6.033977591036415
72100,-6.044122448979592
72200,-6.031877551020408
72300,-6.019632653061224
72400,-6.007387755102041
72500,-5.995142857142857
72600,-5.982897959183673
72700,-5.97065306122449
72800,-5.962684365781711
72900,-5.983333333333333
73000,-6.003982300884956
73100,-6.024631268436578
73200,-6.0452802359882005
73300,-6.065929203539823
73400,-6.086578171091445
73500,-6.0508185538881305
73600,-5.910300136425648
73700,-5.769781718963165
73800,-5.629263301500682
73900,-5.4887448840382
74000,-5.348226466575716
74100,-5.207708049113234
74200,-5.070268292682927
74300,-5.083682926829269
74400,-5.09709756097561
74500,-5.110512195121951
74600,-5.123926829268293
74700,-5.137341463414634
74800,-5.150756097560976
74900,-5.164170731707316
75000,-5.177585365853658
75100,-5.242403204272363
75200,-5.3185046728971965
75300,-5.394606141522029
75400,-5.470707610146862
75500,-5.5468090787716955
75600,-5.622910547396529
75700,-5.699012016021362
75800,-5.810754966887417
75900,-5.994860927152318
76000,-6.178966887417219
76100,-6.363072847682119
76200,-6.54717880794702
76300,-6.73128476821192
76400,-6.915390728476821
76500,-7.099496688741722
76600,-7.2375
76700,-7.3625
76800,-7.4875
76900,-7.6125
77000,-7.7375
77100,-7.8625
77200,-7.9875
77300,-8.1125
77400,-8.2375
77500,-8.337171717171717
77600,-8.387676767676767
77700,-8.438181818181818
77800,-8.48868686868687
77900,-8.53919191919192
78000,-8.58969696969697
78100,-8.64020202020202
78200,-8.69070707070707
78300,-8.74121212121212
78400,-8.727440273037542
78500,-8.628464163822525
78600,-8.529488054607508
78700,-8.43051194539249
78800,-8.331535836177475
78900,-8.232559726962457
79000,-8.13358361774744
79100,-8.034607508532423
79200,-7.935631399317407
79300,-7.835412844036697
79400,-7.734495412844037
79500,-7.633577981651376
79600,-7.532660550458716
79700,-7.431743119266055
79800,-7.330825688073395
79900,-7.229908256880734
80000,-7.129754098360656
80100,-7.10516393442623
80200,-7.080573770491803
80300,-7.055983606557377
80400,-7.03139344262295
80500,-7.006803278688524
80600,-6.9822131147540984
80700,-6.957622950819672
80800,-6.933032786885246
80900,-6.8924967490247075
81000,-6.833979193758127
81100,-6.775461638491548
81200,-6.716944083224967
81300,-6.658426527958388
81400,-6.599908972691807
81500,-6.541391417425228
81600,-6.482873862158647
81700,-6.445139442231076
81800,-6.413266932270917
81900,-6.381394422310757
82000,-6.349521912350598
82100,-6.317649402390439
82200,-6.285776892430279
82300,-6.25390438247012
82400,-6.209084967320262
82500,-6.125424836601308
82600,-6.041764705882353
82700,-5.958104575163399
82800,-5.874444444444444
82900,-5.79078431372549
83000,-5.707124183006536
83100,-5.623464052287582
83200,-5.561633237822349
83300,-5.514355300859599
83400,-5.467077363896848
83500,-5.419799426934097
83600,-5.372521489971347
83700,-5.325243553008596
83800,-5.2779656160458455
83900,-5.254553440702781
84000,-5.245768667642753
84100,-5.236983894582723
84200,-5.228199121522694
84300,-5.2194143484626645
84400,-5.210629575402636
84500,-5.201844802342606
84600,-5.085797317436662
84700,-4.94123695976155
84800,-4.796676602086438
84900,-4.652116244411326
85000,-4.507555886736215
85100,-4.362995529061103
85200,-4.227653631284917
85300,-4.198324022346369
85400,-4.168994413407821
85500,-4.139664804469274
85600,-4.110335195530726
85700,-4.081005586592179
85800,-4.051675977653631
85900,-4.022346368715083
86000,-4.003812316715542
86100,-3.9862170087976536
86200,-3.968621700879765
86300,-3.9510263929618765
86400,-3.933431085043988
86500,-3.9158357771260994
86600,-3.905847076461769
86700,-3.96431784107946
86800,-4.022788605697151
86900,-4.081259370314843
87000,-4.139730134932534
87100,-4.1982008995502245
87200,-4.256671664167916
87300,-4.283445121951219
87400,-4.268201219512195
87500,-4.252957317073171
87600,-4.237713414634147
87700,-4.222469512195122
87800,-4.207225609756098
87900,-4.1919817073170735
88000,-4.171290322580646
88100,-4.14978494623656
88200,-4.128279569892474
88300,-4.106774193548387
88400,-4.085268817204301
88500,-4.063763440860215
88600,-4.047142857142857
88700,-4.039206349206349
88800,-4.031269841269841
88900,-4.023333333333333
89000,-4.0153968253968255
89100,-4.007460317460318
89200,-4.000573248407643
89300,-4.0101273885350315
89400,-4.01968152866242
89500,-4.029235668789808
89600,-4.038789808917198
89700,-4.048343949044586
89800,-4.0578980891719745
89900,-4.036081771720613
90000,-4.00541737649063
90100,-3.974752981260647
90200,-3.9440885860306643
90300,-3.9134241908006815
90400,-3.8827597955706983
90500,-3.901965517241379
90600,-3.9261034482758617
90700,-3.9502413793103446
90800,-3.974379310344827
90900,-3.99851724137931
91000,-4.010052173913043
91100,-3.9196173913043477
91200,-3.829182608695652
91300,-3.738747826086956
91400,-3.648313043478261
91500,-3.557878260869565
91600,-3.5038162544169613
91700,-3.514416961130742
91800,-3.525017667844523
91900,-3.535618374558304
92000,-3.546219081272085
92100,-3.556819787985866
92200,-3.573799283154122
92300,-3.5935125448028673
92400,-3.613225806451613
92500,-3.6329390681003586
92600,-3.652652329749104
92700,-3.6706766917293234
92800,-3.676315789473684
92900,-3.681954887218045
93000,-3.687593984962406
93100,-3.693233082706767
93200,-3.698872180451128
93300,-3.707843137254902
93400,-3.7176470588235295
93500,-3.727450980392157
93600,-3.7372549019607844
93700,-3.7470588235294118
93800,-3.7094
93900,-3.6514
94000,-3.5934
94100,-3.5354
94200,-3.4774
94300,-3.423768115942029
94400,-3.372008281573499
94500,-3.320248447204969
94600,-3.268488612836439
94700,-3.216728778467909
94800,-3.21
94900,-3.21
95000,-3.21
95100,-3.21
95200,-3.2009297052154193
95300,-3.1646485260770976
95400,-3.1283673469387754
95500,-3.092086167800453
95600,-3.0558049886621315
95700,-2.9970093457943925
95800,-2.93392523364486
95900,-2.870841121495327
96000,-2.8077570093457944
96100,-2.7367213114754096
96200,-2.65943793911007
96300,-2.5821545667447308
96400,-2.5048711943793913
96500,-2.443710843373494
96600,-2.422024096385542
96700,-2.4003373493975904
96800,-2.3786506024096385
96900,-2.3646075949367087
97000,-2.397518987341772
97100,-2.4304303797468356
97200,-2.463341772151899
97300,-2.4855
97400,-2.4618157894736843
97500,-2.4381315789473685
97600,-2.414447368421053
97700,-2.361705426356589
97800,-2.2635142118863048
97900,-2.1653229974160206
98000,-2.0671317829457365
98100,-1.9864948453608249
98200,-1.922061855670103
98300,-1.8576288659793814
98400,-1.7931958762886597
98500,-1.8344961240310078
98600,-1.9352713178294574
98700,-2.036046511627907
98800,-2.1368217054263567
98900,-2.189389312977099
99000,-2.2275572519083973
99100,-2.265725190839695
99200,-2.3038931297709926
99300,-2.3409473684210527
99400,-2.3777894736842105
99500,-2.4146315789473687
99600,-2.453183023872679
99700,-2.5327586206896555
99800,-2.6123342175066315
99900,-2.6919098143236075
100000,-2.7306077348066298
100100,-2.6587845303867406
100200,-2.586961325966851
100300,-2.5151381215469617
100400,-2.5012068965517242
100500,-2.518448275862069
100600,-2.5356896551724137
100700,-2.5356268221574343
100800,-2.451078717201166
100900,-2.366530612244898
101000,-2.2819825072886295
101100,-2.186
101200,-2.086
101300,-1.986
101400,-1.9118805970149253
101500,-1.888
101600,-1.8641194029850747
101700,-1.8402388059701493
101800,-1.8520364741641338
101900,-1.8641945288753798
102000,-1.8763525835866262
102100,-1.8926126126126126
102200,-1.9106306306306307
102300,-1.9286486486486485
102400,-1.9117125382262996
102500,-1.8352599388379205
102600,-1.7588073394495412
102700,-1.6953459119496854
102800,-1.7488050314465409
102900,-1.8022641509433963
103000,-1.8557232704402518
103100,-1.920564263322884
103200,-1.9863949843260187
103300,-2.0522257053291533
103400,-2.0201242236024846
103500,-1.951801242236025
103600,-1.8834782608695653
103700,-1.8372897196261684
103800,-1.812367601246106
103900,-1.7874454828660435
104000,-1.7841955835962144
104100,-1.8315141955835963
104200,-1.878832807570978
104300,-1.9163551401869159
104400,-1.8883177570093457
104500,-1.8602803738317757
104600,-1.8322429906542057
104700,-1.861625
104800,-1.896
104900,-1.930375
105000,-1.9538906752411576
105100,-1.9731832797427653
105200,-1.992475884244373
105300,-2.0151552795031056
105400,-2.04
105500,-2.0648447204968945
105600,-2.047290322580645
105700,-1.9634193548387098
105800,-1.8795483870967742
105900,-1.8238795986622074
106000,-1.837257525083612
106100,-1.8506354515050167
106200,-1.8305696202531645
106300,-1.7324683544303798
106400,-1.634367088607595
106500,-1.5521472392638038
106600,-1.5674846625766872
106700,-1.5828220858895705
106800,-1.598159509202454
106900,-1.7221451104100947
107000,-1.8609463722397477
107100,-1.9997476340694007
107200,-2.1148493975903615
107300,-2.2202710843373494
107400,-2.3256927710843374
107500,-2.4030395136778115
107600,-2.4364741641337386
107700,-2.4699088145896657
107800,-2.5062111801242235
107900,-2.56832298136646
108000,-2.630434782608696
108100,-2.6925465838509317
108200,-2.7134969325153375
108300,-2.728834355828221
108400,-2.744171779141104
108500,-2.706618075801749
108600,-2.6366472303207
108700,-2.56667638483965
108800,-2.5144837758112093
108900,-2.5380825958702062
109000,-2.561681415929203
109100,-2.5852802359882006
109200,-2.698235294117647
109300,-2.833529411764706
109400,-2.9688235294117646
109500,-3.05
109600,-3.05
109700,-3.05
109800,-3.05
109900,-3.0734453781512605
110000,-3.098655462184874
110100,-3.1238655462184877
110200,-3.1616
110300,-3.2216
110400,-3.2816
110500,-3.3416
110600,-3.436
110700,-3.536
110800,-3.636
110900,-3.6794285714285717
111000,-3.6222857142857143
111100,-3.5651428571428574
111200,-3.508
111300,-3.465698005698006
111400,-3.425811965811966
111500,-3.385925925925926
111600,-3.367671232876712
111700,-3.38958904109589
111800,-3.411506849315068
111900,-3.4334246575342466
112000,-3.451602209944751
112100,-3.4681767955801104
112200,-3.4847513812154696
112300,-3.5050273224043718
112400,-3.5678688524590165
112500,-3.6307103825136613
112600,-3.693551912568306
112700,-3.756737400530504
112800,-3.820397877984085
112900,-3.884058355437666
113000,-3.9477188328912467
113100,-3.9872872340425536
113200,-4.013882978723404
113300,-4.040478723404256
113400,-4.0670744680851065
113500,-4.15005291005291
113600,-4.24
113700,-4.32994708994709
113800,-4.415670103092784
113900,-4.467216494845361
114000,-4.518762886597939
114100,-4.570309278350516
114200,-4.610586734693878
114300,-4.613137755102041
114400,-4.615688775510204
114500,-4.618239795918368
114600,-4.624581280788178
114700,-4.63935960591133
114800,-4.654137931034483
114900,-4.668916256157635
115000,-4.689036144578313
115100,-4.725180722891566
115200,-4.76132530120482
115300,-4.797469879518072
115400,-4.839708737864077
115500,-4.936796116504855
115600,-5.0338834951456315
115700,-5.130970873786408
115800,-5.228058252427185
115900,-5.285517241379311
116000,-5.342167487684729
116100,-5.398817733990148
116200,-5.455467980295566
116300,-5.433776722090261
116400,-5.405273159144893
116500,-5.376769596199525
116600,-5.3482660332541565
116700,-5.31834422657952
116800,-5.287843137254902
116900,-5.257342047930283
117000,-5.226840958605664
117100,-5.209519832985387
117200,-5.288851774530271
117300,-5.368183716075157
117400,-5.447515657620042
117500,-5.526847599164927
117600,-5.609156626506024
117700,-5.697510040160642
117800,-5.785863453815261
117900,-5.87421686746988
118000,-5.962570281124497
118100,-6.086975308641975
118200,-6.278333333333333
118300,-6.469691358024691
118400,-6.661049382716049
118500,-6.852407407407408
118600,-6.991363636363636
118700,-7.0757792207792205
118800,-7.160194805194805
118900,-7.24461038961039
119000,-7.329025974025974
119100,-7.277438202247191
119200,-7.205528089887641
119300,-7.13361797752809
119400,-7.061707865168539
119500,-6.9639999999999995
119600,-6.830666666666667
119700,-6.697333333333333
119800,-6.564
119900,-6.432019950124689
120000,-6.304837905236908
120100,-6.177655860349128
120200,-6.050473815461347
120300,-5.912831858407079
120400,-5.735840707964602
120500,-5.558849557522124
120600,-5.381858407079647
120700,-5.2048672566371685
120800,-5.082269938650307
120900,-4.984110429447853
121000,-4.885950920245399
121100,-4.787791411042945
121200,-4.689631901840491
121300,-4.822826510721248
121400,-5.013859649122807
121500,-5.204892787524367
121600,-5.395925925925926
121700,-5.586959064327486
121800,-5.8248434237995825
121900,-6.085803757828811
122000,-6.346764091858038
122100,-6.607724425887265
122200,-6.868684759916493
122300,-6.984541484716157
122400,-7.080611353711791
122500,-7.1766812227074235
122600,-7.272751091703057
122700,-7.298823529411765
122800,-7.16156862745098
122900,-7.024313725490196
123000,-6.8870588235294115
123100,-6.749803921568628
123200,-6.595167652859961
123300,-6.433431952662722
123400,-6.271696252465483
123500,-6.1099605522682445
123600,-5.9482248520710055
123700,-5.89621359223301
123800,-5.905922330097087
123900,-5.915631067961165
124000,-5.925339805825243
124100,-5.93504854368932
124200,-5.992877697841727
124300,-6.100791366906475
124400,-6.2087050359712235
124500,-6.316618705035971
124600,-6.424532374100719
124700,-6.532446043165468
124800,-6.623064798598949
124900,-6.712381786339755
125000,-6.801698774080561
125100,-6.891015761821366
125200,-6.980332749562171
125300,-7.067152542372881
125400,-7.1451186440677965
125500,-7.223084745762712
125600,-7.301050847457627
125700,-7.379016949152542
125800,-7.456983050847457
125900,-7.518888888888888
126000,-7.546666666666667
126100,-7.5744444444444445
126200,-7.602222222222222
126300,-7.63
126400,-7.657777777777778
126500,-7.690130718954248
126600,-7.74078431372549
126700,-7.791437908496732
126800,-7.842091503267974
126900,-7.8927450980392155
127000,-7.943398692810458
127100,-7.99336569579288
127200,-8.035436893203883
127300,-8.077508090614886
127400,-8.11957928802589
127500,-8.161650485436894
127600,-8.203721682847897
127700,-8.2457928802589
127800,-8.2361301369863
127900,-8.220719178082192
128000,-8.205308219178082
128100,-8.189897260273973
128200,-8.174486301369862
128300,-8.154635761589404
128400,-8.06523178807947
128500,-7.975827814569537
128600,-7.886423841059603
128700,-7.797019867549669
128800,-7.707615894039735
128900,-7.6188532883642495
129000,-7.561517706576729
129100,-7.5041821247892075
129200,-7.446846543001686
129300,-7.389510961214166
129400,-7.332175379426644
129500,-7.279452054794521
129600,-7.273363774733638
129700,-7.267275494672755
129800,-7.261187214611873
129900,-7.25509893455099
130000,-7.249010654490107
130100,-7.242922374429224
130200,-7.316957123098202
130300,-7.464951590594744
130400,-7.612946058091286
130500,-7.760940525587829
130600,-7.908934993084371
130700,-8.056929460580914
130800,-8.204923928077456
130900,-8.331536491677337
131000,-8.405800256081946
131100,-8.480064020486557
131200,-8.554327784891166
131300,-8.628591549295775
131400,-8.702855313700384
131500,-8.777119078104993
131600,-8.851382842509604
131700,-8.893591022443891
131800,-8.901072319201996
131900,-8.9085536159601
132000,-8.916034912718205
132100,-8.92351620947631
132200,-8.930997506234414
132300,-8.938478802992519
132400,-8.945960099750623
132500,-8.954466019417476
132600,-8.964174757281553
132700,-8.97388349514563
132800,-8.983592233009707
132900,-8.993300970873786
133000,-9.003009708737864
133100,-9.01271844660194
133200,-9.022427184466018
133300,-9.030526946107784
133400,-9.032922155688622
133500,-9.03531736526946
133600,-9.0377125748503
133700,-9.040107784431138
133800,-9.042502994011976
133900,-9.044898203592815
134000,-9.047293413173653
134100,-9.049688622754491
134200,-9.038214285714286
134300,-9.024667487684729
134400,-9.011120689655172
134500,-8.997573891625615
134600,-8.984027093596058
134700,-8.970480295566503
134800,-8.956933497536946
134900,-8.94338669950739
135000,-8.890381679389312
135100,-8.824223918575063
135200,-8.758066157760814
135300,-8.691908396946564
135400,-8.625750636132315
135500,-8.559592875318065
135600,-8.493435114503816
135700,-8.427277353689567
135800,-8.35118556701031
135900,-8.273865979381444
136000,-8.196546391752577
136100,-8.119226804123711
136200,-8.041907216494845
136300,-7.96458762886598
136400,-7.887268041237114
136500,-7.822720930232558
136600,-7.843651162790698
136700,-7.8645813953488375
136800,-7.885511627906977
136900,-7.906441860465116
137000,-7.927372093023256
137100,-7.948302325581396
137200,-7.969232558139535
137300,-7.990162790697674
137400,-8.017472527472528
137500,-8.05043956043956
137600,-8.083406593406593
137700,-8.116373626373626
137800,-8.149340659340659
137900,-8.182307692307694
138000,-8.215274725274726
138100,-8.24824175824176
138200,-8.281208791208792
138300,-8.316651480637814
138400,-8.355375854214124
138500,-8.394100227790434
138600,-8.432824601366743
138700,-8.471548974943053
138800,-8.510273348519362
138900,-8.548997722095672
139000,-8.587722095671982
139100,-8.626446469248291
139200,-8.594972067039107
139300,-8.525698324022347
139400,-8.456424581005587
139500,-8.387150837988827
139600,-8.317877094972067
139700,-8.248603351955307
139800,-8.179329608938547
139900,-8.110055865921787
140000,-8.040782122905027
140100,-8.047137970353477
140200,-8.085906499429875
140300,-8.124675028506271
140400,-8.163443557582667
140500,-8.202212086659065
140600,-8.240980615735461
140700,-8.279749144811857
140800,-8.318517673888255
140900,-8.357286202964652
141000,-8.266778042959427
141100,-8.16653937947494
141200,-8.066300715990453
141300,-7.966062052505966
141400,-7.865823389021479
141500,-7.765584725536993
141600,-7.665346062052506
141700,-7.565107398568019
141800,-7.510778443113772
141900,-7.494011976047904
142000,-7.477245508982036
142100,-7.460479041916168
142200,-7.4437125748502995
142300,-7.426946107784431
142400,-7.410179640718563
142500,-7.393413173652695
142600,-7.3645977011494255
142700,-7.287586206896552
142800,-7.2105747126436786
142900,-7.133563218390805
143000,-7.056551724137931
143100,-6.979540229885058
143200,-6.902528735632184
143300,-6.82551724137931
143400,-6.748505747126437
143500,-6.718519701810437
143600,-6.73555910543131
143700,-6.752598509052183
143800,-6.769637912673057
143900,-6.78667731629393
144000,-6.803716719914803
144100,-6.820756123535676
144200,-6.837795527156549
144300,-6.854834930777423
144400,-6.877778884462152
144500,-6.948496015936255
144600,-7.019213147410358
144700,-7.089930278884462
144800,-7.160647410358566
144900,-7.2313645418326695
145000,-7.302081673306773
145100,-7.372798804780877
145200,-7.44351593625498
145300,-7.514233067729084
145400,-7.582335623159961
145500,-7.615701668302258
145600,-7.649067713444554
145700,-7.68243375858685
145800,-7.715799803729146
145900,-7.749165848871443
146000,-7.782531894013739
146100,-7.815897939156035
146200,-7.849263984298331
146300,-7.882630029440628
146400,-7.9159960745829245
146500,-7.902382382382382
146600,-7.882362362362362
146700,-7.862342342342342
146800,-7.842322322322322
146900,-7.822302302302302
147000,-7.802282282282282
147100,-7.782262262262262
147200,-7.762242242242242
147300,-7.742222222222222
147400,-7.722202202202202
147500,-7.683059845559845
147600,-7.641554054054054
147700,-7.600048262548262
147800,-7.558542471042471
147900,-7.517036679536679
148000,-7.475530888030888
148100,-7.4340250965250965
148200,-7.392519305019305
148300,-7.3510135135135135
148400,-7.309507722007722
148500,-7.299568706118355
148600,-7.317622868605818
148700,-7.3356770310932795
148800,-7.353731193580742
148900,-7.371785356068204
149000,-7.389839518555667
149100,-7.407893681043129
149200,-7.425947843530592
149300,-7.444002006018054
149400,-7.462056168505517
149500,-7.448336557059961
149600,-7.409651837524178
149700,-7.370967117988394
149800,-7.3322823984526115
149900,-7.293597678916828
150000,-7.254912959381045
150100,-7.216228239845261
150200,-7.177543520309478
150300,-7.138858800773694
150400,-7.1001740812379115
150500,-7.0778643446379474
150600,-7.113611365719524
150700,-7.1493583868011
150800,-7.185105407882677
150900,-7.220852428964253
151000,-7.2565994500458295
151100,-7.292346471127406
151200,-7.328093492208983
151300,-7.363840513290559
151400,-7.399587534372135
151500,-7.4353345554537125
151600,-7.47011786038078
151700,-7.502756119673617
151800,-7.535394378966455
151900,-7.568032638259293
152000,-7.60067089755213
152100,-7.633309156844969
152200,-7.665947416137806
152300,-7.698585675430644
152400,-7.731223934723482
152500,-7.763862194016319
152600,-7.796500453309157
152700,-7.817215189873418
152800,-7.807269439421338
152900,-7.797323688969259
153000,-7.787377938517179
153100,-7.7774321880651
153200,-7.76748643761302
153300,-7.75754068716094
153400,-7.747594936708861
153500,-7.737649186256781
153600,-7.727703435804702
153700,-7.717757685352622
153800,-7.709401631912964
153900,-7.7066817769718945
154000,-7.703961922030825
154100,-7.701242067089755
154200,-7.698522212148685
154300,-7.695802357207615
154400,-7.693082502266545
154500,-7.690362647325475
154600,-7.6876427923844055
154700,-7.6849229374433365
154800,-7.682203082502267
154900,-7.680783828382838
155000,-7.684909240924092
155100,-7.689034653465346
155200,-7.693160066006601
155300,-7.697285478547855
155400,-7.701410891089109
155500,-7.705536303630363
155600,-7.709661716171618
155700,-7.713787128712871
155800,-7.717912541254126
155900,-7.72203795379538
156000,-7.7261633663366345
156100,-7.7325493171471935
156200,-7.768968133535661
156300,-7.805386949924128
156400,-7.8418057663125955
156500,-7.878224582701063
156600,-7.91464339908953
156700,-7.9510622154779975
156800,-7.987481031866465
156900,-8.023899848254933
157000,-8.0603186646434
157100,-8.096737481031868
157200,-8.133156297420335
157300,-8.169575113808802
157400,-8.20599393019727
157500,-8.253594574227582
157600,-8.302577241899021
157700,-8.35155990957046
157800,-8.4005425772419
157900,-8.449525244913339
158000,-8.498507912584778
158100,-8.547490580256218
158200,-8.596473247927657
158300,-8.645455915599095
158400,-8.694438583270534
158500,-8.743421250941974
158600,-8.792403918613413
158700,-8.841386586284852
158800,-8.859056316590562
158900,-8.857534246575343
159000,-8.856012176560121
159100,-8.854490106544901
159200,-8.85296803652968
159300,-8.85144596651446
159400,-8.849923896499238
159500,-8.848401826484018
159600,-8.846879756468796
159700,-8.845357686453577
159800,-8.843835616438357
159900,-8.842313546423135
160000,-8.840791476407915
160100,-8.834018691588785
160200,-8.821557632398754
160300,-8.809096573208723
160400,-8.796635514018691
160500,-8.78417445482866
160600,-8.77171339563863
160700,-8.759252336448597
160800,-8.746791277258566
160900,-8.734330218068536
161000,-8.721869158878505
161100,-8.709408099688472
161200,-8.696947040498442
161300,-8.684485981308411
161400,-8.66629246676514
161500,-8.644874446085671
161600,-8.623456425406204
161700,-8.602038404726736
161800,-8.580620384047267
161900,-8.559202363367799
162000,-8.537784342688331
162100,-8.516366322008864
162200,-8.494948301329394
162300,-8.473530280649927
162400,-8.452112259970459
162500,-8.43069423929099
162600,-8.409276218611522
162700,-8.393914327917283
162800,-8.433057607090104
162900,-8.472200886262925
163000,-8.511344165435746
163100,-8.550487444608567
163200,-8.589630723781388
163300,-8.62877400295421
163400,-8.667917282127032
163500,-8.707060561299853
163600,-8.746203840472674
163700,-8.785347119645495
163800,-8.824490398818316
163900,-8.863633677991137
164000,-8.902776957163958
164100,-8.919125
164200,-8.9175625
164300,-8.916
164400,-8.9144375
164500,-8.912875
164600,-8.9113125
164700,-8.90975
164800,-8.9081875
164900,-8.906625
165000,-8.9050625
165100,-8.903500000000001
165200,-8.9019375
165300,-8.900375
165400,-8.863225806451613
165500,-8.814838709677419
165600,-8.766451612903227
165700,-8.718064516129033
165800,-8.669677419354839
165900,-8.621290322580645
166000,-8.572903225806453
166100,-8.524516129032259
166200,-8.476129032258065
166300,-8.427741935483871
166400,-8.379354838709677
166500,-8.330967741935485
166600,-8.282580645161291
166700,-8.244985163204747
166800,-8.28652818991098
166900,-8.32807121661721
167000,-8.369614243323442
167100,-8.411157270029674
167200,-8.452700296735905
167300,-8.494243323442136
167400,-8.535786350148369
167500,-8.5773293768546
167600,-8.61887240356083
167700,-8.660415430267063
167800,-8.701958456973294
167900,-8.743501483679525
168000,-8.785044510385758
168100,-8.796118271417741
168200,-8.79005307050796
168300,-8.783987869598182
168400,-8.7779226686884
168500,-8.77185746777862
168600,-8.765792266868841
168700,-8.75972706595906
168800,-8.753661865049281
168900,-8.7475966641395
169000,-8.74153146322972
169100,-8.73546626231994
169200,-8.72940106141016
169300,-8.723335860500379
169400,-8.706410698878344
169500,-8.67621225194133
169600,-8.646013805004314
169700,-8.6158153580673
169800,-8.585616911130284
169900,-8.55541846419327
170000,-8.525220017256256
170100,-8.49502157031924
170200,-8.464823123382226
170300,-8.43462467644521
170400,-8.404426229508196
170500,-8.37422778257118
170600,-8.266385542168674
170700,-8.145903614457831
170800,-8.025421686746988
170900,-7.904939759036144
171000,-7.784457831325301
171100,-7.663975903614458
171200,-7.543493975903614
171300,-7.423012048192771
171400,-7.3025301204819275
171500,-7.182048192771084
171600,-7.005722284434491
171700,-6.823191489361702
171800,-6.640660694288914
171900,-6.458129899216125
172000,-6.275599104143337
172100,-6.093068309070548
172200,-5.9105375139977605
172300,-5.728006718924972
172400,-5.545475923852184
172500,-5.403688833124216
172600,-5.263161856963613
172700,-5.1226348808030115
172800,-4.982107904642409
172900,-4.8415809284818065
173000,-4.701053952321204
173100,-4.560526976160602
173200,-4.42
173300,-4.250811554332875
173400,-4.08162310866575
173500,-3.912434662998624
173600,-3.743246217331499
173700,-3.574057771664374
173800,-3.404869325997249
173900,-3.235680880330124
174000,-3.094531043593131
174100,-2.9637516512549538
174200,-2.8329722589167767
174300,-2.7021928665785997
174400,-2.5714134742404227
174500,-2.440634081902246
174600,-2.309854689564069
174700,-2.210397877984085
174800,-2.2753846153846156
174900,-2.340371352785146
175000,-2.4053580901856764
175100,-2.470344827586207
175200,-2.5353315649867376
175300,-2.600318302387268
175400,-2.6653050397877984
175500,-2.685143603133159
175600,-2.6773107049608353
175700,-2.6694778067885117
175800,-2.661644908616188
175900,-2.6538120104438643
176000,-2.6459791122715406
176100,-2.6381462140992165
176200,-2.6303133159268928
176300,-2.6571698113207547
176400,-2.6854716981132074
176500,-2.71377358490566
176600,-2.7420754716981133
176700,-2.770377358490566
176800,-2.7986792452830187
176900,-2.8269811320754714
177000,-2.8157303370786515
177100,-2.7707865168539323
177200,-2.7258426966292135
177300,-2.6808988764044943
177400,-2.635955056179775
177500,-2.5910112359550563
177600,-2.546067415730337
177700,-2.5242120343839543
177800,-2.534240687679083
177900,-2.544269340974212
178000,-2.554297994269341
178100,-2.56432664756447
178200,-2.5743553008595987
178300,-2.5843839541547275
178400,-2.5494236311239193
178500,-2.4572046109510084
178600,-2.364985590778098
178700,-2.2727665706051874
178800,-2.1805475504322764
178900,-2.088328530259366
179000,-1.9961095100864552
179100,-1.9507440476190476
179200,-1.9522321428571427
179300,-1.953720238095238
179400,-1.9552083333333332
179500,-1.9566964285714286
179600,-1.9581845238095237
179700,-1.959672619047619
179800,-2.006666666666667
179900,-2.0664957264957264
180000,-2.126324786324786
180100,-2.186153846153846
180200,-2.2459829059829057
180300,-2.305811965811966
180400,-2.3656410256410254
180500,-2.3698214285714285
180600,-2.3564285714285713
180700,-2.343035714285714
180800,-2.329642857142857
180900,-2.31625
181000,-2.302857142857143
181100,-2.2871387696709586
181200,-2.2156080114449215
181300,-2.1440772532188843
181400,-2.0725464949928467
181500,-2.00101573676681
181600,-1.9294849785407726
181700,-1.8579542203147354
181800,-1.7936458333333334
181900,-1.8665625
182000,-1.9394791666666666
182100,-2.012395833333333
182200,-2.0853124999999997
182300,-2.1582291666666666
182400,-2.231145833333333
182500,-2.2624137931034483
182600,-2.2091222570532913
182700,-2.1558307210031344
182800,-2.102539184952978
182900,-2.049247648902821
183000,-1.9959561128526646
183100,-1.9426645768025077
183200,-1.8666881028938906
183300,-1.7895176848874597
183400,-1.712347266881029
183500,-1.6351768488745981
183600,-1.5580064308681671
183700,-1.4808360128617364
183800,-1.4381364392678868
183900,-1.4081863560732113
184000,-1.3782362728785358
184100,-1.3482861896838603
184200,-1.3183361064891848
184300,-1.2883860232945092
184400,-1.243529411764706
184500,-1.1928758169934641
184600,-1.1422222222222222
184700,-1.0915686274509804
184800,-1.0409150326797385
184900,-0.9902614379084967
185000,-1.0033333333333334
185100,-1.0588888888888888
185200,-1.1144444444444446
185300,-1.17
185400,-1.2255555555555555
185500,-1.281111111111111
185600,-1.2708163265306123
185700,-1.2265986394557824
185800,-1.1823809523809525
185900,-1.1381632653061224
186000,-1.0939455782312926
186100,-1.0497278911564627
186200,-1.0825704225352113
186300,-1.1371478873239438
186400,-1.191725352112676
186500,-1.2463028169014085
186600,-1.300880281690141
186700,-1.3447723440134909
186800,-1.292495784148398
186900,-1.2402192242833052
187000,-1.1879426644182125
187100,-1.1356661045531198
187200,-1.083389544688027
187300,-1.0521635434412266
187400,-1.1237137989778536
187500,-1.1952640545144804
187600,-1.2668143100511073
187700,-1.3383645655877343
187800,-1.409914821124361
187900,-1.458471986417657
188000,-1.4533786078098472
188100,-1.4482852292020374
188200,-1.4431918505942274
188300,-1.4380984719864176
188400,-1.4330050933786078
188500,-1.4329496402877697
188600,-1.4401438848920862
188700,-1.4473381294964027
188800,-1.4545323741007194
188900,-1.461726618705036
189000,-1.4689208633093525
189100,-1.4381249999999999
189200,-1.400625
189300,-1.363125
189400,-1.325625
189500,-1.288125
189600,-1.2525569176882663
189700,-1.222784588441331
189800,-1.193012259194396
189900,-1.1632399299474607
190000,-1.1334676007005255
190100,-1.1036952714535904
190200,-1.115846153846154
190300,-1.1637094017094018
190400,-1.2115726495726498
190500,-1.2594358974358975
190600,-1.3072991452991454
190700,-1.3551623931623933
190800,-1.4129075630252101
190900,-1.47509243697479
191000,-1.5372773109243698
191100,-1.5994621848739496
191200,-1.6616470588235295
191300,-1.7238319327731093
191400,-1.7735798319327731
191500,-1.8189579831932772
191600,-1.8643361344537814
191700,-1.9097142857142855
191800,-1.9550924369747897
191900,-2.000470588235294
192000,-2.054396694214876
192100,-2.110595041322314
192200,-2.166793388429752
192300,-2.22299173553719
192400,-2.2791900826446283
192500,-2.3353884297520664
192600,-2.4166564885496182
192700,-2.506732824427481
192800,-2.5968091603053436
192900,-2.6868854961832063
193000,-2.7769618320610685
193100,-2.867038167938931
193200,-2.9477963525835866
193300,-2.9888297872340424
193400,-3.0298632218844985
193500,-3.0708966565349542
193600,-3.1119300911854104
193700,-3.152963525835866
193800,-3.1939969604863223
193900,-3.234250764525994
194000,-3.2740061162079512
194100,-3.3137614678899086
194200,-3.3535168195718654
194300,-3.3932721712538227
194400,-3.43302752293578
194500,-3.4704160475482912
194600,-3.4763595839524517
194700,-3.482303120356612
194800,-3.4882466567607726
194900,-3.494190193164933
195000,-3.5001337295690935
195100,-3.506077265973254
195200,-3.5303801169590643
195300,-3.5903216374269005
195400,-3.6502631578947367
195500,-3.710204678362573
195600,-3.7701461988304095
195700,-3.8300877192982457
195800,-3.890029239766082
195900,-3.942189349112426
196000,-3.986568047337278
196100,-4.03094674556213
196200,-4.075325443786982
196300,-4.119704142011834
196400,-4.164082840236686
196500,-4.208461538461538
196600,-4.216763848396501
196700,-4.212390670553936
196800,-4.20801749271137
196900,-4.2036443148688045
197000,-4.19927113702624
197100,-4.194897959183674
197200,-4.190524781341108
197300,-4.20855421686747
197400,-4.2296385542168675
197500,-4.250722891566265
197600,-4.271807228915663
197700,-4.292891566265061
197800,-4.313975903614458
197900,-4.326232339089482
198000,-4.310533751962324
198100,-4.294835164835165
198200,-4.279136577708006
198300,-4.263437990580848
198400,-4.247739403453689
198500,-4.232040816326531
198600,-4.348750000000001
198700,-4.485244252873564
198800,-4.6217385057471265
198900,-4.758232758620689
199000,-4.894727011494253
199100,-5.031221264367816
199200,-5.167715517241379
199300,-5.155122302158273
199400,-5.127784172661871
199500,-5.1004460431654675
199600,-5.073107913669065
199700,-5.045769784172662
199800,-5.0184316546762595
199900,-4.991093525179856
200000,-5.039655172413793
200100,-5.091379310344828
200200,-5.143103448275862
200300,-5.194827586206896
200400,-5.246551724137931
200500,-5.298275862068965
200600,-5.35
200700,-5.375920873124147
200800,-5.401841746248294
200900,-5.427762619372442
201000,-5.453683492496589
201100,-5.4796043656207365
201200,-5.505525238744884
201300,-5.531446111869031
201400,-5.616077419354839
201500,-5.729625806451613
201600,-5.843174193548387
201700,-5.956722580645161
201800,-6.070270967741935
201900,-6.183819354838709
202000,-6.297367741935484
202100,-6.410916129032258
202200,-6.456695156695156
202300,-6.496581196581197
202400,-6.536467236467237
202500,-6.576353276353276
202600,-6.616239316239317
202700,-6.656125356125356
202800,-6.6960113960113965
202900,-6.645496894409938
203000,-6.584937888198758
203100,-6.524378881987578
203200,-6.463819875776397
203300,-6.403260869565218
203400,-6.342701863354037
203500,-6.2418228279386705
203600,-6.093611584327086
203700,-5.945400340715502
203800,-5.797189097103918
203900,-5.648977853492334
204000,-5.50076660988075
204100,-5.3321505376344085
204200,-5.1493548387096775
204300,-4.9665591397849465
204400,-4.783763440860215
204500,-4.6009677419354835
204600,-4.4190862068965515
204700,-4.3277068965517245
204800,-4.2363275862068965
204900,-4.144948275862069
205000,-4.0535689655172416
205100,-3.962189655172414
205200,-3.905982300884956
205300,-3.9820884955752214
205400,-4.058194690265487
205500,-4.134300884955753
205600,-4.210407079646018
205700,-4.286513274336284
205800,-4.3494237288135595
205900,-4.401966101694915
206000,-4.454508474576271
206100,-4.507050847457627
206200,-4.559593220338983
206300,-4.612135593220339
206400,-4.682075471698113
206500,-4.760977701543739
206600,-4.8398799313893655
206700,-4.918782161234991
206800,-4.997684391080617
206900,-5.076586620926244
207000,-5.118620689655172
207100,-5.1531034482758615
207200,-5.187586206896552
207300,-5.222068965517241
207400,-5.256551724137931
207500,-5.29103448275862
207600,-5.3459477124183
207700,-5.408039215686275
207800,-5.470130718954248
207900,-5.532222222222222
208000,-5.594313725490196
208100,-5.65640522875817
208200,-5.706524064171123
208300,-5.749304812834224
208400,-5.792085561497326
208500,-5.834866310160428
208600,-5.87764705882353
208700,-5.918082474226804
208800,-5.726329896907217
208900,-5.534577319587629
209000,-5.342824742268041
209100,-5.151072164948454
209200,-4.939227557411273
209300,-4.6218997912317334
209400,-4.304572025052193
209500,-3.9872442588726518
209600,-3.669916492693111
209700,-3.4707297830374757
209800,-3.4727021696252467
209900,-3.4746745562130177
210000,-3.476646942800789
210100,-3.47861932938856
210200,-3.513139534883721
210300,-3.6236046511627906
210400,-3.7340697674418606
210500,-3.84453488372093
210600,-3.955
210700,-4.0648880597014925
210800,-4.171231343283582
210900,-4.277574626865672
211000,-4.383917910447761
211100,-4.490261194029851
211200,-4.59660447761194
211300,-4.696230366492147
211400,-4.793961605584642
211500,-4.891692844677138
211600,-4.9894240837696335
211700,-5.087155322862129
211800,-5.187948717948718
211900,-5.346923076923077
212000,-5.5058974358974355
212100,-5.664871794871795
212200,-5.823846153846154
212300,-5.982820512820513
212400,-6.131160409556315
212500,-6.236962457337884
212600,-6.3427645051194546
212700,-6.448566552901024
212800,-6.5543686006825945
212900,-6.660170648464164
213000,-6.71608187134503
213100,-6.67514619883041
213200,-6.63421052631579
213300,-6.593274853801169
213400,-6.552339181286549
213500,-6.4792655367231635
213600,-6.285291902071563
213700,-6.091318267419962
213800,-5.897344632768362
213900,-5.703370998116761
214000,-5.50939736346516
214100,-5.598712871287129
214200,-5.7195049504950495
214300,-5.84029702970297
214400,-5.961089108910891
214500,-6.081881188118811
214600,-6.04061876247505
214700,-5.970758483033932
214800,-5.900898203592814
214900,-5.831037924151697
215000,-5.761177644710579
215100,-5.773420074349443
215200,-5.801301115241635
215300,-5.829182156133829
215400,-5.857063197026022
215500,-5.884944237918216
215600,-5.987915057915059
215700,-6.1790347490347495
215800,-6.37015444015444
215900,-6.561274131274131
216000,-6.752393822393822
216100,-6.898183716075156
216200,-6.92741127348643
216300,-6.956638830897703
216400,-6.9858663883089775
216500,-7.015093945720251
216600,-6.9516
216700,-6.7916
216800,-6.6316
216900,-6.4716
217000,-6.311599999999999
217100,-6.166486486486486
217200,-6.021523341523341
217300,-5.876560196560196
217400,-5.731597051597051
217500,-5.49910290237467
217600,-5.258997361477572
217700,-5.018891820580475
217800,-4.7894550408719345
217900,-4.63141689373297
218000,-4.473378746594006
218100,-4.315340599455041
218200,-4.2123598820059
218300,-4.17401179941003
218400,-4.135663716814159
218500,-4.085509554140127
218600,-3.8785031847133755
218700,-3.6714968152866243
218800,-3.4644904458598726
218900,-3.261047619047619
219000,-3.057873015873016
219100,-2.8546984126984127
219200,-2.874071428571429
219300,-2.9562142857142857
219400,-3.038357142857143
219500,-2.7679847908745248
219600,-2.4904182509505706
219700,-2.1914741035856573
219800,-1.8528286852589642
219900,-1.5141832669322708
220000,-1.3279032258064516
220100,-1.1706451612903226
220200,-1.0832786885245902
220300,-1.1201639344262295
220400,-1.1570491803278689
220500,-1.1216666666666666
220600,-1.08
220700,-1.0687394957983194
220800,-1.085546218487395
220900,-1.0987878787878789
221000,-1.0901298701298703
221100,-1.0814718614718615
221200,-1.024201680672269
221300,-0.9569747899159664
221400,-1.0014814814814814
221500,-1.182551440329218
221600,-1.3629661016949153
221700,-1.511271186440678
221800,-1.6595762711864406
221900,-1.7438461538461538
222000,-1.7951282051282051
222100,-1.845483870967742
222200,-1.8938709677419354
222300,-1.942258064516129
222400,-2.0634177215189875
222500,-2.1984388185654007
222600,-2.18931330472103
222700,-2.017639484978541
222800,-1.8675965665236052
222900,-1.8504291845493563
223000,-1.8332618025751073
223100,-1.871896551724138
223200,-1.9236206896551724
223300,-1.9846902654867256
223400,-2.055486725663717
223500,-2.0713274336283183
223600,-1.9031858407079645
223700,-1.7350442477876107
223800,-1.73
223900,-1.73
224000,-1.6911162790697674
224100,-1.6399534883720932
224200,-1.5610628019323671
224300,-1.4644444444444444
224400,-1.345148514851485
224500,-1.2065346534653465
224600,-1.1025
224700,-1.0303846153846155
224800,-1.0719607843137255
224900,-1.2582352941176471
225000,-1.3404433497536947
225100,-1.2665517241379312
225200,-1.2217961165048543
225300,-1.2266504854368931
225400,-1.257487684729064
225500,-1.3461576354679803
225600,-1.3967298578199052
225700,-1.3493364928909952
225800,-1.3480597014925375
225900,-1.5719402985074626
226000,-1.7227722772277227
226100,-1.49009900990099
226200,-1.2940776699029126
226300,-1.3232038834951456
226400,-1.3603703703703705
226500,-1.49
226600,-1.6196296296296295
226700,-1.8704020100502512
226800,-2.1317085427135676
226900,-1.7678712871287128
227000,-1.356980198019802
227100,-1.4150746268656718
227200,-1.5195522388059701
227300,-1.4865217391304348
227400,-1.4382125603864733
227500,-1.6040975609756098
227600,-1.8138536585365854
227700,-1.8327
227800,-1.7977
227900,-1.6813432835820896
228000,-1.542039800995025
228100,-1.5803553299492386
228200,-1.6717258883248731
228300,-1.5874358974358973
228400,-1.459230769230769
228500,-1.4138461538461538
228600,-1.3830769230769229
228700,-1.4121428571428571
228800,-1.4478571428571427
228900,-1.4694818652849742
229000,-1.489639175257732
229100,-1.4535567010309278
229200,-1.422153846153846
229300,-1.452923076923077
229400,-1.4880829015544041
229500,-1.555440414507772
229600,-1.5990575916230367
229700,-1.5414659685863874
229800,-1.4971134020618557
229900,-1.4868041237113403
230000,-1.5087830687830688
230100,-1.5934391534391534
230200,-1.5876190476190475
230300,-1.4712169312169312
230400,-1.4353846153846153
230500,-1.4628571428571429
230600,-1.3212169312169313
230700,-1.1201587301587301
230800,-1.2670833333333333
230900,-1.4754166666666666
231000,-1.6285106382978722
231100,-1.763121693121693
231200,-1.6255555555555556
231300,-1.5169565217391305
231400,-1.5604347826086957
231500,-1.5538709677419356
231600,-1.4409677419354838
231700,-1.4197837837837837
231800,-1.5062702702702704
231900,-1.5082291666666667
232000,-1.4561458333333333
232100,-1.6198404255319148
232200,-1.8804787234042553
232300,-1.8168715083798883
232400,-1.6749450549450549
232500,-1.4221978021978021
232600,-1.2411640211640211
232700,-1.346984126984127
232800,-1.4958152173913044
232900,-1.7403804347826088
233000,-1.7636315789473684
233100,-1.5373157894736842
233200,-1.617741935483871
233300,-1.9295698924731184
233400,-1.9364705882352942
233500,-1.8188235294117647
233600,-1.8406451612903225
233700,-1.889032258064516
233800,-1.8633695652173914
233900,-1.8384530386740332
234000,-1.8274033149171272
234100,-1.7866489361702127
234200,-1.6855851063829788
234300,-1.736020942408377
234400,-1.9716230366492147
234500,-2.1342857142857143
234600,-2.234814814814815
234700,-2.249032258064516
234800,-2.216774193548387
234900,-2.150216216216216
235000,-2.0745405405405406
235100,-2.0594972067039103
235200,-2.092287234042553
235300,-2.3742021276595744
235400,-2.528769230769231
235500,-2.339025641025641
235600,-2.2561855670103093
235700,-2.400515463917526
235800,-2.5090954773869347
235900,-2.5593467336683418
236000,-2.645151515151515
236100,-2.7865656565656565
236200,-2.858
236300,-2.8287317073170732
236400,-2.8827093596059115
236500,-3.084679802955665
236600,-3.1946153846153846
236700,-3.117692307692308
236800,-3.092142857142857
236900,-3.2207142857142856
237000,-3.334861111111111
237100,-3.3672685185185185
237200,-3.399675925925926
237300,-3.518617511520737
237400,-3.6384331797235023
237500,-3.674577777777778
237600,-3.692355555555556
237700,-3.775330396475771
237800,-3.907488986784141
237900,-4.008713692946058
238000,-4.037759336099585
238100,-4.066804979253113
238200,-4.281375
238300,-4.5188749999999995
238400,-4.609999999999999
238500,-4.548775510204082
238600,-4.4925098039215685
238700,-4.555254901960785
238800,-4.618
238900,-4.716216216216217
239000,-4.851351351351352
239100,-4.986486486486487
239200,-5.071320754716981
239300,-5.150566037735849
239400,-5.23014652014652
239500,-5.3107326007326
239600,-5.391318681318681
239700,-5.439454545454545
239800,-5.457636363636364
239900,-5.475818181818182
240000,-5.549531772575251
240100,-5.639832775919732
240200,-5.730133779264214
240300,-5.929621451104101
240400,-6.159905362776025
240500,-6.39018927444795
240600,-6.5339329268292685
240700,-6.6223475609756095
240800,-6.710762195121951
240900,-6.77958064516129
241000,-6.808612903225806
241100,-6.837645161290323
241200,-6.807152103559871
241300,-6.5773786407767
241400,-6.347605177993528
241500,-6.127133333333334
241600,-5.9638
241700,-5.800466666666667
241800,-5.652145214521452
241900,-5.596039603960397
242000,-5.53993399339934
242100,-5.485898305084746
242200,-5.448610169491525
242300,-5.411322033898305
242400,-5.357662337662338
242500,-5.218051948051948
242600,-5.0784415584415585
242700,-4.953254237288136
242800,-4.99393220338983
242900,-5.0346101694915255
243000,-5.040816326530613
243100,-4.816326530612245
243200,-4.591836734693878
243300,-4.397662337662338
243400,-4.332727272727273
243500,-4.2677922077922075
243600,-4.2277543859649125
243700,-4.389157894736842
243800,-4.550561403508772
243900,-4.539078014184398
244000,-4.0355319148936175
244100,-3.531985815602837
244200,-3.2249466192170817
244300,-3.1680071174377225
244400,-3.1110676156583628
244500,-3.14496644295302
244600,-3.232214765100671
244700,-3.319463087248322
244800,-3.4914826498422715
244900,-3.7091482649842273
245000,-3.926813880126183
245100,-4.1069767441860465
245200,-4.246511627906976
245300,-4.386046511627907
245400,-4.52180790960452
245500,-4.5670056497175135
245600,-4.612203389830508
245700,-4.657401129943502
245800,-4.731861702127659
245900,-4.835585106382979
246000,-4.939308510638298
246100,-5.043031914893617
246200,-5.135903307888041
246300,-5.2249618320610685
246400,-5.314020356234097
246500,-5.403078880407125
246600,-5.571175115207374
246700,-5.7578110599078345
246800,-5.944447004608295
246900,-6.131082949308756
247000,-6.236409090909091
247100,-6.250045454545455
247200,-6.263681818181818
247300,-6.277318181818182
247400,-6.299518828451883
247500,-6.435502092050209
247600,-6.5714853556485355
247700,-6.707468619246862
247800,-6.843451882845189
247900,-6.910745614035088
248000,-6.809868421052632
248100,-6.708991228070176
248200,-6.60811403508772
248300,-6.5072368421052635
248400,-6.448602150537635
248500,-6.405591397849463
248600,-6.362580645161291
248700,-6.319569892473119
248800,-6.267472035794183
248900,-6.110872483221477
249000,-5.95427293064877
249100,-5.7976733780760625
249200,-5.641073825503356
249300,-5.5480410022779045
249400,-5.495649202733485
249500,-5.443257403189066
249600,-5.390865603644647
249700,-5.387216274089935
249800,-5.556381156316916
249900,-5.7255460385438965
250000,-5.894710920770877
250100,-6.063875802997859
250200,-6.212682445759368
250300,-6.344832347140039
250400,-6.476982248520709
250500,-6.60913214990138
250600,-6.741282051282051
250700,-6.8453207547169805
250800,-6.918905660377359
250900,-6.992490566037736
251000,-7.066075471698113
251100,-7.13966037735849
251200,-7.198996282527881
251300,-7.193420074349443
251400,-7.187843866171004
251500,-7.182267657992565
251600,-7.176691449814126
251700,-7.171115241635688
251800,-7.117565543071161
251900,-7.052022471910113
252000,-6.986479400749063
252100,-6.920936329588015
252200,-6.855393258426966
252300,-6.849595588235294
252400,-6.913933823529412
252500,-6.97827205882353
252600,-7.042610294117647
252700,-7.106948529411765
252800,-7.1724749163879595
252900,-7.296220735785953
253000,-7.419966555183946
253100,-7.54371237458194
253200,-7.667458193979933
253300,-7.791204013377927
253400,-7.9114862681744755
253500,-7.948642972536349
253600,-7.985799676898223
253700,-8.022956381260098
253800,-8.060113085621971
253900,-8.097269789983846
254000,-8.13442649434572
254100,-8.137249190938512
254200,-8.13401294498382
254300,-8.130776699029127
254400,-8.127540453074433
254500,-8.12430420711974
254600,-8.121067961165048
254700,-8.121100164203613
254800,-8.122742200328407
254900,-8.124384236453201
255000,-8.126026272577997
255100,-8.127668308702791
255200,-8.129310344827587
255300,-8.083333333333334
255400,-8.002873563218392
255500,-7.922413793103448
255600,-7.841954022988506
255700,-7.761494252873563
255800,-7.68103448275862
255900,-7.616117647058823
256000,-7.567378151260504
256100,-7.518638655462184
256200,-7.469899159663865
256300,-7.421159663865546
256400,-7.372420168067227
256500,-7.33993220338983
256600,-7.32128813559322
256700,-7.30264406779661
256800,-7.284
256900,-7.26535593220339
257000,-7.24671186440678
257100,-7.224631217838765
257200,-7.200617495711835
257300,-7.1766037735849055
257400,-7.152590051457976
257500,-7.128576329331046
257600,-7.104562607204116
257700,-7.124586846543002
257800,-7.154940978077572
257900,-7.185295109612142
258000,-7.2156492411467115
258100,-7.246003372681281
258200,-7.276357504215852
258300,-7.3020000000000005
258400,-7.327
258500,-7.352
258600,-7.377
258700,-7.402
258800,-7.427
258900,-7.447629382303839
259000,-7.467662771285475
259100,-7.487696160267111
259200,-7.507729549248748
259300,-7.527762938230384
259400,-7.54779632721202
259500,-7.536605351170568
259600,-7.5215551839464885
259700,-7.506505016722408
259800,-7.491454849498328
259900,-7.476404682274247
260000,-7.461354515050167
260100,-7.4751666666666665
260200,-7.491833333333333
260300,-7.5085
260400,-7.525166666666666
260500,-7.541833333333333
260600,-7.5584999999999996
260700,-7.591482701812191
260800,-7.626079077429983
260900,-7.660675453047776
261000,-7.695271828665568
261100,-7.729868204283361
261200,-7.764464579901153
261300,-7.735830508474576
261400,-7.695152542372881
261500,-7.654474576271187
261600,-7.613796610169492
261700,-7.5731186440677964
261800,-7.532440677966102
261900,-7.346162361623616
262000,-7.150590405904059
262100,-6.955018450184502
262200,-6.759446494464944
262300,-6.563874538745387
262400,-6.497977736549165
262500,-6.55178107606679
262600,-6.605584415584415
262700,-6.65938775510204
262800,-6.713191094619666
262900,-6.761449814126394
263000,-6.772602230483272
263100,-6.783754646840149
263200,-6.7949070631970265
263300,-6.806059479553904
263400,-6.817211895910781
263500,-6.811525423728813
263600,-6.800225988700565
263700,-6.788926553672316
263800,-6.777627118644068
263900,-6.7663276836158195
264000,-6.7788805970149255
264100,-6.821791044776119
264200,-6.864701492537313
264300,-6.907611940298508
264400,-6.950522388059702
264500,-6.98455252918288
264600,-6.916459143968872
264700,-6.848365758754864
264800,-6.780272373540856
264900,-6.712178988326848
265000,-6.64408560311284
265100,-6.738392523364485
265200,-6.843065420560747
265300,-6.947738317757009
265400,-7.052411214953271
265500,-7.1570841121495326
265600,-7.204427767354597
265700,-7.211932457786117
265800,-7.2194371482176365
265900,-7.2269418386491555
266000,-7.234446529080675
266100,-7.262177858439202
266200,-7.347477313974592
266300,-7.432776769509982
266400,-7.518076225045372
266500,-7.603375680580762
266600,-7.688675136116152
266700,-7.677696629213483
266800,-7.634625468164794
266900,-7.591554307116105
267000,-7.548483146067416
267100,-7.505411985018727
267200,-7.497495361781077
267300,-7.540166975881262
267400,-7.582838589981447
267500,-7.625510204081633
267600,-7.668181818181818
267700,-7.7076725838264295
267800,-7.591301775147929
267900,-7.474930966469428
268000,-7.358560157790927
268100,-7.242189349112426
268200,-7.125818540433925
268300,-7.159041095890411
268400,-7.20013698630137
268500,-7.241232876712329
268600,-7.282328767123288
268700,-7.323424657534247
268800,-7.2285
268900,-7.107666666666667
269000,-6.986833333333333
269100,-6.866
269200,-6.743914988814318
269300,-6.59178970917226
269400,-6.439664429530201
269500,-6.287539149888143
269600,-6.135413870246086
269700,-5.9827272727272724
269800,-5.829617224880383
269900,-5.676507177033493
270000,-5.523397129186603
270100,-5.405925925925926
270200,-5.344197530864197
270300,-5.282469135802469
270400,-5.22074074074074
270500,-5.11867374005305
270600,-4.938302387267904
270700,-4.757931034482758
270800,-4.577559681697613
270900,-4.490855614973262
271000,-4.474812834224599
271100,-4.458770053475936
271200,-4.442727272727273
271300,-4.3710249307479225
271400,-4.287922437673131
271500,-4.204819944598338
271600,-4.150218579234973
271700,-4.196666666666666
271800,-4.24311475409836
271900,-4.289562841530055
272000,-4.35053619302949
272100,-4.422922252010724
272200,-4.495308310991957
272300,-4.56769436997319
272400,-4.649166666666667
272500,-4.7325
272600,-4.815833333333334
272700,-4.899166666666667
272800,-4.76945054945055
272900,-4.637582417582418
273000,-4.505714285714285
273100,-4.457234042553192
273200,-4.563617021276595
273300,-4.67
273400,-4.7763829787234044
273500,-4.826293333333334
273600,-4.83696
273700,-4.847626666666667
273800,-4.858293333333334
273900,-4.8756382978723405
274000,-4.894255319148936
274100,-4.9128723404255314
274200,-4.923483146067415
274300,-4.842022471910112
274400,-4.760561797752809
274500,-4.679101123595506
274600,-4.59728045325779
274700,-4.5151274787535405
274800,-4.432974504249292
274900,-4.350821529745042
275000,-4.4807547169811315
275100,-4.612830188679245
275200,-4.744905660377358
275300,-4.796373937677053
275400,-4.64056657223796
275500,-4.484759206798866
275600,-4.328951841359773
275700,-4.336742209631728
275800,-4.3990651558073655
275900,-4.461388101983003
276000,-4.496685878962536
276100,-4.436167146974063
276200,-4.375648414985591
276300,-4.315129682997118
276400,-4.3656779661016945
276500,-4.453248587570622
276600,-4.540819209039548
276700,-4.606420454545455
276800,-4.589375
276900,-4.572329545454545
277000,-4.55528409090909
277100,-4.605738161559889
277200,-4.686518105849582
277300,-4.767298050139275
277400,-4.800625
277500,-4.406874999999999
277600,-4.013125
277700,-3.6193750000000002
277800,-3.528076923076923
277900,-3.4703846153846154
278000,-3.4126923076923075
278100,-3.417388535031847
278200,-3.4396815286624203
278300,-3.461974522292994
278400,-3.4555948553054665
278500,-3.433086816720257
278600,-3.410578778135048
278700,-3.4877914110429447
278800,-3.6534355828220857
278900,-3.8190797546012267
279000,-3.8664451827242523
279100,-3.5940199335548173
279200,-3.3215946843853823
279300,-3.1476774193548387
279400,-3.2541290322580645
279500,-3.3605806451612903
279600,-3.465737704918033
279700,-3.5640983606557377
279800,-3.6624590163934427
279900,-3.7378175895765473
280000,-3.627068403908795
280100,-3.5163192182410423
280200,-3.4109061488673142
280300,-3.433559870550162
280400,-3.4562135922330097
280500,-3.4788673139158575
280600,-3.4013576158940397
280700,-3.3185761589403975
280800,-3.235794701986755
280900,-3.2964285714285713
281000,-3.367857142857143
281100,-3.4392857142857145
281200,-3.455537459283388
281300,-3.462052117263844
281400,-3.4685667752443
281500,-3.500096463022508
281600,-3.5386816720257235
281700,-3.577266881028939
281800,-3.561628664495114
281900,-3.5192833876221497
282000,-3.4769381107491855
282100,-3.5621671826625385
282200,-3.7324458204334365
282300,-3.902724458204334
282400,-3.949935064935065
282500,-3.7875974025974024
282600,-3.62525974025974
282700,-3.5774622356495467
282800,-3.8100906344410874
282900,-4.042719033232628
283000,-4.275347432024169
283100,-4.288855421686747
283200,-4.2978915662650605
283300,-4.3069277108433734
283400,-4.343293768545994
283500,-4.393738872403561
283600,-4.444183976261128
283700,-4.437801857585139
283800,-4.292291021671827
283900,-4.146780185758514
284000,-4.011292307692307
284100,-4.032830769230769
284200,-4.054369230769231
284300,-4.075907692307692
284400,-4.171065088757397
284500,-4.283491124260355
284600,-4.3959171597633135
284700,-4.52316384180791
284800,-4.670056497175142
284900,-4.8169491525423735
285000,-4.9638418079096045
285100,-4.985
285200,-4.99061797752809
285300,-4.9962359550561795
285400,-4.984957264957265
285500,-4.939373219373219
285600,-4.893789173789174
285700,-4.848205128205128
285800,-4.823553008595988
285900,-4.803495702005731
286000,-4.783438395415472
286100,-4.824405405405405
286200,-4.98927027027027
286300,-5.154135135135135
286400,-5.319
286500,-5.42
286600,-5.483492063492063
286700,-5.546984126984127
286800,-5.610476190476191
286900,-5.59061170212766
287000,-5.556037234042553
287100,-5.521462765957447
287200,-5.490954907161804
287300,-5.5015649867374
287400,-5.512175066312998
287500,-5.522785145888594
287600,-5.538355091383813
287700,-5.564464751958225
287800,-5.5905744125326375
287900,-5.6166840731070495
288000,-5.658823529411765
288100,-5.7176470588235295
288200,-5.776470588235294
288300,-5.835294117647059
288400,-5.855549872122762
288500,-5.847877237851662
288600,-5.840204603580563
288700,-5.832531969309463
288800,-5.818005115089514
288900,-5.8001023017902815
289000,-5.782199488491049
289100,-5.764296675191816
289200,-5.742416452442159
289300,-5.719280205655527
289400,-5.696143958868895
289500,-5.673007712082262
289600,-5.6430232558139535
289700,-5.612015503875969
289800,-5.581007751937984
289900,-5.55
290000,-5.608080808080808
290100,-5.666161616161617
290200,-5.724242424242425
290300,-5.77949494949495
290400,-5.766868686868687
290500,-5.754242424242425
290600,-5.741616161616162
290700,-5.734137931034483
290800,-5.785862068965518
290900,-5.837586206896552
291000,-5.889310344827587
291100,-5.940293398533008
291200,-5.954963325183375
291300,-5.969633251833741
291400,-5.984303178484108
291500,-5.998973105134474
291600,-5.72573726541555
291700,-5.430831099195711
291800,-5.135924932975872
291900,-4.880662983425415
292000,-4.783977900552486
292100,-4.687292817679558
292200,-4.59060773480663
292300,-4.545193370165745
292400,-4.536906077348066
292500,-4.528618784530386
292600,-4.520331491712707
292700,-4.548617886178861
292800,-4.578428184281843
292900,-4.608238482384824
293000,-4.635067024128686
293100,-4.653833780160858
293200,-4.67260053619303
293300,-4.691367292225201
293400,-4.729608355091384
293500,-4.78443864229765
293600,-4.839268929503916
293700,-4.894099216710183
293800,-4.963787878787879
293900,-5.039545454545455
294000,-5.11530303030303
294100,-5.191060606060606
294200,-5.230573566084788
294300,-5.258004987531172
294400,-5.2854364089775565
294500,-5.31286783042394
294600,-5.267411167512691
294700,-5.196345177664975
294800,-5.125279187817259
294900,-5.054213197969543
295000,-4.902365591397849
295100,-4.730322580645161
295200,-4.558279569892473
295300,-4.391160220994475
295400,-4.280662983425414
295500,-4.1701657458563535
295600,-4.0596685082872925
295700,-4.055978835978836
295800,-4.177671957671958
295900,-4.29936507936508
296000,-4.421058201058201
296100,-4.414301075268817
296200,-4.347096774193548
296300,-4.27989247311828
296400,-4.212688172043011
296500,-4.250527704485489
296600,-4.292744063324538
296700,-4.334960422163588
296800,-4.373532467532468
296900,-4.394311688311689
297000,-4.415090909090909
297100,-4.43587012987013
297200,-4.448341968911917
297300,-4.443160621761658
297400,-4.437979274611399
297500,-4.43279792746114
297600,-4.397229551451187
297700,-4.32598944591029
297800,-4.2547493403693935
297900,-4.183509234828496
298000,-4.267797029702971
298100,-4.428688118811881
298200,-4.589579207920792
298300,-4.750470297029703
298400,-4.75243654822335
298500,-4.661065989847716
298600,-4.5696954314720815
298700,-4.4783248730964464
298800,-4.442994923857868
298900,-4.4328426395939085
299000,-4.42269035532995
299100,-4.41253807106599
299200,-4.390916030534351
299300,-4.365470737913486
299400,-4.34002544529262
299500,-4.3145801526717555
299600,-4.297448979591836
299700,-4.282142857142857
299800,-4.266836734693878
299900,-4.251530612244898
300000,-4.261363636363637
300100,-4.273989898989899
300200,-4.286616161616162
300300,-4.299242424242424
300400,-4.155767195767195
300500,-4.002328042328043
300600,-3.848888888888889
300700,-3.7220942408376967
300800,-3.7351832460732988
300900,-3.7482722513089004
301000,-3.7613612565445025
301100,-3.7839845758354755
301200,-3.825115681233933
301300,-3.8662467866323906
301400,-3.9073778920308486
301500,-3.9184020618556703
301600,-3.8926288659793817
301700,-3.8668556701030927
301800,-3.841082474226804
301900,-3.8502025316455697
302000,-3.8856455696202534
302100,-3.9210886075949367
302200,-3.9565316455696204
302300,-3.9202072538860104
302400,-3.839896373056995
302500,-3.7595854922279797
302600,-3.679274611398964
302700,-3.7191959798994976
302800,-3.7970854271356784
302900,-3.8749748743718593
303000,-3.9528643216080406
303100,-3.9323857868020307
303200,-3.8841624365482232
303300,-3.8359390862944163
303400,-3.787715736040609
303500,-3.771472081218274
303600,-3.761319796954315
303700,-3.7511675126903556
303800,-3.741015228426396
303900,-3.703076923076923
304000,-3.6620512820512823
304100,-3.621025641025641
304200,-3.58
304300,-3.6326315789473687
304400,-3.685263157894737
304500,-3.7378947368421054
304600,-3.789975
304700,-3.787475
304800,-3.7849749999999998
304900,-3.782475
305000,-3.78
305100,-3.78
305200,-3.78
305300,-3.78
305400,-3.78
305500,-3.77234693877551
305600,-3.76469387755102
305700,-3.7570408163265308
305800,-3.7535467980295567
305900,-3.797881773399015
306000,-3.842216748768473
306100,-3.8865517241379313
306200,-3.9263730569948185
306300,-3.7450259067357514
306400,-3.563678756476684
306500,-3.3823316062176167
306600,-3.2409644670050763
306700,-3.309492385786802
306800,-3.378020304568528
306900,-3.446548223350254
307000,-3.495532994923858
307100,-3.475228426395939
307200,-3.45492385786802
307300,-3.4346192893401013
307400,-3.42
307500,-3.42
307600,-3.42
307700,-3.42
307800,-3.405141388174807
307900,-3.361439588688946
308000,-3.317737789203085
308100,-3.2740359897172238
308200,-3.25
308300,-3.25
308400,-3.25
308500,-3.25
308600,-3.217578947368421
308700,-3.159684210526316
308800,-3.10178947368421
308900,-3.043894736842105
309000,-2.9854133333333333
309100,-2.9267466666666664
309200,-2.86808
309300,-2.8089807162534437
309400,-2.7070523415977963
309500,-2.605123966942149
309600,-2.5031955922865015
309700,-2.4262777777777775
309800,-2.3901666666666666
309900,-2.3540555555555556
310000,-2.3179444444444446
310100,-2.296927374301676
310200,-2.280167597765363
310300,-2.2634078212290505
310400,-2.2576923076923077
310500,-2.296153846153846
310600,-2.3346153846153848
310700,-2.373076923076923
310800,-2.4083106267029972
310900,-2.441008174386921
311000,-2.4737057220708447
311100,-2.506403269754768
311200,-2.2035628742514968
311300,-1.859251497005988
311400,-1.514940119760479
311500,-1.539864864864865
311600,-1.8668918918918918
311700,-2.1939189189189188
311800,-2.520945945945946
311900,-2.5307336956521738
312000,-2.4845380434782607
312100,-2.4383423913043476
312200,-2.4072922252010724
312300,-2.450187667560322
312400,-2.493083109919571
312500,-2.5359785522788205
312600,-2.581884816753927
312700,-2.6316230366492146
312800,-2.681361256544503
312900,-2.7310994764397907
313000,-2.7516187989556133
313100,-2.7542297650130547
313200,-2.756840731070496
313300,-2.759451697127937
313400,-2.85085
313500,-2.96585
313600,-3.08085
313700,-3.19585
313800,-3.2586308068459657
313900,-3.3075305623471882
314000,-3.3564303178484107
314100,-3.4053300733496332
314200,-3.4148529411764708
314300,-3.4075
314400,-3.4001470588235296
314500,-3.392794117647059
314600,-3.397542579075426
314700,-3.4097080291970805
314800,-3.4218734793187346
314900,-3.4340389294403892
315000,-3.4522596153846155
315100,-3.4762980769230767
315200,-3.5003365384615384
315300,-3.524375
315400,-3.524634146341463
315500,-3.480731707317073
315600,-3.4368292682926826
315700,-3.3929268292682924
315800,-3.3834192037470725
315900,-3.477096018735363
316000,-3.570772833723653
316100,-3.6644496487119436
316200,-3.758126463700234
316300,-3.7554098360655734
316400,-3.7507259953161594
316500,-3.746042154566745
316600,-3.7413583138173303
316700,-3.8057110609480813
316800,-3.8982618510158016
316900,-3.990812641083522
317000,-4.083363431151242
317100,-4.138519362186789
317200,-4.097517084282461
317300,-4.056514806378132
317400,-4.0155125284738045
317500,-3.9745102505694763
317600,-4.042533039647577
317700,-4.124030837004406
317800,-4.205528634361233
317900,-4.287026431718061
318000,-4.354331896551724
318100,-4.395280172413793
318200,-4.4362284482758625
318300,-4.477176724137931
318400,-4.518125
318500,-4.589408163265307
318600,-4.673081632653061
318700,-4.756755102040817
318800,-4.840428571428572
318900,-4.924102040816327
319000,-4.90936974789916
319100,-4.871554621848739
319200,-4.833739495798319
319300,-4.795924369747899
319400,-4.761954732510288
319500,-4.801049382716049
319600,-4.840144032921811
319700,-4.879238683127572
319800,-4.918333333333333
319900,-4.957661290322581
320000,-4.997983870967742
320100,-5.038306451612904
320200,-5.078629032258065
320300,-5.118951612903226
320400,-5.175458015267176
320500,-5.286145038167939
320600,-5.396832061068703
320700,-5.507519083969466
320800,-5.61820610687023
320900,-5.728893129770992
321000,-5.776089385474861
321100,-5.822644320297952
321200,-5.8691992551210435
321300,-5.915754189944135
321400,-5.962309124767226
321500,-5.88204
321600,-5.7240400000000005
321700,-5.56604
321800,-5.408040000000001
321900,-5.25004
322000,-5.118361344537815
322100,-5.00281512605042
322200,-4.887268907563025
322300,-4.77172268907563
322400,-4.656176470588235
322500,-4.507544642857143
322600,-4.353526785714285
322700,-4.199508928571428
322800,-4.045491071428572
322900,-3.9698692810457517
323000,-4.022156862745098
323100,-4.0744444444444445
323200,-4.126732026143791
323300,-4.179019607843138
323400,-4.259269311064719
323500,-4.346951983298539
323600,-4.434634655532359
323700,-4.52231732776618
323800,-4.61
323900,-4.705238095238095
324000,-4.800476190476191
324100,-4.895714285714286
324200,-4.990952380952381
324300,-5.086190476190476
324400,-5.20820895522388
324500,-5.33134328358209
324600,-5.454477611940298
324700,-5.577611940298508
324800,-5.700746268656716
324900,-5.867123287671233
325000,-6.0623287671232875
325100,-6.257534246575342
325200,-6.4527397260273975
325300,-6.647945205479452
325400,-6.843150684931507
325500,-6.905049504950495
325600,-6.924851485148515
325700,-6.944653465346534
325800,-6.964455445544554
325900,-6.984257425742574
326000,-7.004059405940594
326100,-6.905187165775401
326200,-6.755454545454545
326300,-6.60572192513369
326400,-6.455989304812834
326500,-6.306256684491979
326600,-6.158601134215501
326700,-6.031947069943289
326800,-5.905293005671077
326900,-5.7786389413988655
327000,-5.651984877126654
327100,-5.525330812854443
327200,-5.355737704918033
327300,-5.175409836065574
327400,-4.995081967213115
327500,-4.814754098360655
327600,-4.634426229508197
327700,-4.495458515283842
327800,-4.360087336244542
327900,-4.22471615720524
328000,-4.089344978165939
328100,-4.056553106212425
328200,-4.222885771543086
328300,-4.3892184368737475
328400,-4.555551102204409
328500,-4.72188376753507
328600,-4.853603082851638
328700,-4.9210404624277455
328800,-4.988477842003854
328900,-5.055915221579961
329000,-5.1233526011560695
329100,-5.210949913644214
329200,-5.4043868739205525
329300,-5.597823834196891
329400,-5.79126079447323
329500,-5.984697754749568
329600,-6.178134715025907
329700,-6.356291600633915
329800,-6.508431061806656
329900,-6.6605705229793974
330000,-6.812709984152139
330100,-6.964849445324881
330200,-7.116988906497623
330300,-7.251979695431472
330400,-7.118307952622673
330500,-6.984636209813875
330600,-6.850964467005076
330700,-6.717292724196278
330800,-6.583620981387479
330900,-6.49545871559633
331000,-6.665183486238532
331100,-6.834908256880734
331200,-7.004633027522936
331300,-7.174357798165137
331400,-7.344082568807339
331500,-7.513807339449541
331600,-7.669680998613037
331700,-7.816699029126214
331800,-7.96371705963939
331900,-8.110735090152566
332000,-8.257753120665743
332100,-8.404771151178918
332200,-8.551789181692095
332300,-8.604222873900294
332400,-8.514780058651027
332500,-8.42533724340176
332600,-8.335894428152493
332700,-8.246451612903225
332800,-8.157008797653958
332900,-8.067565982404691
333000,-8.0417510853835
333100,-8.062011577424023
333200,-8.082272069464544
333300,-8.102532561505065
333400,-8.122793053545585
333500,-8.143053545586106
333600,-8.163314037626629
333700,-8.201140845070423
333800,-8.24761971830986
333900,-8.294098591549297
334000,-8.340577464788732
334100,-8.387056338028168
334200,-8.433535211267605
334300,-8.480014084507042
334400,-8.495155807365439
334500,-8.486657223796033
334600,-8.47815864022663
334700,-8.469660056657224
334800,-8.461161473087818
334900,-8.452662889518413
335000,-8.444164305949007
335100,-8.413544668587896
335200,-8.361671469740633
335300,-8.30979827089337
335400,-8.25792507204611
335500,-8.206051873198847
335600,-8.154178674351584
335700,-8.102305475504323
335800,-8.041522762951335
335900,-7.974018838304553
336000,-7.906514913657771
336100,-7.83901098901099
336200,-7.771507064364208
336300,-7.704003139717425
336400,-7.649384615384616
336500,-7.646307692307692
336600,-7.64323076923077
336700,-7.640153846153846
336800,-7.637076923076923
336900,-7.634
337000,-7.630923076923077
337100,-7.575806451612904
337200,-7.498387096774193
337300,-7.420967741935484
337400,-7.343548387096774
337500,-7.266129032258065
337600,-7.1887096774193555
337700,-7.173547880690738
337800,-7.220643642072214
337900,-7.26773940345369
338000,-7.3148351648351655
338100,-7.36193092621664
338200,-7.409026687598116
338300,-7.465058651026393
338400,-7.580894428152493
338500,-7.696730205278593
338600,-7.812565982404692
338700,-7.928401759530792
338800,-8.044237536656892
338900,-8.160073313782991
339000,-8.244512372634643
339100,-8.259068413391558
339200,-8.273624454148472
339300,-8.288180494905387
339400,-8.3027365356623
339500,-8.317292576419215
339600,-8.331848617176128
339700,-8.348265895953757
339800,-8.367052023121387
339900,-8.385838150289018
340000,-8.404624277456648
340100,-8.423410404624278
340200,-8.442196531791907
340300,-8.460982658959539
340400,-8.494169014084507
340500,-8.540647887323944
340600,-8.58712676056338
340700,-8.633605633802818
340800,-8.680084507042254
340900,-8.726563380281691
341000,-8.773042253521128
341100,-8.801735537190083
341200,-8.805867768595041
341300,-8.81
341400,-8.81413223140496
341500,-8.818264462809918
341600,-8.822396694214877
341700,-8.826528925619835
341800,-8.827015781922524
341900,-8.808364418938307
342000,-8.789713055954088
342100,-8.771061692969871
342200,-8.752410329985652
342300,-8.733758967001434
342400,-8.715107604017216
342500,-8.705920679886685
342600,-8.737082152974503
342700,-8.768243626062322
342800,-8.79940509915014
342900,-8.83056657223796
343000,-8.861728045325778
343100,-8.892889518413597
343200,-8.905951293759513
343300,-8.797884322678843
343400,-8.689817351598174
343500,-8.581750380517505
343600,-8.473683409436834
343700,-8.365616438356165
343800,-8.257549467275496
343900,-8.134224422442244
344000,-7.99891089108911
344100,-7.863597359735974
344200,-7.728283828382838
344300,-7.592970297029703
344400,-7.4576567656765675
344500,-7.357297762478485
344600,-7.291893287435456
344700,-7.226488812392427
344800,-7.161084337349397
344900,-7.095679862306368
345000,-7.030275387263339
345100,-6.985746924428822
345200,-6.9505975395430575
345300,-6.915448154657293
345400,-6.880298769771529
345500,-6.845149384885764
345600,-6.81
345700,-6.729520547945205
345800,-6.649041095890411
345900,-6.568561643835616
346000,-6.488082191780822
346100,-6.407602739726027
346200,-6.364531516183987
346300,-6.517853492333901
346400,-6.671175468483816
346500,-6.824497444633731
346600,-6.9778194207836455
346700,-7.131141396933561
346800,-7.27060064935065
346900,-7.37612012987013
347000,-7.48163961038961
347100,-7.587159090909091
347200,-7.692678571428571
347300,-7.798198051948051
347400,-7.871330998248686
347500,-7.727723292469352
347600,-7.584115586690017
347700,-7.440507880910683
347800,-7.2969001751313485
347900,-7.153292469352015
348000,-7.041745454545455
348100,-6.974472727272728
348200,-6.9072000000000005
348300,-6.839927272727273
348400,-6.772654545454546
348500,-6.705381818181818
348600,-6.883698854337152
348700,-7.083371522094926
348800,-7.283044189852701
348900,-7.482716857610475
349000,-7.682389525368249
349100,-7.882062193126023
349200,-7.883119730185498
349300,-7.837588532883642
349400,-7.792057335581788
349500,-7.746526138279933
349600,-7.700994940978078
349700,-7.655463743676223
349800,-7.589683655536028
349900,-7.521142355008788
350000,-7.452601054481547
350100,-7.384059753954306
350200,-7.315518453427065
350300,-7.260669014084507
350400,-7.26419014084507
350500,-7.267711267605634
350600,-7.271232394366197
350700,-7.274753521126761
350800,-7.278274647887324
350900,-7.306470588235294
351000,-7.358373702422146
351100,-7.410276816608997
351200,-7.462179930795848
351300,-7.514083044982699
351400,-7.56598615916955
351500,-7.438441064638783
351600,-7.244524714828898
351700,-7.050608365019011
351800,-6.856692015209125
351900,-6.66277566539924
352000,-6.537925636007827
352100,-6.490958904109589
352200,-6.44399217221135
352300,-6.3970254403131115
352400,-6.350058708414873
352500,-6.30780876494024
352600,-6.27394422310757
352700,-6.240079681274901
352800,-6.206215139442231
352900,-6.1723505976095625
353000,-6.230319715808171
353100,-6.466554174067496
353200,-6.702788632326821
353300,-6.939023090586146
353400,-7.175257548845471
353500,-7.411492007104796
353600,-7.501138353765325
353700,-7.53091068301226
353800,-7.560683012259195
353900,-7.5904553415061295
354000,-7.620227670753065
354100,-7.65
354200,-7.614157706093191
354300,-7.57831541218638
354400,-7.54247311827957
354500,-7.50663082437276
354600,-7.47078853046595
354700,-7.45
354800,-7.45
354900,-7.45
355000,-7.45
355100,-7.45
355200,-7.45
355300,-7.49780316344464
355400,-7.554042179261863
355500,-7.610281195079086
355600,-7.666520210896309
355700,-7.722759226713532
355800,-7.751423220973782
355900,-7.635318352059925
356000,-7.519213483146068
356100,-7.40310861423221
356200,-7.287003745318352
356300,-7.170898876404495
356400,-7.260889679715303
356500,-7.396120996441281
356600,-7.53135231316726
356700,-7.666583629893239
356800,-7.801814946619217
356900,-7.927435897435897
357000,-8.014615384615384
357100,-8.101794871794873
357200,-8.18897435897436
357300,-8.276153846153846
357400,-8.363333333333333
357500,-8.414578313253012
357600,-8.39908777969019
357700,-8.383597246127367
357800,-8.368106712564543
357900,-8.352616179001721
358000,-8.3371256454389
358100,-8.36816254416961
358200,-8.438833922261484
358300,-8.509505300353357
358400,-8.58017667844523
358500,-8.650848056537102
358600,-8.721519434628975
358700,-8.78071186440678
358800,-8.838338983050848
358900,-8.895966101694915
359000,-8.953593220338984
359100,-9.011220338983051
359200,-9.068847457627118
359300,-9.065033783783784
359400,-9.059966216216216
359500,-9.05489864864865
359600,-9.04983108108108
359700,-9.044763513513512
359800,-9.041135972461273
359900,-9.060068846815835
360000,-9.079001721170396
360100,-9.097934595524956
360200,-9.116867469879518
360300,-9.13580034423408
360400,-9.151706484641638
360500,-9.158532423208191
360600,-9.165358361774745
360700,-9.172184300341296
360800,-9.17901023890785
360900,-9.185836177474402
361000,-9.165308441558441
361100,-9.101996753246754
361200,-9.038685064935065
361300,-8.975373376623377
361400,-8.912061688311688
361500,-8.84875
361600,-8.830872483221476
361700,-8.96510067114094
361800,-9.099328859060403
361900,-9.233557046979866
362000,-9.367785234899328
362100,-9.502013422818791
362200,-9.583124999999999
362300,-9.520624999999999
362400,-9.458124999999999
362500,-9.395624999999999
362600,-9.333125
362700,-9.270625
362800,-9.297060998151572
362900,-9.367301293900185
363000,-9.437541589648799
363100,-9.507781885397412
363200,-9.578022181146027
363300,-9.598
363400,-9.474923076923078
363500,-9.351846153846154
363600,-9.228769230769231
363700,-9.105692307692308
363800,-8.982615384615384
363900,-8.844280510018216
364000,-8.683989071038251
364100,-8.523697632058287
364200,-8.363406193078324
364300,-8.20311475409836
364400,-8.042823315118396
364500,-8.104376098418276
364600,-8.185219683655536
364700,-8.266063268892793
364800,-8.346906854130053
364900,-8.427750439367312
365000,-8.476642468239564
365100,-8.418566243194192
365200,-8.36049001814882
365300,-8.30241379310345
365400,-8.244337568058077
365500,-8.186261343012704
365600,-8.22868787276342
365700,-8.310198807157057
365800,-8.391709741550695
365900,-8.473220675944335
366000,-8.554731610337972
366100,-8.521654411764706
366200,-8.437095588235294
366300,-8.352536764705881
366400,-8.26797794117647
366500,-8.183419117647059
366600,-8.132162162162162
366700,-8.18081081081081
366800,-8.22945945945946
366900,-8.278108108108109
367000,-8.326756756756756
367100,-8.375405405405406
367200,-8.364264705882354
367300,-8.3275
367400,-8.290735294117647
367500,-8.253970588235294
367600,-8.21720588235294
367700,-8.19
367800,-8.19
367900,-8.19
368000,-8.19
368100,-8.19
368200,-8.19
368300,-8.19
368400,-8.19
368500,-8.19
368600,-8.19
368700,-8.19
368800,-8.185609756097561
368900,-8.168724202626642
369000,-8.151838649155723
369100,-8.134953095684802
369200,-8.118067542213883
369300,-8.101181988742963
369400,-8.004426877470355
369500,-7.901660079051383
369600,-7.798893280632411
369700,-7.6961264822134385
369800,-7.593359683794467
369900,-7.433454157782516
370000,-7.26501066098081
370100,-7.096567164179104
370200,-6.928123667377399
370300,-6.7829411764705885
370400,-6.743725490196079
370500,-6.704509803921569
370600,-6.6652941176470595
370700,-6.626078431372549
370800,-6.525498721227621
370900,-6.38227621483376
371000,-6.239053708439898
371100,-6.0958312020460355
371200,-6.014716981132075
371300,-5.962830188679245
371400,-5.910943396226415
371500,-5.859056603773585
371600,-5.690686015831135
371700,-5.374063324538259
371800,-5.057440633245383
371900,-4.740817941952507
372000,-4.641942257217848
372100,-4.660314960629921
372200,-4.678687664041995
372300,-4.6970603674540685
372400,-4.51524926686217
372500,-4.295307917888564
372600,-4.075366568914956
372700,-3.8142105263157897
372800,-3.498421052631579
372900,-3.1826315789473685
373000,-2.8880327868852462
373100,-2.6781967213114757
373200,-2.468360655737705
373300,-2.3075384615384618
373400,-2.4244615384615384
373500,-2.541384615384615
373600,-2.6583076923076923
373700,-2.508
373800,-2.328
373900,-2.1479999999999997
374000,-2.0390252707581227
374100,-1.937942238267148
374200,-1.8523550724637683
374300,-1.8704710144927537
374400,-1.888586956521739
374500,-1.7705
374600,-1.4204999999999999
374700,-1.0705
374800,-0.7744
374900,-0.49439999999999995
375000,-0.2477777777777778
375100,-0.09139917695473251
375200,0.06497942386831275
375300,-0.02177419354838714
375400,-0.15483870967741936
375500,-0.3784615384615384
375600,-0.7630769230769231
375700,-1.1476923076923078
375800,-1.5105
375900,-1.8605
376000,-2.2104999999999997
376100,-2.2885714285714283
376200,-2.206938775510204
376300,-2.1253061224489795
376400,-2.209064516129032
376500,-2.3671290322580645
376600,-2.525193548387097
376700,-2.5160066006600657
376800,-2.3905940594059407
376900,-2.2651815181518153
377000,-2.073888888888889
377100,-1.8308333333333333
377200,-1.5877777777777777
377300,-1.519283276450512
377400,-1.5329351535836178
377500,-1.5465870307167235
377600,-1.6289473684210527
377700,-1.7342105263157896
377800,-1.8394736842105264
377900,-1.8345
378000,-1.7845
378100,-1.7345
378200,-1.6487543252595156
378300,-1.54840830449827
378400,-1.448062283737024
378500,-1.4131506849315068
378600,-1.3926027397260274
378700,-1.3720547945205481
378800,-1.1685559566787005
378900,-0.9447292418772564
379000,-0.7423529411764707
379100,-0.6835294117647058
379200,-0.6247058823529411
379300,-0.543932584269663
379400,-0.43157303370786515
379500,-0.3192134831460674
379600,-0.34188191881918817
379700,-0.41199261992619923
379800,-0.4815328467153285
379900,-0.5326277372262773
380000,-0.5837226277372263
380100,-0.5615589353612167
380200,-0.36003802281368824
380300,-0.1585171102661597
380400,-0.15402985074626863
380500,-0.25104477611940296
380600,-0.3480597014925373
380700,-0.3093207547169811
380800,-0.267811320754717
380900,-0.25081967213114753
381000,-0.2836065573770492
381100,-0.3163934426229508
381200,-0.30656603773584906
381300,-0.29147169811320756
381400,-0.25323076923076926
381500,-0.1416923076923077
381600,-0.030153846153846156
381700,0.02736434108527131
381800,0.05449612403100775
381900,0.09292682926829254
382000,0.3083739837398373
382100,0.5238211382113821
382200,0.540952380952381
382300,0.42587301587301585
382400,0.32192
382500,0.34592
382600,0.36992
382700,0.48875
382800,0.67625
382900,0.8181967213114754
383000,0.7526229508196721
383100,0.6870491803278689
383200,0.5693600000000001
383300,0.43336
383400,0.3595081967213115
383500,0.48245901639344263
383600,0.6054098360655737
383700,0.46372549019607845
383800,0.25588235294117645
383900,0.12100000000000002
384000,0.20500000000000002
384100,0.289
384200,0.31
384300,0.31
384400,0.3422314049586777
384500,0.466198347107438
384600,0.5901652892561984
384700,0.44666666666666666
384800,0.25222222222222224
384900,0.1264
385000,0.1464
385100,0.16640000000000002
385200,0.2577366255144033
385300,0.36473251028806586
385400,0.4031578947368421
385500,0.33433198380566803
385600,0.26550607287449396
385700,0.1363636363636364
385800,0.0019762845849802396
385900,0.02696202531645575
386000,0.3012236286919831
386100,0.5709442060085836
386200,0.6181545064377683
386300,0.6653648068669529
386400,0.5489873417721519
386500,0.3591139240506329
386600,0.26418803418803416
386700,0.371025641025641
386800,0.47786324786324785
386900,0.5598190045248869
387000,0.6412669683257919
387100,0.47235294117647064
387200,0.22865546218487398
387300,0.13883620689655174
387400,0.289698275862069
387500,0.43182608695652175
387600,0.45791304347826084
387700,0.484
387800,0.47333333333333333
387900,0.4516883116883117
388000,0.4962445414847162
388100,0.6185152838427947
388200,0.7384433962264151
388300,0.846933962264151
388400,0.9669950738916256
388500,1.306896551724138
388600,1.637403846153846
388700,1.507596153846154
388800,1.3777884615384617
388900,1.4151923076923076
389000,1.4632692307692308
389100,1.5733653846153846
389200,1.6935576923076923
389300,1.6229850746268657
389400,1.4986069651741294
389500,1.5648275862068965
389600,1.6879802955665024
389700,1.6682000000000001
389800,1.5982
389900,1.5761855670103093
390000,1.5710309278350516
390100,1.634321608040201
390200,1.7147236180904522
390300,1.759378238341969
390400,1.7956476683937823
390500,1.9561290322580644
390600,2.1256756756756756
390700,1.9094594594594594
390800,1.7731746031746032
390900,2.027142857142857
391000,2.1912290502793295
391100,2.124189944134078
391200,2.019222222222222
391300,1.8747777777777779
391400,1.807741935483871
391500,1.7754838709677419
391600,1.8656020942408378
391700,1.9807853403141362
391800,2.0785561497326204
391900,2.1836612021857924
392000,2.4568852459016393
392100,2.6425
392200,2.5175
392300,2.3497765363128496
392400,2.1318994413407824
392500,2.3675409836065575
392600,2.82655737704918
392700,2.547100591715976
392800,2.2478804347826085
392900,2.63375
393000,2.9453216374269005
393100,3.0915204678362573
393200,2.8394117647058823
393300,2.321764705882353
393400,2.3540659340659342
393500,2.4107865168539324
393600,2.04561797752809
393700,1.8586170212765958
393800,2.0873404255319152
393900,2.3343333333333334
394000,2.6065555555555555
394100,2.688372093023256
394200,2.6534883720930234
394300,2.5667630057803468
394400,2.4822727272727274
394500,2.436818181818182
394600,2.2131073446327685
394700,1.7328813559322034
394800,1.7895652173913046
394900,2.1482608695652177
395000,2.0244444444444447
395100,1.78
395200,1.833763440860215
395300,1.8966486486486485
395400,2.0155675675675675
395500,2.149668508287293
395600,2.320939226519337
395700,2.201186440677966
395800,1.7661581920903955
395900,1.7387165775401068
396000,1.877754010695187
396100,2.0392265193370167
396200,2.196815642458101
396300,2.0906703910614524
396400,2.0446666666666666
396500,2.189111111111111
396600,2.2327118644067796
396700,2.1479661016949154
396800,2.307150837988827
396900,2.5864804469273746
397000,2.4038596491228073
397100,2.1942045454545456
397200,2.1601136363636364
397300,2.0593820224719104
397400,1.8627528089887642
397500,1.6867213114754098
397600,1.5227868852459017
397700,1.7836170212765958
397800,2.1506382978723404
397900,1.8681355932203392
398000,1.5791891891891892
398100,1.5737837837837838
398200,1.5796774193548389
398300,1.6119354838709676
398400,1.6276086956521738
398500,1.6221739130434782
398600,1.6721739130434783
398700,1.7591304347826087
398800,1.445934065934066
398900,1.0063736263736263
399000,0.9069430051813471
399100,0.8316243654822335
399200,0.9940609137055837
399300,1.1594736842105262
399400,1.3963157894736842
399500,1.5661538461538462
399600,1.3243956043956044
399700,1.082116402116402
399800,0.8387301587301587
399900,0.6585279187817259
400000,0.5620812182741117
400100,0.4824
400200,0.4224
400300,0.37187192118226603
400400,0.33246305418719213
400500,0.22950738916256158
400600,0.04231527093596059
400700,0.06588516746411488
400800,0.40559808612440196
400900,0.5957142857142858
401000,0.45285714285714285
401100,0.37925
401200,0.43424999999999997
401300,0.2861616161616162
401400,-0.23909090909090902
401500,-0.6327981651376147
401600,-0.8025229357798165
401700,-0.8789285714285714
401800,-0.5575
401900,-0.23607142857142857
402000,-0.2109497951795752
402100,-0.20142326378965442
402200,-0.00010838808691671087
402300,0.2348923313030301
402400,0.07183250000003316
402500,-0.21316749999996684
402600,-0.26903085594191917
402700,-0.25470147115017194
402800,-0.3142536100219928
402900,-0.4098833317394962
403000,-0.43631928733031783
403100,-0.4127521681749606
403200,-0.5151486601647757
403300,-0.7660718681942824
403400,-0.9331347197106675
403500,-0.9421763110307393
403600,-0.9670352303522709
403700,-1.0935031616982709
403800,-1.219971093044271
403900,-1.262471895251951
404000,-1.2977405986862385
404100,-1.4243808897655064
404200,-1.5997041420118623
404300,-1.5950971821421782
404400,-1.2853025802070412
404500,-0.9809203010245788
404600,-1.0443893372019248
404700,-1.1078583733792708
404800,-1.4747723711893572
404900,-1.913467030753321
405000,-2.147392505256198
405100,-2.2298429319371538
405200,-2.281880418050747
405300,-2.1603540468281848
405400,-2.038827675605623
405500,-2.121725113357433
405600,-2.3006011065351752
405700,-2.423324752634549
405800,-2.3991915372858235
405900,-2.375058321937098
406000,-2.4467751335599734
406100,-2.543909664885876
406200,-2.631581727904681
406300,-2.6991090367428145
406400,-2.7666363455809475
406500,-2.9494842698388313
406600,-3.1607849428706065
406700,-3.3209225644672338
406800,-3.324665219506719
406900,-3.328407874546204
407000,-3.4031262164994938
407100,-3.5303907770624368
407200,-3.6576553376253798
407300,-3.788017789072407
407400,-3.9187130150662295
407500,-4.042048044022699
407600,-4.123179653603286
407700,-4.2043112631838735
407800,-4.302322652086634
407900,-4.437280088587438
408000,-4.5722375250882425
408100,-4.657101682418394
408200,-4.673858837723709
408300,-4.690615993029024
408400,-4.7382839167391735
408500,-4.825292818419112
408600,-4.912301720099052
408700,-4.925922014888667
408800,-4.850494867674551
408900,-4.775067720460435
409000,-4.723230515658112
409100,-4.706411921019878
409200,-4.689593326381645
409300,-4.777527191407223
409400,-5.004545793379231
409500,-5.231564395351239
409600,-5.446366689053088
409700,-5.647844190732066
409800,-5.849321692411044
409900,-5.960846656976736
410000,-5.906340843023246
410100,-5.851835029069756
410200,-5.810273803650764
410300,-6.019943265910256
410400,-6.229612728169749
410500,-6.439282190429241
410600,-6.531644817339635
410700,-6.5957361766591
410800,-6.659827535978565
410900,-6.610213948159807
411000,-6.369629672060724
411100,-6.129045395961643
411200,-5.888461119862561
411300,-5.895690798692198
411400,-5.93617032539312
411500,-5.976649852094043
411600,-5.861470197036695
411700,-5.669691917473477
411800,-5.477913637910259
411900,-5.367126995598188
412000,-5.360557125024638
412100,-5.353987254451088
412200,-5.2706620566437286
412300,-5.068835693488614
412400,-4.8670093303335
412500,-4.716529722124511
412600,-4.653216320787892
412700,-4.589902919451273
412800,-4.42995868667097
412900,-4.183528303254287
413000,-3.9370979198376053
413100,-3.5231586826346803
413200,-3.0587029786580513
413300,-2.7109053031835186
413400,-2.961704219084958
413500,-3.212503134986397
413600,-3.561580112183729
413700,-3.9546048765597366
413800,-4.319733812949639
413900,-4.315947368421052
414000,-4.312160923892464
414100,-4.408693314546314
414200,-4.638586896065834
414300,-4.868480477585354
414400,-4.9171097187510995
414500,-4.899509662430917
414600,-4.881909606110735
414700,-4.715522441014701
414800,-4.53102714209686
414900,-4.382270173741549
415000,-4.687341046913938
415100,-4.992411920086326
415200,-5.205312737839901
415300,-5.271043036047886
415400,-5.336773334255871
415500,-5.413775961865858
415600,-5.502301668369089
415700,-5.59082737487232
415800,-5.709847117210144
415900,-5.853070645838204
416000,-5.996294174466265
416100,-6.026076665809098
416200,-5.9649755595574945
416300,-5.903874453305891
416400,-5.884706270627062
416500,-5.917709570957095
416600,-5.950712871287128
416700,-5.850434157185833
416800,-5.562739636458755
416900,-5.275045115731676
417000,-5.108970650786896
417100,-5.162139515099955
417200,-5.215308379413014
417300,-5.223103508710435
417400,-5.191556661642537
417500,-5.1600098145746385
417600,-5.0020108041151605
417700,-4.785240339951106
417800,-4.568469875787052
417900,-4.298004514672636
418000,-4.012075244544708
418100,-3.7971978905637114
418200,-4.111369263567351
418300,-4.42554063657099
418400,-4.5697734310097555
418500,-4.501802733932482
418600,-4.433832036855209
418700,-4.572364373708818
418800,-4.763656744969049
418900,-4.926712962962969
419000,-4.963456055261612
419100,-5.000199147560256
419200,-5.063626637554574
419300,-5.158240902474519
419400,-5.252855167394466
419500,-5.20122688237181
419600,-5.090761144567586
419700,-4.980295406763362
419800,-4.9500014702639135
419900,-4.9279475115783296
420000,-4.9465071026930945
420100,-5.14257102693103
420200,-5.338634951168965
420300,-5.494601335358731
420400,-5.607647578337496
420500,-5.720693821316262
420600,-5.771217926669874
420700,-5.78841542271445
420800,-5.805612918759026
420900,-5.840640660885063
421000,-5.881774586089878
421100,-5.922908511294693
421200,-6.048092002446153
421300,-6.190784127199827
421400,-6.333476251953501
421500,-6.494689903452769
421600,-6.658329242349845
421700,-6.821968581246923
421800,-6.680547690952572
421900,-6.4760680130867145
422000,-6.271588335220856
422100,-6.266174523979218
422200,-6.367997148966488
422300,-6.469819773953759
422400,-6.490803816494577
422500,-6.477733629590904
422600,-6.46466344268723
422700,-6.504748053669041
422800,-6.5743190326320935
422900,-6.643890011595147
423000,-6.627543286190509
423100,-6.559579921680329
423200,-6.491616557170149
423300,-6.556951119021702
423400,-6.738235933946412
423500,-6.919520748871123
423600,-7.043116834052215
423700,-7.1092314957655285
423800,-7.175346157478842
423900,-7.224018818868394
424000,-7.236399653336637
424100,-7.248780487804879
424200,-7.26551559792028
424300,-7.324317281505326
424400,-7.3831189650903735
424500,-7.441920648675421
424600,-7.505225755312343
424700,-7.569248193652635
424800,-7.633270631992928
424900,-7.680988469853473
425000,-7.71702017775643
425100,-7.753051885659386
425200,-7.792012627315513
425300,-7.839662874501167
425400,-7.88731312168682
425500,-7.934963368872474
425600,-7.6547705392475525
425700,-7.335828952808472
425800,-7.016887366369391
425900,-6.7986192372992
426000,-6.677814744678058
426100,-6.557010252056915
426200,-6.440008845041644
426300,-6.3277448545670785
426400,-6.2154808640925125
426500,-6.1137513627571565
426600,-6.0223147529453165
426700,-5.930878143133476
426800,-5.785303604286204
426900,-5.612124688819152
427000,-5.438945773352099
427100,-5.264613692395239
427200,-5.090139958278053
427300,-5.034172222003017
427400,-5.326073922133245
427500,-5.617975622263474
427600,-5.809234075666099
427700,-5.961159076592473
427800,-6.112387724550931
427900,-6.2300096236099325
428000,-6.347631522668934
428100,-6.436281607204715
428200,-6.418962590924837
428300,-6.401643574644958
428400,-6.39798405903032
428500,-6.422347986495428
428600,-6.446711913960535
428700,-6.464724098513979
428800,-6.475115868232362
428900,-6.485507637950745
429000,-6.427072984862636
429100,-6.316227441199884
429200,-6.205381897537132
429300,-6.386157825264939
429400,-6.70366344404415
429500,-7.021169062823361
429600,-7.054222046673907
429700,-7.047638984891872
429800,-7.041055923109837
429900,-6.9651446308281475
430000,-6.875988640866459
430100,-6.7868326509047705
430200,-6.932278506764312
430300,-7.13232597565524
430400,-7.3323734445461675
430500,-7.371085530546624
430600,-7.383947266881029
430700,-7.396809003215434
430800,-7.501191361189437
430900,-7.635772237887712
431000,-7.770353114585988
431100,-7.911800625174073
431200,-8.057261923184045
431300,-8.202723221194017
431400,-8.212775335630269
431500,-8.019713674705946
431600,-7.826652013781622
431700,-7.637221041787387
431800,-7.553517481166692
431900,-7.469813920545996
432000,-7.386110359925301
432100,-7.18223513194168
432200,-6.9688965471970254
432300,-6.755557962452371
432400,-6.862021198586781
432500,-7.012011199253394
432600,-7.162001199920006
432700,-7.272784184514003
432800,-7.37822075782537
432900,-7.4836573311367385
433000,-7.581637253639052
433100,-7.678249388123137
433200,-7.774861522607223
433300,-7.720961538461556
433400,-7.614123931623946
433500,-7.507286324786336
433600,-7.476245992422033
433700,-7.5053920139900905
433800,-7.534538035558149
433900,-7.554535939714029
434000,-7.5641971531624375
434100,-7.573858366610846
434200,-7.53893823264203
434300,-7.426224075743931
434400,-7.313509918845831
434500,-7.241155897062223
434600,-7.28421223462391
434700,-7.327268572185598
434800,-7.425351326503758
434900,-7.697875623850753
435000,-7.970399921197747
435100,-8.187033121486191
435200,-8.17175568320704
435300,-8.15647824492789
435400,-8.14120080664874
435500,-7.949274603512808
435600,-7.742279382667177
435700,-7.535284161821546
435800,-7.405859213928066
435900,-7.320772327126353
436000,-7.235685440324641
436100,-7.2682416549130275
436200,-7.385778091208291
436300,-7.503314527503554
436400,-7.4632803661925475
436500,-7.319418996239973
436600,-7.175557626287398
436700,-6.917622090059498
436800,-6.564181138487705
436900,-6.2107401869159125
437000,-6.274256185724441
437100,-6.61366493568201
437200,-6.953073685639579
437300,-7.336928446771348
437400,-7.744141942990106
437500,-8.151355439208864
437600,-8.112598045280206
437700,-7.9115588271681245
437800,-7.710519609056042
437900,-7.576665608432013
438000,-7.509996825296039
438100,-7.443328042160064
438200,-7.457000598086136
438300,-7.61981293195109
438400,-7.782625265816043
438500,-7.9446777146160334
438600,-8.105258374281386
438700,-8.265839033946738
438800,-8.341976768807294
438900,-8.130234126864082
439000,-7.918491484920867
439100,-7.706748842977654
439200,-8.00448433993566
439300,-8.345981071324054
439400,-8.687477802712449
439500,-8.513447168015226
439600,-8.2457175154688
439700,-7.977987862922372
439800,-7.955962216624722
439900,-8.195256926952151
440000,-8.434551637279581
440100,-8.529331083524198
440200,-8.300332650355585
440300,-8.071334217186974
440400,-7.8423357840183625
440500,-8.107892368213953
440600,-8.37854539732489
440700,-8.649198426435825
440800,-8.656219420906075
440900,-8.602322364284218
441000,-8.548425307662361
441100,-8.504404044040438
441200,-8.47140371403714
441300,-8.43840338403384
441400,-8.426376379092053
441500,-8.543938325194425
441600,-8.661500271296799
441700,-8.77906221739917
441800,-8.844999279601186
441900,-8.89974958937267
442000,-8.954499899144155
442100,-8.984792654028439
442200,-8.969982227488154
442300,-8.955171800947868
442400,-8.940361374407583
442500,-8.870928935956812
442600,-8.800130387327057
442700,-8.729331838697302
442800,-8.714132834650421
442900,-8.738262653073539
443000,-8.762392471496657
443100,-8.762947909156434
443200,-8.699862112472946
443300,-8.636776315789458
443400,-8.57369051910597
443500,-8.55556203036344
443600,-8.54022695905536
443700,-8.52489188774728
443800,-8.593496762257146
443900,-8.701421523280894
444000,-8.80934628430464
444100,-8.87
444200,-8.87
444300,-8.87
444400,-8.873641054703816
444500,-8.912416930143772
444600,-8.951192805583728
444700,-8.989968681023685
444800,-8.954118011140906
444900,-8.892224056117175
445000,-8.830330101093447
445100,-8.768144995071227
445200,-8.705415359799254
445300,-8.64268572452728
445400,-8.579908365806128
445500,-8.449002374573778
445600,-8.318096383341429
445700,-8.187190392109077
445800,-8.013142802523388
445900,-7.821974765819152
446000,-7.630806729114916
446100,-7.628238523821093
446200,-7.763763422177438
446300,-7.899288320533783
446400,-7.810319923108573
446500,-7.624956748592582
446600,-7.43959357407659
446700,-7.451828367269072
446800,-7.517734225953028
446900,-7.583640084636983
447000,-7.602202863317124
447100,-7.6157090761750394
447200,-7.629215289032955
447300,-7.736613622744525
447400,-7.849803582129302
447500,-7.96299354151408
447600,-7.935420883318812
447700,-7.898560083104346
447800,-7.861699282889882
447900,-7.815475761819024
448000,-7.7687997599519845
448100,-7.722123758084945
448200,-7.768381373973582
448300,-7.819069036596501
448400,-7.86975669921942
448500,-7.8766421944870855
448600,-7.883316425281986
448700,-7.889990656076886
448800,-7.870027334244477
448900,-7.8500266675555865
449000,-7.830026000866696
449100,-7.756223431046643
449200,-7.6823508277089445
449300,-7.61345566586785
449400,-7.781206436152012
449500,-7.948957206436175
449600,-8.075729715489938
449700,-7.8320521601685416
449800,-7.588374604847145
449900,-7.358236202780501
450000,-7.3301502597949675
450100,-7.302064316809434
450200,-7.273913197771389
450300,-7.2455232620036165
450400,-7.217133326235844
450500,-7.275078599499859
450600,-7.464431939978586
450700,-7.6537852804573125
450800,-7.481691509822756
450900,-7.066112446764607
451000,-6.650533383706458
451100,-6.9080770701125145
451200,-7.4738695618931965
451300,-8.014280800187041
451400,-8.218001202284364
451500,-8.421721604381688
451600,-8.61310420866936
451700,-8.654056829637103
451800,-8.695009450604845
451900,-8.735962071572587
452000,-8.571592713685181
452100,-8.384764128911723
452200,-8.197935544138266
452300,-7.9806224217022805
452400,-7.74960694366526
452500,-7.518591465628238
452600,-7.682888195491305
452700,-8.0510121656207
452800,-8.419136135750092
452900,-8.482248744120566
453000,-8.472649665632101
453100,-8.463050587143638
453200,-8.361501588218344
453300,-8.217118105688737
453400,-8.07273462315913
453500,-8.173973136915055
453600,-8.463934475403278
453700,-8.7538958138915
453800,-8.801270897832804
453900,-8.661952012383889
454000,-8.522633126934972
454100,-8.414876208897482
454200,-8.369744036105736
454300,-8.32461186331399
454400,-8.320445714285711
454500,-8.45105795918367
454600,-8.581670204081629
454700,-8.68137539890676
454800,-8.630820879016714
454900,-8.580266359126668
455000,-8.530566037735856
455100,-8.629870903674291
455200,-8.729175769612729
455300,-8.828480635551164
455400,-8.842754752259271
455500,-8.84587098784668
455600,-8.848987223434092
455700,-8.80240649908032
455800,-8.731897608828943
455900,-8.661388718577566
456000,-8.67396800101987
456100,-8.804641126976012
456200,-8.935314252932152
456300,-8.970507344772292
456400,-8.754484631527
456500,-8.538461918281707
456600,-8.339288990825688
456700,-8.60468872870248
456800,-8.870088466579272
456900,-9.135488204456065
457000,-9.09341094226725
457100,-9.046016173464851
457200,-8.998621404662453
457300,-9.112066924725713
457400,-9.329604273969114
457500,-9.547141623212514
457600,-9.598704186208098
457700,-9.471323027039544
457800,-9.343941867870988
457900,-9.218110451848464
458000,-9.148127186977025
458100,-9.078143922105586
458200,-9.008160657234146
458300,-9.122004691164951
458400,-9.300268960125077
458500,-9.478533229085203
458600,-9.498110377924423
458700,-9.384133173365322
458800,-9.270155968806222
458900,-9.128853850442916
459000,-8.884135431509769
459100,-8.639417012576622
459200,-8.394698593643477
459300,-8.16620079863089
459400,-7.938020536223593
459500,-7.70984775012478
459600,-7.492347928403339
459700,-7.274848106681897
459800,-7.089836745270802
459900,-7.038009847110659
460000,-6.986182948950514
460100,-6.881726985106903
460200,-6.723535766648684
460300,-6.565344548190465
460400,-6.429962466278294
460500,-6.297030535246487
460600,-6.17325092099875
460700,-6.066824396234136
460800,-5.960397871469523
460900,-5.779152991668788
461000,-5.589806866952786
461100,-5.5413719832109125
461200,-5.620070828961165
461300,-5.61718806666097
461400,-5.353825662723481
461500,-5.090463258785992
461600,-4.871719421827865
461700,-4.656734516512701
461800,-4.431226176259865
461900,-4.2019450680678165
462000,-4.075130174563585
462100,-4.0053047381546065
462200,-3.824763885366468
462300,-3.5812944458534357
462400,-3.3801534635127344
462500,-3.200230724453598
462600,-3.164271566901409
462700,-3.169773327464789
462800,-2.9614605989626774
462900,-2.794779797078833
463000,-2.883975917047612
463100,-2.8785219175739547
463200,-2.7132138174770435
463300,-2.4760485858466885
463400,-2.194391503344608
463500,-2.153463882686619
463600,-2.1059833494208453
463700,-1.973261341698845
463800,-1.7569371711544424
463900,-1.4845756731661837
464000,-1.1350403813054117
464100,-0.8581099564197079
464200,-0.6636748240027085
464300,-0.6325987990504105
464400,-0.4061327571549964
464500,0.016740977416215386
464600,0.6485033766611761
464700,0.637641196013303
464800,0.7677609401576722
464900,1.1854313790806243
465000,1.360373723112684
465100,1.567997674611773
465200,1.6031884552984383
465300,1.8278733779650456
465400,2.322944444444421
465500,2.8260200226671803
465600,2.832054420487697
465700,2.749397944199669
465800,3.076865185752629
465900,2.919393469625227
466000,3.617000290669558
466100,3.687951269035729
466200,3.006668234408833
466300,2.9031972533158013
466400,3.3077940901438896
466500,3.2474895556399366
466600,3.317885795186423
466700,3.6578388494877743
466800,3.5379238754325653
466900,3.251862041467368
467000,3.19
467100,2.71681800692588
467200,2.5334340382678766
467300,2.9528088141171716
467400,3.014443375348798
467500,2.563877456001507
467600,2.203909693603324
467700,1.962116350815353
467800,1.8244177510844242
467900,1.7910510510510589
468000,1.040501743345495
468100,0.9652585478294223
468200,1.0239420452721146
468300,0.8799276974414837
468400,0.2681368186875273
468500,0.10988263420994625
468600,-0.02424949582253294
468700,-0.11694442497722503
468800,-0.10292802579017642
468900,-0.2327906000839217
469000,-0.16937718157548687
469100,0.3028697556636246
469200,0.3303105861767285
469300,0.4704334500875489
469400,0.6436339800733798
469500,0.2241269008913893
469600,0.6343983640669845
469700,0.966693349753694
469800,0.9559852216748828
469900,0.9251970443349775
470000,0.8249260332469271
470100,0.6516664137198513
470200,0.47297649745818987
470300,0.48771163338981455
470400,0.6741550142835603
470500,0.5235232021112854
470600,0.1738829560016253
470700,0.6651260145237547
470800,0.46034611926883007
470900,0.26159280667947493
471000,0.41417128279871496
471100,0.8442004373178115
471200,1.0535228139783472
471300,1.1734111352357623
471400,1.36
471500,1.36
471600,0.931745831028254
471700,0.7130473637175989
471800,0.7875729899685717
471900,0.7127114837550431
472000,0.7556517205422402
472100,0.7077551176876284
472200,0.6554738267148639
472300,1.1217794825511322
472400,1.087646071457112
472500,0.7434773100054863
472600,0.422000148931412
472700,0.45923300320202626
472800,0.41008518383690334
472900,0.5288240946045932
473000,0.6010032620515166
473100,0.20955708590060512
473200,0.33137936046512306
473300,0.49737808549065327
473400,0.6050752154228171
473500,0.5758653424857648
473600,0.42085271317833245
473700,0.38687713931974455
473800,0.5697591155366832
473900,0.5624373993264014
474000,0.9472484520124707
474100,1.146551698670593
474200,0.7220389504199676
474300,0.8186716717460876
474400,0.6507349874145343
474500,0.2432687887439835
474600,-0.44629031134653113
474700,-0.1094225648212307
474800,0.1119495177508562
474900,-0.07274163759492375
475000,-0.1836703311526215
475100,-0.214102668292024
475200,-0.16036764705886025
475300,-0.42297268907565494
475400,-0.45345351427990155
475500,-0.23064614138135908
475600,-0.015182431023674364
475700,0.09943593314763002
475800,0.09155174722192444
475900,-0.22308207256664736
476000,-0.5420708727249529
476100,-0.8201599841991485
476200,-0.5502277964316066
476300,-0.7589482695365541
476400,-1.352075333251718
476500,-1.020728515247277
476600,-0.7997667768174896
476700,-0.9077993136756588
476800,-1.0292194817358726
476900,-1.139542645241033
477000,-1.188986402966624
477100,-1.4356222547584188
477200,-1.82800878477306
477300,-1.6912990936555892
477400,-1.497907901174171
477500,-1.3939450831702689
477600,-1.5424896168470217
477700,-1.8759204445745181
477800,-1.9250500465549356
477900,-1.9563132776546814
478000,-2.132439634111692
478100,-2.283441388160461
478200,-2.395029849913527
478300,-2.416556714910801
478400,-2.377288230674295
478500,-2.602185045723485
478600,-2.8872845615921956
478700,-2.4498057694517836
478800,-2.1944011482643857
478900,-2.726004997076126
479000,-3.062148963453741
479100,-3.0087187433212264
479200,-3.019002793443318
479300,-3.103333157645087
479400,-3.2126702324624796
479500,-3.3412445998765903
479600,-3.643716703529204
479700,-4.052409847100623
479800,-4.124395964816419
479900,-3.910710132684013
480000,-3.866896737269478
480100,-3.974513036247127
480200,-4.117171812843356
480300,-4.297130138283802
480400,-4.417048258259683
480500,-4.4359545304154695
480600,-4.440189831155197
480700,-4.402032815033864
480800,-4.373059328091492
480900,-4.39212056230641
481000,-4.414670213266803
481100,-4.489996233698975
481200,-4.5653222541311465
481300,-4.873419898072215
481400,-5.1969297584755445
481500,-5.009709444258279
481600,-4.583688669762151
481700,-4.354658470617173
481800,-4.261223506269978
481900,-4.03965748789753
482000,-3.7169257196397383
482100,-3.494024337943595
482200,-3.3278401415246295
482300,-3.435108559498939
482400,-3.6230000000000055
482500,-3.5542832809921676
482600,-3.4425038590514614
482700,-3.5071747978223007
482800,-3.552693483244176
482900,-3.3507504639231747
483000,-3.1888005301524265
483100,-3.144621161917382
483200,-3.0777220380877326
483300,-2.9822217852929507
483400,-2.9648656682932293
483500,-2.9873010264176285
483600,-2.835747852007735
483700,-2.530648849886922
483800,-1.5866254487433546
483900,-1.415211747317015
484000,-1.639463679565455
484100,-1.9110183299388932
484200,-2.207993527508102
484300,-2.531618122977336
484400,-2.4491338394404827
484500,-2.3755001057307163
484600,-3.2001987735250337
484700,-3.813610828741121
484800,-3.6959071210743133
484900,-3.382190863429726
485000,-2.7124946185122045
485100,-2.6343897637795406
485200,-2.8312401574802935
485300,-3.047624804992196
485400,-3.2680949302300717
485500,-3.505151123323134
485600,-3.593321772208499
485700,-3.3415876034906784
485800,-3.2881196815811213
485900,-3.419879220422718
486000,-3.586637390885227
486100,-3.7687184705189405
486200,-3.344444444444461
486300,-2.9067947140334214
486400,-3.4685624097159122
486500,-3.839656889872691
486600,-3.5795572772551094
486700,-3.63990325865578
486800,-4.13379327902232
486900,-4.310141186387125
487000,-4.115219681803783
487100,-4.035899680276746
487200,-4.046382409979558
487300,-4.384777199074049
487400,-4.895965470679022
487500,-5.009099880975996
487600,-4.8355232096806295
487700,-4.664971708212272
487800,-4.496750267625012
487900,-4.629056585460571
488000,-4.959057556051665
488100,-5.058162711182615
488200,-4.9626277152051435
488300,-5.026534978651534
488400,-5.218905832121243
488500,-5.367081281388654
488600,-5.4548476278706755
488700,-5.491777167516684
488800,-5.442738328756382
488900,-5.37377650089163
489000,-5.264800871805046
489100,-5.193039496001938
489200,-5.202731766416283
489300,-5.296749121445886
489400,-5.643606864132231
489500,-5.953918324406975
489600,-5.681347551644919
489700,-5.408776778882863
489800,-5.566792118869113
489900,-5.739133634542873
490000,-5.640291118027274
490100,-5.482282978214037
490200,-5.739870048954108
490300,-6.149304850912253
490400,-6.242546300604964
490500,-6.000573289902272
490600,-5.817678562965059
490700,-5.751324707332088
490800,-5.6593199359254
490900,-5.479717004028899
491000,-5.363877183845487
491100,-5.567466029070598
491200,-5.768985107556524
491300,-5.934456701599549
491400,-6.099928295642574
491500,-5.868406774725819
491600,-5.582082403183546
491700,-5.716338028169004
491800,-5.944107283967819
491900,-6.128339576657474
492000,-6.2908164462697815
492100,-6.416043146306811
492200,-6.49594371448864
492300,-6.579901819609909
492400,-6.68026399616005
492500,-6.780626172710191
492600,-6.871948838470573
492700,-6.962340233209813
492800,-7.164928583431387
492900,-7.416987060998143
493000,-7.4599915303348086
493100,-7.04542370614715
493200,-6.630254366543547
493300,-6.2071301353012345
493400,-5.7855643288433685
493500,-5.4036682665014535
493600,-5.080582246740237
493700,-5.286199097291868
493800,-5.4597456635637736
493900,-5.363097817793373
494000,-5.28994779788152
494100,-5.360902133698255
494200,-5.342655739490216
494300,-4.879793617948104
494400,-4.510175250155456
494500,-4.329271863870209
494600,-4.152374884152013
494700,-3.978602873030618
494800,-4.277073409461644
494900,-4.668590538336106
495000,-4.978929309632092
495100,-5.256474426436548
495200,-5.035468322458414
495300,-4.87924395947002
495400,-5.061109379059513
495500,-5.223050107813945
495600,-5.320596057090038
495700,-5.343691813804206
495800,-5.183178170144481
495900,-5.179194575713983
496000,-5.343566878980889
496100,-5.226555573023126
496200,-4.864977204842054
496300,-5.070038329434006
496400,-5.61262382398338
496500,-5.637180978091548
496600,-5.3412615512408355
496700,-5.3992986595712065
496800,-5.61517295044926
496900,-5.828678224754891
497000,-6.041166755203585
497100,-6.200187921998221
497200,-6.327672694650354
497300,-6.3508314972698585
497400,-6.274195804195799
497500,-6.169486838213537
497600,-6.026531105195723
497700,-6.128716654005872
497800,-6.606843469323849
497900,-7.01419064587973
498000,-7.0409167037861895
498100,-7.067642761692649
498200,-7.065920357941835
498300,-7.061446085011186
498400,-7.256862274343239
498500,-7.547734429105737
498600,-7.564471744471701
498700,-7.318771498771493
498800,-7.066980812641113
498900,-6.79892212189621
499000,-6.551645875640679
499100,-6.425932695097179
499200,-6.295129520647805
499300,-6.103992253910773
499400,-5.880599859618955
499500,-5.329873656930005
499600,-4.991781486310332
499700,-5.335979661016982
499800,-5.618714046568268
499900,-5.77089788464466
500000,-5.890998344453922
500100,-5.951200020067222
500200,-6.088190390018545
500300,-6.364394018762783
500400,-6.5772858568103
500500,-6.6057907739085
500600,-6.610971298139958
500700,-6.48470253994465
500800,-6.377474320821714
500900,-6.459071709705283
501000,-6.540544824640506
501100,-6.606986853969909
501200,-6.673428883299312
501300,-6.916000374146434
501400,-7.177902908988816
501500,-7.208779101491458
501600,-7.167855129137872
501700,-7.260974275964634
501800,-7.457841893428965
501900,-7.625185137234578
502000,-7.715811755567058
502100,-7.80643837389954
502200,-7.590345941647185
502300,-7.361706347233947
502400,-7.650448914966964
502500,-7.967110924839382
502600,-7.795218371118176
502700,-7.502254022625809
502800,-7.291724280402127
502900,-7.140229995868327
503000,-7.0306479398956805
503100,-6.982794180982925
503200,-6.859276803022074
503300,-6.57099209702269
503400,-6.291882255817503
503500,-6.033897631701175
503600,-5.829099065420592
503700,-5.716949532710312
503800,-5.456967847657879
503900,-5.04446855399222
504000,-5.3873018222653855
504100,-6.020245520902598
504200,-6.3585668620138875
504300,-6.605576112752457
504400,-6.8485254418108585
504500,-7.089724013173203
504600,-7.205136989542424
504700,-7.214600861212324
504800,-7.296511980048106
504900,-7.474653959205465
505000,-7.656542278681972
505100,-7.855033743549015
505200,-8.053525208416058
505300,-7.889955377063816
505400,-7.693614457831361
505500,-7.599453230908278
505600,-7.554265702666071
505700,-7.268574926297978
505800,-6.703941937740554
505900,-6.560297457070447
506000,-6.907487097682323
506100,-7.205479612525395
506200,-7.403722460013558
506300,-7.588857307811887
506400,-7.668796909002084
506500,-7.7487365101922805
506600,-7.554182271549436
506700,-7.314608614873118
506800,-7.156564768084582
506900,-7.017175198269626
507000,-6.662423180037085
507100,-6.229344194679325
507200,-6.247725833207658
507300,-6.383451968028957
507400,-6.360602323320191
507500,-6.299192978864935
507600,-6.462372311495731
507700,-6.665091718170638
507800,-6.472346409298423
507900,-6.197336031548362
508000,-5.949816364229059
508100,-5.709634995820563
508200,-5.536884926163289
508300,-5.5559734799482206
508400,-6.105779430789218
508500,-6.273507873372118
508600,-5.892098839426772
508700,-5.593258026159323
508800,-5.355445897740755
508900,-5.215791957827625
509000,-5.1034729981378
509100,-5.010363128491604
509200,-4.765849402541539
509300,-4.405477650629136
509400,-4.502070479209858
509500,-4.518409955710778
509600,-4.3687000187137075
509700,-4.093853503184707
509800,-3.8386738562091516
509900,-3.8321379084967333
510000,-3.9380096308186148
510100,-4.097298214171436
510200,-4.250917877488301
510300,-4.567695670915679
510400,-4.9864406675288855
510500,-4.978166845685641
510600,-4.9775449602676725
510700,-5.001444105873217
510800,-5.089025110782861
510900,-5.208511681569104
511000,-5.121981540236527
511100,-5.00903171849833
511200,-4.829376161566086
511300,-4.918734288219855
511400,-5.140891552177777
511500,-4.946738298498668
511600,-4.824306409130809
511700,-4.956000877963149
511800,-4.867461316211827
511900,-4.681998031496044
512000,-4.608179133858248
512100,-4.700072442076327
512200,-4.969485122433104
512300,-4.962002260424717
512400,-4.90697863802668
512500,-4.9600885164640625
512600,-5.079743180002283
512700,-5.28519917817604
512800,-5.432524539349076
512900,-5.553068710177373
513000,-5.18760416666662
513100,-5.008858398602646
513200,-5.408926015664616
513300,-5.510185327273815
513400,-5.309512483031346
513500,-5.140343817268592
513600,-5.018251003665571
513700,-5.157891429568874
513800,-5.223155189533319
513900,-5.182269727235561
514000,-5.402679521276589
514100,-5.735126329787261
514200,-5.556639046538017
514300,-5.364898975765376
514400,-5.476837185873406
514500,-5.496235916302583
514600,-5.3410278224879315
514700,-5.697984255230909
514800,-6.386817899316204
514900,-6.270092742611419
515000,-5.767271355941746
515100,-5.71
515200,-5.715767380122783
515300,-5.782135390741665
515400,-5.803401425444746
515500,-5.707997642965371
515600,-5.668343314490403
515700,-5.685134046006607
515800,-5.798813132694967
515900,-5.952027906976772
516000,-6.083469737546883
516100,-6.205244559120464
516200,-5.902350235584501
516300,-5.6932370711157745
516400,-5.793009810986083
516500,-5.880529601840188
516600,-5.951727367325692
516700,-5.970078986341949
516800,-5.953623498436732
516900,-6.09937902410469
517000,-6.290939711594719
517100,-6.247115921787708
517200,-6.187510828158457
517300,-6.3805912435422645
517400,-6.539632683261977
517500,-6.455070556524499
517600,-6.431369673350061
517700,-6.610847648838489
517800,-6.738562346185399
517900,-6.733435192780969
518000,-6.757435697583786
518100,-6.840574175110412
518200,-6.985886014863415
518300,-7.222349676672153
518400,-7.448423459151804
518500,-7.653714365697769
518600,-7.759179919719526
518700,-7.4390742340328195
518800,-7.1386558687421
518900,-6.907271771140049
519000,-6.8090606000199765
519100,-6.993452108043469
519200,-7.038268980251161
519300,-6.777730186024666
519400,-6.379906125050587
519500,-5.7714573796139765
519600,-5.909830651989873
519700,-6.417874682472458
519800,-6.641974136603882
519900,-6.785659670549593
520000,-7.020863643021019
520100,-7.2747327051700985
520200,-7.584774092931445
520300,-7.910447227191327
520400,-8.061914119359527
520500,-8.098304221251817
520600,-8.199543862721072
520700,-8.396532130975316
520800,-8.541585739783072
520900,-8.30361036108188
521000,-8.065634982380686
521100,-7.9806545437676935
521200,-7.9064327132718
521300,-8.341650141934329
521400,-8.921729954334031
521500,-9.162098160602211
521600,-8.765714603839141
521700,-8.40304186635319
521800,-8.335223799620211
521900,-8.26740573288723
522000,-8.044012551107716
522100,-7.801547969953425
522200,-7.7537347626049415
522300,-7.758477920599534
522400,-7.9021940006372065
522500,-8.111579953570883
522600,-8.450034545155345
522700,-8.927086691890056
522800,-9.370707269155211
522900,-9.18705646194586
523000,-9.00340565473651
523100,-8.768610787041222
523200,-8.512844835322639
523300,-8.505456179390618
523400,-8.766496918863409
523500,-8.963881185487075
523600,-8.78224826119698
523700,-8.600615336906884
523800,-8.407577104751276
523900,-8.213078632953557
524000,-8.067055676545769
524100,-7.939226872455264
524200,-8.00004542951541
524300,-8.179010187224675
524400,-8.418252219030068
524500,-8.735562797478648
524600,-9.016867115949546
524700,-8.986626922412304
524800,-8.956386728875064
524900,-8.819765283355624
525000,-8.654660419455562
525100,-8.67260598179458
525200,-8.841656697009137
525300,-8.925796731587173
525400,-8.742228341168575
525500,-8.561539554101708
525600,-8.772437376258923
525700,-8.983335198416135
525800,-9.067568933036483
525900,-9.093258263401271
526000,-9.100998061598101
526100,-9.075152702993753
526200,-9.05137383057798
526300,-9.102636165577346
526400,-9.153898500576712
526500,-9.113378084810554
526600,-9.03082681612791
526700,-9.033589266849777
526800,-9.173035706739931
526900,-9.310075353484041
527000,-9.314308695284058
527100,-9.318542037084075
527200,-9.246203134470514
527300,-9.133639276127791
527400,-9.10666666666669
527500,-9.241619433198407
527600,-9.376572199730123
527700,-9.3174588235294
527800,-9.253287700534747
527900,-9.25976217777212
528000,-9.306477258249458
528100,-9.342396469789545
528200,-9.350882552613713
528300,-9.359368635437882
528400,-9.251158050607547
528500,-9.133567353338258
528600,-9.109089806350996
528700,-9.139415154009445
528800,-9.21252767527675
528900,-9.376063401543115
529000,-9.539599127809483
529100,-9.313461998670498
529200,-9.060858409040565
529300,-8.799453529000694
529400,-8.533904961565291
529500,-8.442043438077645
529600,-8.502117375231059
529700,-8.653918255657402
529800,-8.962305520566431
529900,-9.227027989821813
530000,-8.884673143650211
530100,-8.542318297478607
530200,-8.75670328221799
530300,-9.029122984313833
530400,-9.07937876825512
530500,-8.998989326068516
530600,-8.896121660766013
530700,-8.758184284334908
530800,-8.672425077973159
530900,-8.776389278126855
531000,-8.8794778966961
531100,-8.72591810144251
531200,-8.572358306188919
531300,-8.546006916857504
531400,-8.541333364490349
531500,-8.509697555000711
531600,-8.467298723324065
531700,-8.461151400988934
531800,-8.47998822698375
531900,-8.442751764875398
532000,-8.34190174326467
532100,-8.392028282645136
532200,-8.682106694465826
532300,-8.907601654031707
532400,-8.838683666436934
532500,-8.769857866134041
532600,-8.728053787913973
532700,-8.686249709693906
532800,-8.488050420168094
532900,-8.26236014405765
533000,-7.869986769121232
533100,-7.427261208081102
533200,-7.558795133819895
533300,-7.831301216544955
533400,-7.986626667902139
533500,-8.102453206078584
533600,-8.187684931506857
533700,-8.251611872146126
533800,-8.196115055079531
533900,-7.961108935128491
534000,-7.801154608523286
534100,-7.7763776015857236
534200,-7.720864774098731
534300,-7.605421629847279
534400,-7.4702965306450455
534500,-7.3094299962464095
534600,-7.323544356955418
534700,-7.4705259842520055
534800,-7.495497045166729
534900,-7.458561629379481
535000,-7.425498617903463
535100,-7.393604082500528
535200,-7.0539581566299345
535300,-6.737054134838893
535400,-6.880970884534475
535500,-7.035402626762834
535600,-7.213032080955938
535700,-7.187366940474913
535800,-6.917309553280121
535900,-6.71683946488296
536000,-6.549615384615386
536100,-6.730907556405804
536200,-6.82801098376306
536300,-6.3922421203438144
536400,-6.167056526701507
536500,-6.161049438337237
536600,-6.179650000000007
536700,-6.267784071976117
536800,-6.734295234921658
536900,-7.193364528996517
537000,-7.6382862841361785
537100,-7.713982183367469
537200,-7.210468654899537
537300,-7.25890751086286
537400,-7.703765776950161
537500,-7.746585443373248
537600,-7.571778790126108
537700,-7.481005955255114
537800,-7.416624818928042
537900,-7.62201500205511
538000,-7.858348746403634
538100,-8.094962287404496
538200,-8.331590337687949
538300,-8.161208352525728
538400,-7.956489584932725
538500,-7.695307316549471
538600,-7.4335500780727
538700,-7.182602052197179
538800,-7.057862461673235
538900,-7.211169513797621
539000,-7.120314933577675
539100,-6.771024965643609
539200,-7.202196519959091
539300,-7.908440122825028
539400,-8.019754035357412
539500,-7.96851140148603
539600,-8.14909297052156
539700,-8.375850340136054
539800,-8.242657482331262
539900,-8.022438287411678
540000,-7.698727583262183
540100,-7.357139197267281
540200,-7.3070004391743515
540300,-7.277708412637989
540400,-7.326650715101415
540500,-7.521903148664759
540600,-8.030073734555623
540700,-8.234368650217665
540800,-7.76670214481538
540900,-7.4325472168374604
541000,-7.260849626142351
541100,-7.281021443771486
541200,-7.4065193430457885
541300,-7.083499357701724
541400,-6.65791175563098
541500,-6.238288182659645
541600,-6.181301091123581
541700,-6.517485107637849
541800,-6.693928674310063
541900,-6.8295283441630925
542000,-7.025584808424811
542100,-7.14160832813298
542200,-7.033819141090369
542300,-7.06542017500413
542400,-7.236021682901309
542500,-7.586388974914788
542600,-8.019959739857516
542700,-7.621140535318555
542800,-6.939206114678678
542900,-7.056905867218511
543000,-7.215376695801347
543100,-7.494212022092315
543200,-7.549025597269634
543300,-7.156534129692816
543400,-7.032161568362349
543500,-7.105396879049067
543600,-7.370173784331987
543700,-7.682656652595783
543800,-7.700408228522703
543900,-7.72455395160454
544000,-7.869948073527885
544100,-8.07188058796784
544200,-8.54164873465673
544300,-8.795846669147798
544400,-8.157854218725117
544500,-7.746414061677715
544600,-7.830615724660564
544700,-7.873441019404641
544800,-7.857578913974514
544900,-7.741783825053166
545000,-7.534552544036637
545100,-7.580013315579237
545200,-7.739800266311593
545300,-7.948689280590294
545400,-8.169021315843416
545500,-8.105570322310585
545600,-7.995691712013388
545700,-7.552771185964131
545800,-7.198946963451484
545900,-7.369323440505637
546000,-7.493368943151472
546100,-7.5315223197252985
546200,-7.585987438939291
546300,-7.655771109560363
546400,-7.911512817914673
546500,-8.266158678690832
546600,-8.414110318496935
546700,-8.464346428212599
546800,-8.266087322905152
546900,-7.95534839627113
547000,-8.067324827762176
547100,-8.291871906098473
547200,-8.001199001736113
547300,-7.605148654513843
547400,-7.968283582089569
547500,-8.326665282823043
547600,-8.217687597301515
547700,-8.12848745519712
547800,-8.210412698412691
547900,-8.301867614660521
548000,-8.447070899258959
548100,-8.548157038242477
548200,-8.405764849471106
548300,-8.21425469863897
548400,-7.809199611147077
548500,-7.480896998635734
548600,-7.304680536607552
548700,-7.302053657704766
548800,-7.427103393395103
548900,-7.45454666889297
549000,-7.460335789881973
549100,-7.476959051365876
549200,-7.52610495595307
549300,-7.693645354807311
549400,-7.791915882678474
549500,-7.769779745434421
549600,-7.612044890593265
549700,-7.346987367471236
549800,-7.5589939497778165
549900,-7.90166140172408
550000,-7.613993335968802
550100,-7.32904532196545
550200,-7.390746017500564
550300,-7.318746177370022
550400,-7.0129357798165195
550500,-6.9256039045042925
550600,-6.9491250147006935
550700,-6.572900839291283
550800,-6.3067104276069035
550900,-6.2692010502625655
551000,-6.439100036509681
551100,-6.601400500866868
551200,-6.164747319077904
551300,-5.926760975609761
551400,-5.854565750581709
551500,-6.13127790704989
551600,-6.093712055507326
551700,-5.633374474614714
551800,-5.637006250831226
551900,-5.662813039436994
552000,-5.669452263975567
552100,-6.192841129688764
552200,-6.458059566787009
552300,-6.077708870551825
552400,-5.756998711340216
552500,-5.588242152466348
552600,-5.902143497757875
552700,-6.484458781362042
552800,-7.2072783751492775
552900,-6.973180594604294
553000,-6.825674654704289
553100,-6.908309526620232
553200,-7.160394395433304
553300,-7.517887332064812
553400,-6.921123735797192
553500,-6.312260756192931
553600,-5.99935332464142
553700,-5.800216649949841
553800,-5.599493582589289
553900,-5.278623046874972
554000,-4.731037989829436
554100,-4.643206494528336
554200,-5.016704389050238
554300,-4.3667579140540544
554400,-3.943192436040032
554500,-4.051834193744291
554600,-4.31767617174701
554700,-3.4491084890200936
554800,-3.4461880327733176
554900,-3.2935038969840815
555000,-3.014612162987522
555100,-2.914149477863139
555200,-2.8873695671898743
555300,-2.418325991189428
555400,-2.3586068939177047
555500,-1.8428060793695145
555600,-2.1242583732057185
555700,-2.3014322556875952
555800,-1.742838974760237
555900,-1.2962741705678622
556000,-0.3738939326838243
556100,-0.20032104367554487
556200,-0.038114239181055776
556300,0.49340658006553656
556400,1.0847379083311945
556500,1.0038095837001435
556600,0.8949529397383318
556700,0.46693296157111575
556800,0.6978108108108062
556900,1.0875053681949611
557000,1.6157512116316761
557100,2.0238778877888004
557200,1.2357749006538274
557300,1.89420995376666
557400,1.87020333468889
557500,2.0466042154566404
557600,2.3807511003833484
557700,2.62756168359938
557800,2.1620707624794018
557900,2.4160905943449946
558000,1.9868370165746223
558100,2.3416840600428586
558200,2.478047253060058
558300,1.5651644895986263
558400,0.7380371517027388
558500,0.580352014821654
558600,0.7844051525094422
558700,0.4320974923833831
558800,0.37261649982740314
558900,0.222048840595933
559000,-0.19167022411957618
559100,-0.5440845973082667
559200,-0.3968317046688329
559300,-0.5540599709483087
559400,-1.0368636500451622
559500,-1.1299989861096902
559600,-0.8595748652011457
559700,-0.8926352316799262
559800,-0.9936945763054231
559900,-1.359831859267203
560000,-1.304021913952589
560100,-0.767813089993761
560200,-1.4522867176204186
560300,-2.1246161865049347
560400,-2.4671479160991314
560500,-2.5124538907430236
560600,-2.0433512979430617
560700,-1.6742114973780697
560800,-2.3865915863277842
560900,-2.3345638798407378
561000,-1.6505608283002733
561100,-1.7751893394689082
561200,-1.600433320881585
561300,-2.370346291116145
561400,-2.0081044104409895
561500,-2.1729261516400675
561600,-2.193710948111935
561700,-2.4552206508774694
561800,-2.767841140529547
561900,-2.361264916467778
562000,-2.0076087355478074
562100,-2.01129897449376
562200,-2.5371995792794717
562300,-2.7050383631713566
562400,-2.8330901947386318
562500,-2.5083864847773016
562600,-2.2493354009747764
562700,-2.41885758998435
562800,-2.4871428571428096
562900,-3.057899949639105
563000,-2.843775038520804
563100,-2.5209761694615858
563200,-2.6553379310345164
563300,-2.4916993464051784
563400,-2.3734488660676316
563500,-2.798517940717631
563600,-2.6507459441377996
563700,-3.0856012711156016
563800,-2.290018709907413
563900,-2.5139115089954336
564000,-3.0229109758104356
564100,-3.4017316395395047
564200,-3.637677284352506
564300,-3.908932031310519
564400,-3.4621786975445894
564500,-3.3823815672665534
564600,-3.4845419103313873
564700,-3.4286960051964925
564800,-3.420576485872037
564900,-3.754722331009656
565000,-3.626227913762329
565100,-3.7697050449003915
565200,-4.607142229704998
565300,-4.5485813630041765
565400,-4.705201026518366
565500,-4.882002285877564
565600,-4.8534288163440245
565700,-4.8938184663536815
565800,-4.875560841983841
565900,-4.781766161910299
566000,-4.687124344787421
566100,-4.802517123287661
566200,-4.975469605403478
566300,-5.089227159616066
566400,-4.878671172790694
566500,-5.118095301212783
566600,-5.809391432003196
566700,-5.7026251167756605
566800,-5.775023032505005
566900,-6.021568156750764
567000,-5.870205162144272
567100,-5.871018721755979
567200,-6.071147837314373
567300,-6.078278227110968
567400,-6.055909268674229
567500,-6.016800938599927
567600,-6.090141637563047
567700,-6.029920721705874
567800,-5.565185893931064
567900,-5.737833258166361
568000,-5.975189931350113
568100,-5.994804184373979
568200,-6.2487803960892805
568300,-6.551215906982507
568400,-6.631616673882128
568500,-6.733638577691187
568600,-6.855411592791026
568700,-6.990467717941083
568800,-7.141589725789655
568900,-7.349850746268637
569000,-7.422236472945902
569100,-7.3420761523046165
569200,-7.4320002289901455
569300,-7.586568582550949
569400,-7.6621091445427725
569500,-7.716310068649885
569600,-7.6991475972540035
569700,-7.346595879556174
569800,-6.61125515055459
569900,-6.518642747701736
570000,-6.592825434537945
570100,-6.849171564336615
570200,-5.841278361113238
570300,-5.21964743166508
570400,-6.130779083586428
570500,-6.03869838236299
570600,-6.182951520626273
570700,-7.001981933152678
570800,-7.3486145356346215
570900,-7.516193929926379
571000,-7.856519750055776
571100,-8.123764169815512
571200,-8.140434541009112
571300,-8.19206612929758
571400,-8.290766573449579
571500,-8.279772133607512
571600,-8.196406380258985
571700,-8.237685210761839
571800,-8.309504447268106
571900,-8.034186773129651
572000,-7.729923194148097
572100,-7.351989637305711
572200,-7.414988566402806
572300,-7.743338024039884
572400,-7.659214445047318
572500,-7.536520992951265
572600,-7.407805087342948
572700,-6.974177666314737
572800,-6.433739118965971
572900,-6.466711949353735
573000,-6.185393020796571
573100,-5.837012914872946
573200,-6.156412998194665
573300,-6.386668721742698
573400,-6.373696934810743
573500,-5.812465102892524
573600,-5.980186081385046
573700,-5.60524184654164
573800,-4.624842873607385
573900,-5.1165831732616525
574000,-5.691299964501263
574100,-6.123531194050408
574200,-6.357658724693569
574300,-6.544910946567937
574400,-6.600636151019045
574500,-6.520449047778147
574600,-7.370671894492897
574700,-7.922495479204356
574800,-7.801940928270053
574900,-7.6391138849409925
575000,-7.471229235880413
575100,-7.80345514950164
575200,-8.003267085904131
575300,-7.9854692691029925
575400,-8.017055991440795
575500,-8.07286127331481
575600,-8.350654799024909
575700,-8.490477310133993
575800,-8.20832353632731
575900,-8.25530546623792
576000,-8.576848874598067
576100,-8.614246456465144
576200,-8.572982208415699
576300,-8.640759672408924
576400,-8.575640045397504
576500,-8.157504928021012
576600,-8.236024973985426
576700,-8.646477049369839
576800,-8.415258677144756
576900,-8.212928318121016
577000,-8.544304400906938
577100,-8.54049729602632
577200,-8.158414060663102
577300,-8.111283122463588
577400,-8.162210338680925
577500,-8.185977421271538
577600,-8.17025213132596
577700,-8.097696354072202
577800,-7.84259865788343
577900,-7.520905946521244
578000,-7.148416921644289
578100,-7.1615895162341765
578200,-7.423211524947262
578300,-7.879992972593134
578400,-8.299290771772514
578500,-8.659215246636782
578600,-7.968810616643303
578700,-7.084281609195434
578800,-7.371637931034468
578900,-7.241864925525437
579000,-6.93134556574925
579100,-6.7784403669724975
579200,-6.832731401830554
579300,-6.835823956701348
579400,-6.550964250106812
579500,-6.747670693821196
579600,-6.713316889146837
579700,-6.34
579800,-6.34
579900,-5.990900900900889
580000,-5.804614591009583
580100,-6.076855014671588
580200,-6.00161613121662
580300,-6.049220022413151
580400,-5.859208009807855
580500,-5.26395523002221
580600,-5.091129948152418
580700,-5.405097373737365
580800,-5.708996147919888
580900,-5.567501485694829
581000,-4.929914529914532
581100,-4.814266404521957
581200,-5.16652330629969
581300,-5.183023903077927
581400,-5.297801255063946
581500,-5.3945134914145605
581600,-5.225762754251406
581700,-5.017359953317747
581800,-5.625685255565015
581900,-5.632554732775292
582000,-4.9884174085063995
582100,-4.33201425715034
582200,-4.6715948757630565
582300,-4.766169718854795
582400,-4.852452522127689
582500,-3.826202967927231
582600,-3.847791871123036
582700,-4.270548190612701
582800,-4.2197288323187445
582900,-4.047552820135959
583000,-4.0851786874593845
583100,-3.944557556773688
583200,-3.72
583300,-3.5270677689324903
583400,-2.902948958333321
583500,-2.8147997516299346
583600,-2.8652829796088195
583700,-2.960736196319054
583800,-3.074857792946491
583900,-2.720972416013713
584000,-2.4420380021715578
584100,-2.2843607532210215
584200,-2.43116067465601
584300,-2.0857950331497475
584400,-2.2468244553438943
584500,-1.498536075287573
584600,-1.6806822137138884
584700,-1.7050234685281012
584800,-1.3429519172245503
584900,-1.3717349513396542
585000,-1.162207165824386
585100,-1.9942387033398772
585200,-1.6056645279560007
585300,-1.8867484662576754
585400,-1.9662139025225422
585500,-1.8267851500789898
585600,-2.0963052381979566
585700,-2.521406652480573
585800,-1.9925238508239496
585900,-2.550305166905345
586000,-2.291462655601737
586100,-1.5569720131702756
586200,-1.8213751683879427
586300,-2.7884589147285945
586400,-2.756130320546517
586500,-2.7453412430608477
586600,-1.9309831649831692
586700,-2.0238196811435096
586800,-2.1683387320685354
586900,-1.7078390310165077
587000,-2.106693043191566
587100,-2.108239113399769
587200,-1.9923561921949033
587300,-1.8274452054794377
587400,-2.278853754940701
587500,-2.592868398637141
587600,-2.540970810101686
587700,-2.2927752415330453
587800,-2.3230219588708056
587900,-1.7489668769715907
588000,-1.8418431864870728
588100,-1.9572242112329643
588200,-2.2921750981247477
588300,-2.014883116883142
588400,-2.4016861773975995
588500,-2.0530459001782524
588600,-1.7603261128303433
588700,-1.1847155347945721
588800,-2.0475044286979847
588900,-1.8104263344381661
589000,-1.1111957569913224
589100,-1.3905118376549885
589200,-2.183271511753294
589300,-2.1036731907145954
589400,-2.0743487346180856
589500,-1.4264383561644922
589600,-1.2825853773030926
589700,-1.5146343779677163
589800,-0.8770653866113518
589900,-1.3616050893074605
590000,-1.5287607390843965
590100,-1.7528190743338004
590200,-1.5276435246996134
590300,-1.985027958993487
590400,-1.8874395819725085
590500,-1.8121557719055768
590600,-1.9594341916233295
590700,-2.4582886553720384
590800,-1.8664162045943902
590900,-2.3171684053650923
591000,-1.6654722827958246
591100,-1.8493595737739699
591200,-2.3278160919540274
591300,-1.971077522042803
591400,-1.8505464480874474
591500,-2.497269084774306
591600,-2.6428803373747978
591700,-2.6180408335978007
591800,-2.2358710667690334
591900,-2.403771797631851
592000,-2.3712012513034613
592100,-2.8197968446076835
592200,-2.306822531535453
592300,-2.4084827044025214
592400,-2.644066543438075
592500,-2.894993228461298
592600,-2.9686086783439567
592700,-3.191789623023919
592800,-3.019741379310343
592900,-2.917061855670103
593000,-2.9335158794788314
593100,-3.353898923904701
593200,-3.291904761904761
593300,-2.985700483091791
593400,-3.1441401859609766
593500,-2.596390494540724
593600,-2.4539885617454176
593700,-2.866366231647674
593800,-3.161229089452076
593900,-3.2725469831849625
594000,-3.4420203602192396
594100,-3.4556684491978613
594200,-3.1649265156154303
594300,-3.007073889622928
594400,-3.561362097320273
594500,-3.108476999585655
594600,-3.1464294993504045
594700,-3.4
594800,-3.368031566408572
594900,-3.3998395303326854
595000,-3.3569374009508643
595100,-3.686582743988681
595200,-4.2492318071422135
595300,-4.290525271610737
595400,-3.709192323070776
595500,-3.5721285140561934
595600,-4.101515234696662
595700,-4.297076082932266
595800,-4.153915917504011
595900,-4.7620597567423975
596000,-4.896038944401732
596100,-4.397914290969293
596200,-4.383817228599833
596300,-4.661407185628736
596400,-4.786671981574981
596500,-4.540332343111692
596600,-4.343624656593499
596700,-5.056102752293558
596800,-4.224117278984545
596900,-4.662125681594737
597000,-4.881468323416186
597100,-4.754182640144656
597200,-3.987793486739429
597300,-3.906887668118936
597400,-4.239370159559573
597500,-4.022033864934063
597600,-3.472361963190212
597700,-3.4606975131279256
597800,-3.6947923038973856
597900,-3.7830769230769272
598000,-3.4245906834266657
598100,-3.0769509528272145
598200,-3.0589346349745417
598300,-2.94
598400,-2.6136511472488433
598500,-1.7499202095986992
598600,-1.8129831144465602
598700,-2.206521162559418
598800,-2.738799999999927
598900,-2.3635395314789136
599000,-1.9787422324511073
599100,-2.2663764141241014
599200,-2.1376930189551486
599300,-2.1620227920227304
599400,-1.9182789419443222
599500,-2.43485107339553
599600,-2.448608287724783
599700,-2.5596234588470654
599800,-2.568554243957281
599900,-1.6899831447146902
600000,-2.2476069186115306
600100,-1.8681989832970218
600200,-1.5402493551160719
600300,-2.2793115124152905
600400,-2.6474589889521236
600500,-2.294318653447128
600600,-2.2045625071486095
600700,-2.3464824829532525
600800,-2.1880789987369176
600900,-2.3033093525179846
601000,-2.2048305972755897
601100,-2.4765666211914388
601200,-2.858128078817742
601300,-2.198181355068824
601400,-1.7657522123893756
601500,-2.3378814898420535
601600,-2.6229089281718503
601700,-3.4103562718693747
601800,-2.679479143179365
601900,-2.203166685475687
602000,-2.709733200487125
602100,-2.8788473383194035
602200,-2.993404117009764
602300,-2.9271793721972887
602400,-2.9139840000000383
602500,-3.411709986320072
602600,-3.57
602700,-3.4560732323232473
602800,-3.226702824616044
602900,-3.64035383665913
603000,-3.8568116968532076
603100,-3.9540782347041152
603200,-4.180182621502202
603300,-4.538418758882071
603400,-4.767318969555052
603500,-4.464796309733564
603600,-4.791580148317231
603700,-4.643064045162549
603800,-4.840445567724434
603900,-4.171019184652326
604000,-4.517689864549255
604100,-4.918747114763179
604200,-5.024985889849799
604300,-4.862061763832529
604400,-4.851634984938236
604500,-5.227741935483849
604600,-5.0530951945916325
604700,-5.123731101511898
604800,-5.292136443580537
604900,-4.90172611579132
605000,-5.313986377487011
605100,-6.270996122152238
605200,-6.0287147281485876
605300,-5.811045269582918
605400,-6.048154509999166
605500,-6.2087403662882235
605600,-6.200453302394962
605700,-6.643027246008468
605800,-6.306457564575628
605900,-6.4466538756715135
606000,-7.096711878339441
606100,-6.241800246609026
606200,-6.807094124090527
606300,-6.888738185636952
606400,-6.788051699377689
606500,-6.725261338050812
606600,-6.604643776133811
606700,-7.231229248415345
606800,-7.013042846768277
606900,-6.16821141877872
607000,-5.576483809851818
607100,-6.036152673049214
607200,-6.163239007032101
607300,-6.534064468624752
607400,-6.217406073082852
607500,-6.215220099667765
607600,-5.910739877657951
607700,-4.738138120463008
607800,-4.749538921578096
607900,-4.8896071463823985
608000,-4.98208658167475
608100,-5.701267123287671
608200,-5.5454762869883245
608300,-6.720993109039342
608400,-6.479688237276678
608500,-6.602980474423143
608600,-6.855312753858646
608700,-6.808309639118893
608800,-7.2223074519606705
608900,-7.207337110481586
609000,-7.077053892215578
609100,-7.2577217962760034
609200,-8.05363271266895
609300,-7.296323644933244
609400,-7.571958505002962
609500,-8.004692823954567
609600,-7.986967778133909
609700,-7.2094749919845595
609800,-6.82517450556754
609900,-6.519803921568597
610000,-6.652461200815212
610100,-7.356809979210023
610200,-6.716477338877383
610300,-6.543411473872651
610400,-6.356450718863674
610500,-6.495483383685808
610600,-6.73
610700,-6.618194027213263
610800,-6.11
610900,-6.11
611000,-5.516342938120065
611100,-6.34055536626907
611200,-6.358009708737862
611300,-6.159715302491097
611400,-6.2956847835479435
611500,-6.311013096351705
611600,-5.584087516327679
611700,-5.646725556178731
611800,-5.69
611900,-5.654627636676529
612000,-4.058346099902894
612100,-4.241761698343916
612200,-4.0277635782747385
612300,-4.588877284595327
612400,-5.0428520428401455
612500,-5.311861682242902
612600,-5.780058790062605
612700,-5.60516726516727
612800,-5.671520503628468
612900,-6.6245676313717965
613000,-6.63
613100,-6.716047028644718
613200,-6.907448525086163
613300,-6.794912833990349
613400,-6.7094048305992215
613500,-7.3692063630801234
613600,-7.6838641727121395
613700,-7.658739040331582
613800,-7.718378993641577
613900,-7.794687890137333
614000,-7.846625709619725
614100,-7.885508982035932
614200,-8.187344240251013
614300,-8.290645671664288
614400,-8.250910173401783
614500,-8.392310783657052
614600,-8.468530439307212
614700,-8.07856763925737
614800,-7.590586482672083
614900,-7.873642647832328
615000,-8.234300849049559
615100,-8.503889782195607
615200,-8.766626084522821
615300,-9.109475230898385
615400,-8.67619701492541
615500,-8.58287367964113
615600,-8.845047795691242
615700,-9.001988871450987
615800,-8.645966842501924
615900,-8.414288912102657
616000,-8.533513534005614
616100,-8.351543710667963
616200,-8.607823490861444
616300,-8.9408891389983
616400,-9.194124929656706
616500,-9.243015045871557
616600,-8.81533497612814
616700,-8.530760032279414
616800,-9.198355953341709
616900,-8.900107656402929
617000,-8.802803633088121
617100,-8.817702290076342
617200,-8.741366412213747
617300,-8.812485054247546
617400,-8.631240808112082
617500,-8.436664015904572
617600,-8.482471114962456
617700,-8.12862940496826
617800,-8.460852588476152
617900,-8.9764505844846
618000,-9.235839927650977
618100,-8.715830884015444
618200,-8.800206007347088
618300,-9.064624131396084
618400,-9.063035427411767
618500,-8.420437980891196
618600,-8.61630053052381
618700,-8.868097130242841
618800,-8.919291870486767
618900,-8.368006832828598
619000,-8.422290623314586
619100,-8.317534905734789
619200,-8.304731803677317
619300,-9.003713721319038
619400,-8.768349499848446
619500,-8.639841100076397
619600,-8.505926396947782
619700,-8.199903642971853
619800,-7.532166342659101
619900,-8.121681637116325
620000,-8.661801704105347
620100,-8.418645498042718
620200,-7.290237386336097
620300,-8.15126579222657
620400,-8.471153467967634
620500,-8.699794076816294
620600,-8.655528109712083
620700,-8.19227185705169
620800,-8.607077217613318
620900,-8.241092905128653
621000,-7.734651043008028
621100,-7.298771064897826
621200,-7.0118709150326834
621300,-6.9361915204678315
621400,-6.866865394028467
621500,-6.005456938698752
621600,-6.684045931386431
621700,-6.5422823929685086
621800,-6.33092243794072
621900,-5.871376534513942
622000,-5.981476345037866
622100,-5.409163605834885
622200,-5.711450343659721
622300,-5.853097261567703
622400,-7.647242681775141
622500,-6.882061068702268
622600,-6.72381470331165
622700,-6.816183890861529
622800,-6.502967704393346
622900,-5.86374228241393
623000,-6.325128036769473
623100,-6.869343365253083
623200,-7.40984634551503
623300,-8.150355868863608
623400,-8.28
623500,-8.28
623600,-8.67637153178077
623700,-8.784978524014067
623800,-8.645247524752476
623900,-8.531649776101814
624000,-8.58664231282897
624100,-8.956588666267956
624200,-9.113777127905157
624300,-8.871854396664865
624400,-8.887294835173321
624500,-8.385535168195737
624600,-8.046481481481488
624700,-7.827444976076561
624800,-7.581196013289051
624900,-7.563599706146345
625000,-8.339046608440162
625100,-7.991050384286928
625200,-7.544335423474375
625300,-7.6834420105280525
625400,-7.8229913408554355
625500,-7.757241554483108
625600,-8.330779678068467
625700,-7.852912474849145
625800,-8.045645565391672
625900,-8.041855287569566
626000,-8.025345405767949
626100,-8.138287699223563
626200,-8.353428162746367
626300,-8.655398919262586
626400,-8.33247698814158
626500,-8.174684210526316
626600,-7.9594251266818095
626700,-7.738053089863859
626800,-8.07262012211304
626900,-7.417810813202378
627000,-8.247721144360504
627100,-7.917730372442657
627200,-7.542001421969429
627300,-7.14804403481827
627400,-6.920002697599137
627500,-7.317131907645676
627600,-6.8068690095847
627700,-7.017483496699349
627800,-6.1467049659201045
627900,-6.63160028964513
628000,-5.8473341573959585
628100,-6.003788520232396
628200,-6.576587221095338
628300,-6.089549788656228
628400,-6.589839357429764
628500,-6.990798913043466
628600,-7.380291666666675
628700,-8.098788892606253
628800,-8.184855267586663
628900,-8.331060205094285
629000,-8.524415584415587
629100,-8.405375032219267
629200,-8.181988143311312
629300,-8.129191729323306
629400,-8.22908728400532
629500,-8.177575218087942
629600,-8.215108686086424
629700,-8.24369389319479
629800,-8.08117828924769
629900,-7.888406078812523
630000,-7.6586835129881585
630100,-7.966650212176323
630200,-6.895228847467564
630300,-6.628062822133622
630400,-7.255304458137017
630500,-7.592421476510064
630600,-7.58182007045434
630700,-7.225352969579931
630800,-6.673250348536167
630900,-6.524401819260429
631000,-6.535043434847738
631100,-6.959337507008023
631200,-7.9582145104738
631300,-7.868715257531635
631400,-6.644479394783988
631500,-6.556668289358425
631600,-7.0486231744812
631700,-6.672821611453643
631800,-5.86160923108765
631900,-6.179819597791753
632000,-6.7184700820492695
632100,-6.441236294895961
632200,-7.181686360721811
632300,-7.4114204296360695
632400,-7.884896975010953
632500,-7.149325294286464
632600,-7.270243565723325
632700,-7.501286496350367
632800,-7.547158544332516
632900,-7.578374219245042
633000,-7.503955265095722
633100,-7.911410256410406
633200,-8.768666835314923
633300,-8.35261049495114
633400,-8.567806654527407
633500,-7.859791816223922
633600,-7.962193385990849
633700,-8.35056455874585
633800,-8.73180327868852
633900,-8.90686453839528
634000,-8.004384363698973
634100,-8.167980024108845
634200,-8.335714766795773
634300,-8.579460526315806
634400,-8.515431694929852
634500,-8.078315304131971
634600,-7.894814104701516
634700,-8.62005585195065
634800,-8.86625675114249
634900,-9.084798793555043
635000,-8.78230362923836
635100,-8.331240705154979
635200,-8.563885601577903
635300,-8.736469428007895
635400,-8.650326123128124
635500,-8.474381112984847
635600,-8.69418204964984
635700,-9.198909006857223
635800,-9.483984898682527
635900,-9.047452167595083
636000,-9.143965972910465
636100,-8.88334440187316
636200,-7.967318792266005
636300,-7.19929433611884
636400,-7.618611420255008
636500,-8.5231858877759
636600,-8.576372661998047
636700,-7.272776016143166
636800,-7.39557211132975
636900,-7.021675166732048
637000,-6.8882745020706
637100,-6.949723529411755
637200,-6.86444150758689
637300,-7.548299253803602
637400,-7.467521636506698
637500,-6.465344516403036
637600,-6.728314092356612
637700,-6.3695018450185295
637800,-6.412343640548371
637900,-6.408350658350667
638000,-6.562180648933073
638100,-6.70369565217391
638200,-7.280432470755018
638300,-7.1546605976647655
638400,-7.116469291942134
638500,-7.6923572920292145
638600,-8.412501755617958
638700,-8.912147228976275
638800,-8.94512797803569
638900,-8.024040386148137
639000,-8.191827524192854
639100,-8.137004436557222
639200,-8.051403273410251
639300,-8.094773454157766
639400,-7.920023916579036
639500,-7.57
639600,-7.608479139863994
639700,-7.636678892673096
639800,-7.396919255868318
639900,-7.469402712320862
640000,-7.470679889386816
640100,-7.9474606655859406
640200,-7.595390224674763
640300,-7.395967757412926
640400,-7.30918412667762
640500,-6.967068014705879
640600,-6.982314385150812
640700,-7.479007891769947
640800,-6.8582399161865535
640900,-5.778834745762799
641000,-6.472184882430166
641100,-6.200941429009422
641200,-7.3272850318471425
641300,-7.61266679266677
641400,-7.932215764620392
641500,-8.104754812931333
641600,-9.037661949372088
641700,-9.683519338079618
641800,-9.069991975927717
641900,-8.955634889240514
642000,-9.018688933200396
642100,-8.69342335324158
642200,-8.646271734381813
642300,-8.671325764192177
642400,-8.376732917069749
642500,-8.367625679907682
642600,-9.101101862535032
642700,-9.424112954690463
642800,-9.020538513974142
642900,-8.69449863806605
643000,-8.816359656652345
643100,-8.885967895054836
643200,-8.53212306895661
643300,-9.384713375796087
643400,-9.209849849849832
643500,-8.87763747454175
643600,-9.002082018927364
643700,-9.600884922141997
643800,-9.942700341815387
643900,-9.967048651141342
644000,-9.574415584415556
644100,-8.90973273169038
644200,-8.599222990952617
644300,-8.386343799893583
644400,-8.3627734375
644500,-8.98177678423584
644600,-8.850802022491434
644700,-8.508462555066073
644800,-8.614779113067078
644900,-8.95307331771009
645000,-9.086986943421493
645100,-8.778452924455156
645200,-8.932424267852634
645300,-9.15868616144974
645400,-9.046534090909098
645500,-8.582403031654028
645600,-8.398204100227773
645700,-8.18294485869464
645800,-8.035655896161275
645900,-8.82234794427457
646000,-9.06627798901563
646100,-8.70194611046459
646200,-8.18407272727271
646300,-7.84115150939812
646400,-7.724370579915139
646500,-7.8955625175348345
646600,-8.060199323723062
646700,-8.594095739765304
646800,-8.066015492159455
646900,-7.886533156999835
647000,-7.88
647100,-7.83133547008547
647200,-8.113032119112255
647300,-7.522377146240413
647400,-7.190176513342339
647500,-7.382867230233734
647600,-7.633452392507063
647700,-7.455991276764458
647800,-7.585408302475169
647900,-7.871039848197317
648000,-7.837370437781398
648100,-7.773281927710842
648200,-7.682501458860147
648300,-7.68382896015549
648400,-7.634253054789126
648500,-7.208864952748774
648600,-7.712868343053717
648700,-7.513651033787245
648800,-7.32364126097367
648900,-7.633775510204114
649000,-7.705442976015665
649100,-7.527576451837839
649200,-7.487078942135608
649300,-7.404130675526036
649400,-7.446999900724695
649500,-7.55
649600,-7.253162622612329
649700,-7.119876122638577
649800,-7.005736759307839
649900,-6.948250603421137
650000,-6.990082506527419
650100,-7.110556073314699
650200,-6.956247772770151
650300,-7.676316816231046
650400,-7.0429685534592235
650500,-7.704518690683735
650600,-7.86
650700,-8.318029217199602
650800,-8.225702199661571
650900,-8.220938722294656
651000,-8.219218779520112
651100,-7.896847517383189
651200,-7.949025937674945
651300,-8.336778219469354
651400,-8.307824813379959
651500,-8.09425787687832
651600,-7.743109442501461
651700,-7.28908622778679
651800,-7.80425787965615
651900,-7.999782366636346
652000,-7.345026412027629
652100,-7.513642428285543
652200,-8.208756528002793
652300,-8.771573905109516
652400,-8.491519729825848
652500,-8.829237468894402
652600,-8.799114116804008
652700,-8.668769819573544
652800,-8.39368222180239
652900,-7.825076142131968
653000,-7.752645414418812
653100,-7.75613766541576
653200,-8.023908179012327
653300,-7.419149417486665
653400,-7.685345486621762
653500,-8.052741375987672
653600,-8.169977445728785
653700,-8.403337044252725
653800,-8.311878479554593
653900,-7.794704380680068
654000,-7.934045307443261
654100,-8.948281587823214
654200,-9.219867924528325
654300,-8.782367638863072
654400,-8.401539104588515
654500,-8.908371347113379
654600,-8.105069790141524
654700,-8.062750843373491
654800,-8.189297830000948
654900,-8.709311594202925
655000,-8.324067337461335
655100,-8.113089229597188
655200,-8.371754385964936
655300,-8.21879796894828
655400,-8.158755268333815
655500,-8.422680295286781
655600,-8.327462971810801
655700,-8.11342639084155
655800,-7.759064741228958
655900,-8.254068871771727
656000,-8.899513870305961
656100,-9.069645137063508
656200,-8.374939917386385
656300,-8.993190713396142
656400,-8.633871695983485
656500,-7.711132267589864
656600,-7.918467089224821
656700,-8.732536238408281
656800,-8.920641653072307
656900,-8.875250839154498
657000,-8.613824547903024
657100,-7.990962143509548
657200,-7.911608829766724
657300,-8.224465066563019
657400,-8.33730587690888
657500,-8.683997963528652
657600,-8.730832668969795
657700,-9.25647382414957
657800,-8.788884202805509
657900,-8.443913208983664
658000,-7.8603689962899415
658100,-8.429565340909111
658200,-8.021087216248505
658300,-7.993107707509877
658400,-9.010119152691935
658500,-8.981945901186869
658600,-8.548431298072362
658700,-8.629630519120614
658800,-8.802644964394718
658900,-8.915067857142805
659000,-9.159118279569896
659100,-9.111265546981384
659200,-8.991972656250041
659300,-8.673856831790951
659400,-9.027694610778427
659500,-8.314509229416863
659600,-8.431008299151
659700,-8.95330775480727
659800,-9.162859474161372
659900,-8.47040927694418
660000,-8.625030680465148
660100,-8.816515626484312
660200,-8.751740114016808
660300,-9.04587105751393
660400,-8.777651810320252
660500,-8.563726909160161
660600,-8.57645055664702
660700,-8.8208977900552
660800,-9.31492726937945
660900,-8.965083778309742
661000,-9.049758071850844
661100,-9.3349334043687
661200,-9.003107122826682
661300,-8.920188788287408
661400,-8.920164305949015
661500,-8.35596350511327
661600,-8.242543554006987
661700,-8.51043962428585
661800,-8.286442818482502
661900,-8.18632294952679
662000,-8.068469656992088
662100,-7.968522648083644
662200,-8.371565485956973
662300,-8.482124223602458
662400,-8.077161659801021
662500,-7.931512807634354
662600,-8.19088299780744
662700,-7.8662024912168835
662800,-7.448696755099886
662900,-8.148055878928908
663000,-8.560195255296295
663100,-8.27850110066038
663200,-8.324998523767329
663300,-8.380094043887153
663400,-8.539893197344412
663500,-8.750082084566191
663600,-8.614050880626218
663700,-8.206257442003661
663800,-8.127900816570369
663900,-7.875441112559791
664000,-6.851744505494531
664100,-7.224531571536891
664200,-7.8941815538014435
664300,-6.949002832861112
664400,-7.125779220779247
664500,-7.778799916370511
664600,-7.730812204103101
664700,-7.761908478563022
664800,-7.559657841597459
664900,-7.361234666060845
665000,-7.732660149511079
665100,-6.529362472832671
665200,-6.110187099950759
665300,-6.288987982289759
665400,-5.769134908536586
665500,-5.847336543335014
665600,-5.527493819128131
665700,-5.5018045991944975
665800,-5.130533629794245
665900,-5.527010443864307
666000,-5.116197066150033
666100,-4.944059350503887
666200,-3.7181420166917
666300,-5.105672727272719
666400,-4.533853658536625
666500,-3.427079294454099
666600,-3.544043349446481
666700,-4.691797021830276
666800,-3.329647954329187
666900,-3.5894671456370726
667000,-4.348600591715999
667100,-3.6550218476903984
667200,-3.296807383627626
667300,-2.8880805527469633
667400,-3.2185039761431464
667500,-2.246848783926702
667600,-2.3832412327312777
667700,-2.1728000000000467
667800,-1.5155507109004958
667900,-1.9588619305288038
668000,-2.6197919375814105
668100,-1.7795406162464948
668200,-1.542861480075861
668300,-1.1721971942304337
668400,-0.7593551688844363
668500,-1.5606044059499302
668600,-0.22086124401912413
668700,0.14880898876409993
668800,0.108549019608007
668900,0.6257565866168714
669000,0.45693470790378526
669100,0.2859330788233009
669200,0.8529079696394776
669300,1.0366642633982206
669400,1.4168396946565078
669500,1.2462900096992595
669600,2.4988957055213525
669700,2.7305629953539134
669800,2.1444378698224726
669900,1.8121428571428155
670000,2.840391340549555
670100,3.2945269878119525
670200,3.357320754716906
670300,1.9781076801266981
670400,3.442986007740389
670500,3.659659022329536
670600,4.158031298904459
670700,2.771670843776143
670800,3.7917830882352916
670900,3.307418883367428
671000,3.5580606781677604
671100,3.8198166259168596
671200,4.567018554062706
671300,3.8379482439926416
671400,3.725756276791427
671500,4.719930092151394
671600,4.299977592829783
671700,3.474133169683837
671800,3.3863871543266004
671900,3.366215973676315
672000,3.7662125259720423
672100,3.7192170087976804
672200,2.9331524966261644
672300,2.9880026990552775
672400,2.8398639085465356
672500,3.2127275211806894
672600,1.905452516736914
672700,2.734133333333302
672800,2.138571794215507
672900,3.050152439024371
673000,2.5594490505483303
673100,3.1211857292761285
673200,2.461782905086444
673300,1.5847827148437483
673400,1.39563640617686
673500,0.590654387865647
673600,1.058407382091565
673700,2.06
673800,0.8574332510657456
673900,0.9943915217907622
674000,1.0951792279411778
674100,1.9954331864903867
674200,0.6638265895955142
674300,1.248766674467586
674400,1.28563154221912
674500,1.995508684863526
674600,1.8108238153098668
674700,1.4088341232226977
674800,1.7508695652174215
674900,1.7238572829817316
675000,1.126915956150913
675100,2.157112927950885
675200,1.7187962962962704
675300,1.2028934010150532
675400,1.1954812956203054
675500,1.436956521739027
675600,2.3356190476190357
675700,3.4796531791907492
675800,3.761139646870139
675900,2.4913611755607072
676000,1.6251476154429583
676100,2.187863729508198
676200,1.6161847389557031
676300,2.599135378106855
676400,1.3313159191719943
676500,1.992503067484444
676600,1.2554642944185157
676700,1.5376473441669187
676800,2.357286563614564
676900,2.016255583126505
677000,2.0917866193613825
677100,1.630770963704653
677200,2.508049388875029
677300,2.1388354430379546
677400,1.7792634421802043
677500,1.8368800000000047
677600,2.062531894013612
677700,1.9636407155454545
677800,1.8318543046357196
677900,1.5606430260047044
678000,1.3468277945618943
678100,1.341152460984377
678200,1.6323742746614927
678300,2.2336894953655806
678400,1.1684615384615191
678500,2.0638975782038522
678600,1.4982822966507259
678700,1.4351023322227459
678800,1.3069948440950705
678900,1.1141276999762613
679000,1.8804661542275944
679100,1.4881879355924141
679200,1.7525924100541252
679300,1.0614983713355124
679400,0.8444628286491298
679500,1.2934878744650289
679600,0.8610136727957419
679700,1.39267831149926
679800,0.742373840235322
679900,0.7185360824742367
680000,0.48223480723156714
680100,0.9505168800932267
680200,0.7906443739319253
680300,1.097152682255847
680400,1.0583127669671726
680500,1.2704279817509279
680600,-0.12017837480726579
680700,0.2923175303197347
680800,0.40325306479861767
680900,0.5554779080252715
681000,1.423503243744376
681100,0.9448594741613132
681200,-0.002877882152046568
681300,0.09246598639465142
681400,-0.1162470960929154
681500,-0.45369042316270214
681600,0.4813282442748118
681700,-0.5526514357577226
681800,-0.32788378322700396
681900,0.7965894587567312
682000,1.3388860759491004
682100,-0.7756834988380389
682200,-0.21946313065972534
682300,-0.506346723044398
682400,0.0008423970996749297
682500,-0.2706957997454142
682600,-0.7187938461538511
682700,-0.2207760814249926
682800,-0.5038665276329468
682900,-0.01712031558178384
683000,-0.977117098445589
683100,-0.7424057377048683
683200,-1.6749833366006497
683300,-0.6147444820043233
683400,-1.4852234206471375
683500,-1.0209202697342525
683600,-1.0116576576576604
683700,-0.8114076469470097
683800,-2.7557661981488257
683900,-1.5127237504843307
684000,-2.0575113550339807
684100,-2.0773905109489066
684200,-1.4795913734392727
684300,-2.5606413994169133
684400,-1.6294070695553031
684500,-2.2056419662509104
684600,-2.198909559771611
684700,-1.8682927304620072
684800,-2.0705034367453212
684900,-1.8049690402477787
685000,-2.3968561020036465
685100,-2.840459953827106
685200,-1.944308693987034
685300,-2.1971507189774693
685400,-2.960443349753687
685500,-3.273723200278873
685600,-2.0605153306243653
685700,-2.932568807339396
685800,-3.0444722908577315
685900,-2.252675573208235
686000,-2.843347346295316
686100,-3.1512456747404816
686200,-2.95772417409543
686300,-3.6188490566038847
686400,-3.5861288180611726
686500,-4.1568549007539035
686600,-4.314703340535196
686700,-3.8412506114462523
686800,-3.4840414507772275
686900,-4.980419280795819
687000,-4.094574041392587
687100,-4.50729259658305
687200,-4.724571603427179
687300,-4.232951628825243
687400,-3.994959136972858
687500,-4.675965583173987
687600,-4.596933085501842
687700,-5.41010290827744
687800,-4.611895749301879
687900,-5.054588844163294
688000,-5.390209033767005
688100,-4.995321375186855
688200,-5.247155990510078
688300,-5.452879261575108
688400,-4.4751965544244925
688500,-5.293786610878665
688600,-4.695306310455967
688700,-5.7520372010628895
688800,-4.124341425215372
688900,-4.982383801196499
689000,-5.411150812064957
689100,-4.847974246231161
689200,-5.199423617619516
689300,-5.229593067068592
689400,-5.505038665655778
689500,-5.26731509779951
689600,-4.927110862262037
689700,-5.4127765989693355
689800,-5.867554424653637
689900,-5.593130382232907
690000,-4.769155727923566
690100,-6.426708246708323
690200,-5.14255599877265
690300,-5.580144752714128
690400,-5.59426812790872
690500,-5.780985915492948
690600,-6.646347670784385
690700,-5.882036793692541
690800,-6.178657421068126
690900,-6.112506300756081
691000,-7.622951784115704
691100,-6.450699075371251
691200,-6.947857142857171
691300,-6.3960644007155185
691400,-6.721833030852996
691500,-6.8945062738679725
691600,-6.6094212810733435
691700,-7.166367123287617
691800,-6.815283123355949
691900,-6.469710499783956
692000,-6.443832111542332
692100,-6.3500469483568
692200,-6.244459899378514
692300,-5.564410842995926
692400,-5.58790177868723
692500,-5.203118158403101
692600,-5.107407174323404
692700,-5.143064516128968
692800,-5.157297208538569
692900,-4.967562180278754
693000,-4.7083490971624995
693100,-4.379300699300748
693200,-4.931814461118678
693300,-4.12056375838921
693400,-3.024708079418053
693500,-3.3333091834736344
693600,-3.7079014703074074
693700,-3.9930364524614865
693800,-4.337034003916618
693900,-4.350174355248813
694000,-4.754420632037803
694100,-3.6000963026656327
694200,-5.166165680473373
694300,-5.217407093161373
694400,-4.877893070699953
694500,-4.649517730496461
694600,-5.076604833219882
694700,-4.820127542226825
694800,-5.593611846459306
694900,-5.00742296918768
695000,-4.568260338509813
695100,-4.990732095490693
695200,-4.881549568586017
695300,-4.635452590069871
695400,-5.520170547720558
695500,-5.327018072289141
695600,-5.478737524950101
695700,-5.788746657754011
695800,-4.887745192307752
695900,-6.626187115182447
696000,-5.688060064935063
696100,-6.229421553090354
696200,-6.341789473684127
696300,-5.946044754431864
696400,-6.821486836098023
696500,-6.994770353412472
696600,-6.795819811466571
696700,-6.746381305637967
696800,-5.99311740890683
696900,-6.115294117647033
697000,-5.919092395748158
697100,-5.07013527575443
697200,-5.552689189189189
697300,-5.473105852137178
697400,-5.2465450121654165
697500,-4.832619520115464
697600,-5.008580224556347
697700,-5.0214600504624745
697800,-4.988819122368882
697900,-4.381257598784213
698000,-4.881638663053293
698100,-4.305887313146795
698200,-4.483527630582895
698300,-4.320098187311188
698400,-4.567177358490554
698500,-3.994759284731826
698600,-3.307259400892363
698700,-3.8899184339314976
698800,-3.9714765625000563
698900,-4.392485698468396
699000,-5.147586206896528
699100,-5.101526068066601
699200,-4.224286270691357
699300,-4.4129594180704546
699400,-4.84116115931331
699500,-4.380250000000087
699600,-4.275830953740687
699700,-4.588247895944917
699800,-4.042324093816647
699900,-4.663747810858123
700000,-4.459678692220982
700100,-4.39226344086007
700200,-4.6309003578829495
700300,-4.234366113744053
700400,-4.953341176470706
700500,-4.530222473604856
700600,-5.168345115098782
700700,-4.855523602821503
700800,-5.615239572561171
700900,-4.811282003363898
701000,-4.395777126099694
701100,-4.9239780053090385
701200,-4.9386253521125765
701300,-5.207051677243873
701400,-4.598629755028907
701500,-4.469386368179004
701600,-4.596223564954686
701700,-5.296107831562388
701800,-5.339428571428531
701900,-4.43164796219727
702000,-4.662797095911352
702100,-5.102723935389131
702200,-4.409975961538483
702300,-4.375748480243108
702400,-5.12558508674783
702500,-4.307410457766674
702600,-4.710314465408846
702700,-4.31457951375051
702800,-4.284254901960792
702900,-4.626365954108593
703000,-5.494018007878548
703100,-4.659328753680053
703200,-4.760222566286056
703300,-5.4327196418578625
703400,-4.6812719891744985
703500,-5.66867551983221
703600,-4.541327265832366
703700,-4.846168717047426
703800,-4.105111066640023
703900,-4.408258902223133
704000,-5.35972125435544
704100,-4.168135885167187
704200,-4.688987759860035
704300,-5.195031126202588
704400,-4.6770490580116615
704500,-4.922366641622847
704600,-5.294298842124594
704700,-4.960003786444536
704800,-5.018268231672051
704900,-4.1298591549295764
705000,-3.8504376601196215
705100,-4.055342126957855
705200,-2.8465374077978316
705300,-4.810122015915127
705400,-5.1543950938487315
705500,-4.933938989513823
705600,-5.106301520425005
705700,-4.161060855263153
705800,-4.720802655401361
705900,-4.308061718434855
706000,-4.560690331437551
706100,-4.80729414054896
706200,-4.605930434782612
706300,-4.50222153846161
706400,-4.961159447348772
706500,-5.549429280397043
706600,-4.498585757271812
706700,-4.274497041420102
706800,-5.503329621380849
706900,-5.267481382470795
707000,-5.9260309278351
707100,-4.918260023355419
707200,-4.901811860150665
707300,-5.448064340239883
707400,-4.70416038647339
707500,-5.218058377978913
707600,-4.8061670956247236
707700,-5.369303590859673
707800,-5.843610613122974
707900,-5.3764154786150895
708000,-5.312179367159706
708100,-5.354208318132102
708200,-5.490221287490849
708300,-6.153776763776776
708400,-5.565313045163732
708500,-4.224891604256947
708600,-6.069479500891315
708700,-6.098397502601476
708800,-5.951829374024603
708900,-5.171452054794515
709000,-5.676243405493907
709100,-4.946757865937059
709200,-5.804182496005669
709300,-6.264930200885254
709400,-6.591424802110806
709500,-5.320138916063536
709600,-5.6634345961401165
709700,-5.229781702719084
709800,-5.435638337701232
709900,-5.440334846765032
710000,-4.742284768211892
710100,-4.910236370568039
710200,-5.211824874079811
710300,-4.883081081081024
710400,-6.214135878129919
710500,-5.094227769110752
710600,-5.04857198367979
710700,-4.729675935187038
710800,-6.1223153763824545
710900,-5.854801475755426
711000,-6.311032270239534
711100,-5.524702426080411
711200,-5.5535244519392695
711300,-5.591793548387102
711400,-6.204574581701672
711500,-6.100502793296038
711600,-6.4068510867613035
711700,-6.627126803086256
711800,-6.237848646785
711900,-6.374942965779461
712000,-5.818501254930095
712100,-6.441821946169761
712200,-6.368147368420961
712300,-6.971013776050923
712400,-6.8253922746781495
712500,-6.821929824561368
712600,-6.163065600581368
712700,-6.717066394600474
712800,-7.5804302252816065
712900,-6.967067773167335
713000,-5.789778016469727
713100,-5.34644310474763
713200,-5.840682492581577
713300,-5.138806897934698
713400,-6.2827592989985686
713500,-5.8791536167039915
713600,-5.599939275220413
713700,-5.323556338028171
713800,-5.331058436532444
713900,-4.487638376383735
714000,-4.72823227132579
714100,-5.2545191740413
714200,-5.3488954635108525
714300,-4.7035837669094915
714400,-4.984681496461074
714500,-4.711325908804321
714600,-4.9928754920240515
714700,-4.579153605015679
714800,-3.2953416746874824
714900,-4.787737286390752
715000,-4.324945267224735
715100,-5.217160161507078
715200,-4.441632653061239
715300,-4.1344170251301255
715400,-3.514882366643392
715500,-3.8425348627980473
715600,-3.5497942386831354
715700,-4.353248463564554
715800,-4.531988950276203
715900,-4.112254180601945
716000,-3.60862252295812
716100,-3.7627759963353413
716200,-4.581969860064563
716300,-3.010048076922982
716400,-3.56524253731346
716500,-2.9359776796094375
716600,-3.498772631083937
716700,-2.5096971265854426
716800,-2.8018193319838023
716900,-2.4886389172625347
717000,-3.052726616975241
717100,-3.58425308785824
717200,-3.4035092412452483
717300,-3.6874629009095523
717400,-3.5423875753360075
717500,-3.2686356151494516
717600,-3.178242320819189
717700,-3.110692901979698
717800,-3.8853178155774377
717900,-4.08947368421058
718000,-4.318998462552161
718100,-3.952580645161376
718200,-4.010082739600145
718300,-3.257381695892359
718400,-4.454050991501428
718500,-4.37
718600,-5.240764872521223
718700,-4.0704685149365485
718800,-5.2180245204666384
718900,-5.267583658386287
719000,-5.351232600363126
719100,-5.01931246163293
719200,-4.6008177172061355
719300,-4.872629787234114
719400,-4.71542290655982
719500,-5.016815642458098
719600,-4.9692984293193465
719700,-5.32375814332242
719800,-5.919956461508153
719900,-4.902770199370411
720000,-4.98746840521568
720100,-5.704184467957656
720200,-5.225058920818672
720300,-4.1299698405859795
720400,-5.456688115825384
720500,-5.749787489975975
720600,-5.2178711836052
720700,-4.629557109557116
720800,-5.6257510472771
720900,-5.502381233983851
721000,-6.5341099026904335
721100,-5.554213527329921
721200,-5.907145465611805
721300,-5.127699797160306
721400,-5.5391266375545865
721500,-6.12662454528049
721600,-5.503912699980272
721700,-6.768435754189854
721800,-5.749789350497375
721900,-6.534204921042928
722000,-5.992973181555071
722100,-6.4985236871098095
722200,-6.5473988650924255
722300,-6.871779259519201
722400,-7.030005499541681
722500,-6.434251618871417
722600,-6.566473466315354
722700,-5.728587981146899
722800,-5.677279999999929
722900,-6.462518968133535
723000,-6.042026558891455
723100,-6.404515659140602
723200,-6.679518716577559
723300,-7.1488210599965
723400,-6.171033557046965
723500,-6.3996742367832375
723600,-7.4422175270990785
723700,-6.248564593301424
723800,-6.930543702684153
723900,-6.515966767371554
724000,-6.793924663677149
724100,-7.069557613168701
724200,-7.894601455407007
724300,-6.878731074260899
724400,-6.821773089024656
724500,-6.58161314695874
724600,-6.650576488319523
724700,-6.024691309476982
724800,-5.9329731892757
724900,-5.960529878166703
725000,-6.336124924196386
725100,-5.9095977011494805
725200,-5.566763345943623
725300,-5.4233333333333125
725400,-4.188475696083081
725500,-3.5760374739764744
725600,-5.025149269993454
725700,-5.344617968094124
725800,-4.720915178571397
725900,-5.0239735099338745
726000,-5.524988510549406
726100,-4.312951632906213
726200,-6.081539938556021
726300,-6.111459395841496
726400,-6.23
726500,-5.656909460834274
726600,-6.679066564651974
726700,-6.510697852760828
726800,-7.029951008102504
726900,-6.648402100525138
727000,-6.809334752527982
727100,-7.174540270848217
727200,-7.575602628393583
727300,-7.62794941900205
727400,-8.207567567567574
727500,-8.180752475247525
727600,-8.308467014712848
727700,-8.22471292613008
727800,-7.52480571303396
727900,-7.602787526113654
728000,-7.056299451844793
728100,-7.00015230260041
728200,-6.906754215783104
728300,-6.666696309513209
728400,-6.728888144046561
728500,-6.699338438686413
728600,-7.065375229781121
728700,-6.439268536570275
728800,-6.135811874486588
728900,-6.8082058102219225
729000,-6.384856752309408
729100,-6.67854617991503
729200,-5.73430693079864
729300,-5.172591565845233
729400,-5.612550718962036
729500,-5.208776990211284
729600,-6.604634962873944
729700,-6.30889349541294
729800,-6.83942619541815
729900,-7.403604610975422
730000,-7.4981432516703865
730100,-7.614811886171365
730200,-7.948336636880035
730300,-7.500729059371998
730400,-7.681971529534006
730500,-8.745272939638394
730600,-7.382793142828671
730700,-8.940042770930775
730800,-9.192404533418674
730900,-9.312425061682335
731000,-8.971966339003433
731100,-9.177619699150307
731200,-9.071148147572769
731300,-8.321586905564452
731400,-8.148797202699383
731500,-7.985819394492102
731600,-7.927018550598479
731700,-7.836721562558627
731800,-9.383337284978097
731900,-9.614664129377726
732000,-8.68144490120138
732100,-8.637432141318422
732200,-7.3443256793341085
732300,-9.227467449779436
732400,-9.026021315491157
732500,-8.53952116176721
732600,-9.23504245319263
732700,-8.862565408450704
732800,-9.352145392499985
732900,-9.361965934303075
733000,-9.315202670532774
733100,-8.897658352931881
733200,-9.112041570203399
733300,-8.872098183409769
733400,-8.766431535783259
733500,-8.349306628656818
733600,-8.961323353225275
733700,-9.106454638376283
733800,-9.534215825922484
733900,-9.200322935922335
734000,-9.54450297112576
734100,-9.175420933200282
734200,-9.436272468089408
734300,-9.217129691617895
734400,-8.509186399629238
734500,-9.061264436760931
734600,-9.350705419354828
734700,-8.72352362901228
734800,-8.665783909690555
734900,-9.381404610318409
735000,-7.72
735100,-8.844565392477753
735200,-9.103647669556654
735300,-8.356825051988947
735400,-8.728945644042017
735500,-9.030626756302528
735600,-8.250537796528087
735700,-9.10172871967862
735800,-8.654172307692297
735900,-9.078663754447396
736000,-7.671569809532551
736100,-7.635631555386195
736200,-8.373464699029183
736300,-7.253394123287363
736400,-6.77888021022003
736500,-8.533344678155283
736600,-9.004841324654395
736700,-9.151881731958778
736800,-9.400968960680503
736900,-9.253153536955423
737000,-9.829025012658263
737100,-8.580861990803708
737200,-9.311311284270332
737300,-8.313998511365162
737400,-8.839964628806145
737500,-8.903139443974297
737600,-7.893193725490246
737700,-8.807014329437942
737800,-8.201848029934725
737900,-7.962137139504613
738000,-8.606002748444183
738100,-8.270335570469799
738200,-7.743278339633889
738300,-7.288354886315306
738400,-7.76272417276353
738500,-6.9673471568834895
738600,-8.053082192944869
738700,-7.331790895802972
738800,-7.128086768453447
738900,-7.0948425687276515
739000,-7.606939679408194
739100,-6.506620645740438
739200,-7.469301104518813
739300,-6.929872474202264
739400,-5.80789896657798
739500,-6.832061536680274
739600,-6.448610688389535
739700,-7.254072166024416
739800,-7.052703141488752
739900,-7.0598717087265985
740000,-6.599626328643136
740100,-6.43452343184511
740200,-5.904068504289512
740300,-6.891597328987662
740400,-5.894112937634433
740500,-6.468234914748686
740600,-5.555980601797311
740700,-6.569434760722547
740800,-4.607731227546859
740900,-5.37174930466724
741000,-5.759461593142945
741100,-5.801456000000002
741200,-5.809746219890349
741300,-5.2070749664532805
741400,-5.240445567272363
741500,-5.21343618763549
741600,-5.76373432841349
741700,-5.020933333654495
741800,-4.872309143530993
741900,-6.034233473335257
742000,-5.98329899740578
742100,-6.202316627064543
742200,-6.884149587122941
742300,-6.445776648726584
742400,-6.248665715214095
742500,-5.938042484630252
742600,-6.5827416784886825
742700,-5.580385445009947
742800,-5.333361659244747
742900,-5.553386723616313
743000,-6.265503662059011
743100,-5.4144044457516145
743200,-6.191361788837949
743300,-6.951231508440029
743400,-7.168512431521253
743500,-6.907519060692317
743600,-7.0499277933101485
743700,-7.3776295141412636
743800,-6.686153903738413
743900,-7.333503827331389
744000,-7.819831730629341
744100,-8.297753583532907
744200,-7.342617671201094
744300,-8.273184181500095
744400,-7.358354720467691
744500,-6.805442390507174
744600,-6.9662169489908825
744700,-6.534423726676475
744800,-6.9164152004802615
744900,-6.396930664161683
745000,-6.243897927946767
745100,-6.625644028448689
745200,-5.982875982303913
745300,-7.371198074369449
745400,-7.654172628048914
745500,-7.3334052169731665
745600,-6.905703276478666
745700,-7.015129275977709
745800,-5.8683353410017185
745900,-6.355819743957354
746000,-6.611565203573953
746100,-6.476032122443829
746200,-6.184411397800975
746300,-6.7204326887179855
746400,-6.770854110456999
746500,-6.228746631429131
746600,-4.996830758333682
746700,-5.053700842524132
746800,-5.363722945382723
746900,-6.082686815643525
747000,-5.486622185040614
747100,-6.672528173017345
747200,-6.111193212121208
747300,-6.289924094241198
747400,-5.86645934048005
747500,-6.757857494769341
747600,-6.052330337878418
747700,-6.380224702355581
747800,-6.547818090101293
747900,-5.8250904174254
748000,-5.044501149804896
748100,-6.2761293718563955
748200,-5.772136662143758
748300,-6.597597339505015
748400,-6.965832651365402
748500,-6.2542104076607234
748600,-7.049599510777648
748700,-6.971897570977143
748800,-7.1811695881603805
748900,-7.38
749000,-6.873107735154222
749100,-7.312976611302143
749200,-6.632905183848699
749300,-7.010561650639769
749400,-8.084220001614305
749500,-7.0576403714961575
749600,-7.052172235131828
749700,-7.506756627076977
749800,-6.8819429398138015
749900,-6.836496893413366
750000,-7.527102268782432
750100,-7.55669808552629
750200,-6.852269709086153
750300,-7.004035784246953
750400,-7.494016234530988
750500,-6.969624215505632
750600,-7.657384193944429
750700,-8.079610160081641
750800,-7.783333956251486
750900,-8.004953866291114
751000,-7.6453541360283115
751100,-6.689853735152647
751200,-7.467205652344135
751300,-7.978088001413646
751400,-7.787807397260331
751500,-7.063897449359605
751600,-6.750644324269325
751700,-7.229233011325828
751800,-7.516255566679322
751900,-8.44010082615935
752000,-8.01112004206318
752100,-7.246620520151454
752200,-7.624007912850259
752300,-6.2637103020234965
752400,-7.1311648149310525
752500,-6.840068213283294
752600,-6.9178790497485
752700,-6.662774672516709
752800,-6.4284358685136125
752900,-6.788094857527951
753000,-6.28890575788493
753100,-6.062600406733465
753200,-6.540028189512188
753300,-5.320824793540826
753400,-5.321095581266234
753500,-4.083749275347062
753600,-5.3980697580931345
753700,-6.155959226848734
753800,-6.325327239693153
753900,-5.548392168393791
754000,-6.184015052610884
754100,-4.839374233128848
754200,-5.773016407893979
754300,-6.599683124797589
754400,-6.792369744745552
754500,-6.925113949400801
754600,-6.652959751093702
754700,-6.809280847682104
754800,-7.031052336420909
754900,-7.067636343740248
755000,-7.705130328083473
755100,-7.5771030470462
755200,-7.797553920771957
755300,-7.623846047063209
755400,-8.333215326758394
755500,-8.582854165334206
755600,-7.257506395422158
755700,-8.262138369442336
755800,-8.788929130064192
755900,-8.390335129794789
756000,-8.66357530925784
756100,-8.046965439430554
756200,-8.438647300486245
756300,-7.76642817965386
756400,-7.3817435561160085
756500,-7.914777189536173
756600,-6.934326497163703
756700,-7.936580332040149
756800,-6.898869478225549
756900,-6.7841554210056145
757000,-7.136071932775953
757100,-6.9146210585025765
757200,-7.696097620838139
757300,-8.065773436421624
757400,-7.758090100452407
757500,-7.671193871540397
757600,-7.899991260037014
757700,-7.931201748139544
757800,-8.705103145836164
757900,-9.042056704193598
758000,-8.779239143507958
758100,-8.783981779656383
758200,-8.718197071285633
758300,-8.088400860628573
758400,-8.359679985201613
758500,-8.098728429780977
758600,-8.335963157233174
758700,-7.5696209355147746
758800,-6.851555728322401
758900,-8.111800371112144
759000,-7.884147290640399
759100,-8.597501306589054
759200,-8.20364667876067
759300,-8.808413826737205
759400,-8.718855401011893
759500,-8.604626543499531
759600,-7.502229668750196
759700,-8.254822218747563
759800,-8.60770117852868
759900,-7.705447231272325
760000,-7.421600362644369
760100,-7.8179456029156675
760200,-7.993864124088727
760300,-8.587776990125109
760400,-9.144444464359331
760500,-8.73586382576417
760600,-8.028535952323715
760700,-7.988700916152629
760800,-8.099753640506352
760900,-7.497782092423856
761000,-7.313172879629779
761100,-6.549921594971981
761200,-6.177512064765293
761300,-7.144717851819017
761400,-6.365316467949859
761500,-6.539320987793325
761600,-6.622354707080489
761700,-7.070772985507299
761800,-7.504224164724975
761900,-6.197706876401573
762000,-7.543449832239766
762100,-7.1714646424239055
762200,-4.925590649104894
762300,-5.223285762826983
762400,-6.136246146060781
762500,-6.998401150355708
762600,-7.283567636849089
762700,-7.066575716234668
762800,-6.682824248354216
762900,-7.88023664209337
763000,-6.687024042569302
763100,-8.250556183415757
763200,-8.81696311386155
763300,-7.962229614810409
763400,-8.379484604843471
763500,-8.066725324957593
763600,-8.05884757831842
763700,-7.918741791186816
763800,-8.55794402895422
763900,-9.05370568673964
764000,-8.078485820566527
764100,-8.03841756331232
764200,-8.21426586230747
764300,-7.924378650250573
764400,-7.8367078548712765
764500,-8.487346046915048
764600,-8.08143750125944
764700,-8.077569252841851
764800,-7.2808431218672665
764900,-8.15585819318852
765000,-7.365157658086746
765100,-8.228628134432512
765200,-7.366108968473902
765300,-7.878032494844025
765400,-8.233092856722527
765500,-8.411196952523637
765600,-8.175277616428062
765700,-9.462882834023894
765800,-9.065945480093673
765900,-8.883655998429214
766000,-9.52
766100,-9.53
766200,-9.511369814193229
766300,-8.109972869824775
766400,-7.742712135832741
766500,-8.155678618959337
766600,-8.081096630460491
766700,-7.534407509498636
766800,-7.892041625012523
766900,-7.973290986212
767000,-8.442450371185023
767100,-8.984249578022217
767200,-9.42542697296815
767300,-9.328183607039739
767400,-9.756110566369095
767500,-8.168102637112678
767600,-8.98784761800377
767700,-8.37340505747126
767800,-8.780438697399612
767900,-8.620756996448053
768000,-7.2014168045888205
768100,-7.641896533190014
768200,-8.626863043663414
768300,-8.316679850289624
768400,-9.874024621600354
768500,-9.665768604082077
768600,-9.046581158796451
768700,-9.449646775052232
768800,-9.537203841810838
768900,-9.761421525134619
769000,-8.866707557328516
769100,-8.716483345675897
769200,-8.55231046712172
769300,-8.87
769400,-8.88
769500,-9.223524371340824
769600,-9.110366438484421
769700,-9.36408007076304
769800,-8.785673144204225
769900,-9.604118432794353
770000,-8.95880345914915
770100,-9.39689147990235
770200,-9.666493316608188
770300,-8.233073285180541
770400,-8.363468752365016
770500,-8.382792833411944
770600,-9.146931374909705
770700,-7.69472561792132
770800,-7.614672250000021
770900,-8.103097283035817
771000,-8.684338590118859
771100,-8.794967530401108
771200,-9.202038168167281
771300,-9.1949409472428
771400,-8.82167605111713
771500,-8.630191744453107
771600,-7.986273961453872
771700,-8.801678883720928
771800,-9.646621249089018
771900,-9.32047453808733
772000,-10.130520498373267
772100,-8.705140525419102
772200,-9.27125901564611
772300,-8.261111973369838
772400,-8.571517111096405
772500,-9.638961516005104
772600,-9.145800824532431
772700,-8.300357108395703
772800,-8.706727292821833
772900,-9.79091409529034
773000,-9.73589704678958
773100,-9.926277728457626
773200,-9.588741377610383
773300,-9.585717747473193
773400,-10.103947866968028
773500,-9.513030676722789
773600,-9.702327468778499
773700,-10.049707829409188
773800,-9.270788374222592
773900,-9.8048392627778
774000,-10.194858069461642
774100,-8.931229735662436
774200,-9.618452089588471
774300,-10.158216406744984
774400,-9.48863674468314
774500,-9.79580299785867
774600,-9.64538258907874
774700,-10.408982692498613
774800,-9.816582845332443
774900,-9.567990304701029
775000,-9.90287242058045
775100,-9.558106251941098
775200,-9.660995880173802
775300,-9.987529399634548
775400,-10.153677591187261
775500,-8.74252698240769
775600,-10.091486214359287
775700,-9.446604872828471
775800,-9.01670574183845
775900,-9.50845311003454
776000,-10.253282164079206
776100,-9.719501616536524
776200,-10.141689777628335
776300,-9.18433733883742
776400,-8.832799185440285
776500,-8.760434632601816
776600,-9.031252974083213
776700,-10.056487588083128
776800,-9.146901379062191
776900,-8.285205519238257
777000,-8.632184061731829
777100,-9.617542971384916
777200,-9.486881518106392
777300,-9.649914229876934
777400,-9.483272639545975
777500,-8.914427332155833
777600,-9.202673365951457
777700,-9.757957986947666
777800,-8.841362719393402
777900,-9.976683363531892
778000,-9.455610129331621
778100,-9.178595603286016
778200,-8.553355299605055
778300,-9.26391425808308
778400,-9.861787847801512
778500,-9.41394160493471
778600,-8.401737727742795
778700,-9.194974048887444
778800,-9.996504189109613
778900,-8.892257716460692
779000,-9.517739105084384
779100,-9.41998887277165
779200,-9.385190843770824
779300,-9.420443791602201
779400,-9.533336146367807
779500,-8.873232542700208
779600,-10.170204108501313
779700,-9.675224468208885
779800,-9.34522650042158
779900,-9.000521662709707
780000,-9.239897972284743
780100,-10.19163850571119
780200,-8.761106625879064
780300,-8.94445157918312
780400,-10.139759998659779
780500,-10.11379244186408
780600,-9.608864495630787
780700,-9.56166489272434
780800,-8.453787906967637
780900,-9.51021524975046
781000,-9.902893286521579
781100,-8.593787270091338
781200,-9.70235624324673
781300,-9.34499980236722
781400,-9.534060997823666
781500,-9.81925135723097
781600,-9.19474858438713
781700,-10.106898716305718
781800,-9.445984686668199
781900,-9.434471767445721
782000,-8.976791900198885
782100,-9.239189100671824
782200,-9.760023162513436
782300,-8.883506426270277
782400,-9.209328291256417
782500,-9.656276053260354
782600,-9.480975370405584
782700,-8.792671901393007
782800,-8.560312307166516
782900,-9.094910000254504
783000,-7.843141515566736
783100,-7.789331481658844
783200,-8.523280276918618
783300,-8.10246195734384
783400,-7.407509662902015
783500,-7.276125351809478
783600,-6.847082059950032
783700,-6.760703402296601
783800,-7.298322322735084
783900,-6.096483972248174
784000,-6.875239084700592
784100,-5.918879972563076
784200,-6.1098635281411955
784300,-5.349037927088443
784400,-5.160074332066327
784500,-5.675422140113758
784600,-4.781088721490561
784700,-5.5304798792983085
784800,-5.507668066235786
784900,-4.486662653398705
785000,-5.094648525923185
785100,-5.32749887629227
785200,-4.200572332621849
785300,-4.773528265107209
785400,-5.366955754962769
785500,-4.01782395704007
785600,-4.7547577479988
785700,-2.6472668879275685
785800,-4.01135835961385
785900,-3.5569224619996866
786000,-3.1775470579959215
786100,-4.285018556156029
786200,-4.801123331557735
786300,-4.462982052062061
786400,-4.97768978782018
786500,-3.1077050476966672
786600,-4.727860454479302
786700,-4.116166265183758
786800,-4.042014259906226
786900,-4.95227989077703
787000,-3.9955947681982336
787100,-4.497537696503052
787200,-4.739435632183909
787300,-4.34263603457411
787400,-4.961375243678178
787500,-3.894324076759846
787600,-3.2838764641586478
787700,-4.246501251471477
787800,-2.8600545233662924
787900,-4.057676971057427
788000,-1.9805797804078136
788100,-1.9067859069690998
788200,-2.4349558049366475
788300,-1.01027818608632
788400,-0.8023218239973932
788500,0.24029844986555376
788600,-1.2330329498687218
788700,-0.878045496899414
788800,0.3720481124573064
788900,-0.588747110712777
789000,-0.21743516046965744
789100,-0.15164855380867073
789200,-0.23849042344151344
789300,-0.8070230537921828
789400,-0.8684403435666365
789500,0.2748634186149177
789600,-0.6263815341763379
789700,-0.0799135170126786
789800,-0.04851862044176097
789900,-0.027900285918496914
790000,-0.41130740763143314
790100,0.0653368541781546
790200,-1.1268245489988051
790300,-0.0003937878173443446
790400,-0.32618713114583753
790500,-0.6326912135784644
790600,-0.13909501595357304
790700,-0.09367725462250953
790800,-0.4123032914953615
790900,-0.49
791000,-0.9963891342462825
791100,-0.86
791200,-1.8216102399075167
791300,-1.5715565219125882
791400,-0.6924858123857885
791500,-1.9829536803544467
791600,-1.84237971349128
791700,-1.4115164346087448
791800,-1.86822297975062
791900,-0.7412423003037947
792000,-1.4783140034494202
792100,-0.008316979421546689
792200,-1.6517252607594721
792300,-0.20602642121716636
792400,0.33490737541862853
792500,-0.8572514662579185
792600,-1.7877932916428763
792700,0.14715111745957854
792800,-1.0337644109863633
792900,-1.038792000134218
793000,-0.6574939748987599
793100,0.4947698411050671
793200,-1.1794204082330062
793300,0.5085250566087279
793400,-1.4155260289604847
793500,-1.5207317593674148
793600,-1.0222548981436848
793700,-0.04939658707798983
793800,-0.6561059057612383
793900,0.3446782578221794
794000,0.03812832065613447
794100,-0.29996008958947823
794200,0.9479030161418583
794300,-0.7254712023176844
794400,-0.22127983943710727
794500,-1.5065301460686278
794600,-0.9411006755003541
794700,0.35316389784280156
794800,0.005408828462624304
794900,-0.22514421873415533
795000,-0.6164757195076266
795100,-0.1302702140937756
795200,-0.365256335719348
795300,-0.3679963102853504
795400,0.1453236287818827
795500,0.6156156236026197
795600,-0.20852736389197543
795700,0.1957706010413498
795800,-0.2593207651930066
795900,0.873444360434868
796000,-0.5608863110717591
796100,-0.09940948992000143
796200,0.1956277901206369
796300,-0.017834631148545332
796400,-0.5304318519788176
796500,-0.8009565441547564
796600,-0.20757132495164315
796700,-0.9473457458825408
796800,0.015135118797169778
796900,0.7697470125852129
797000,-0.018054154198147414
797100,-0.8771473613818105
797200,0.08586069505680638
797300,-0.3262574871150131
797400,-0.08154910693908135
797500,0.14813821035659835
797600,-1.7259596889301514
797700,-1.249937521155843
797800,-0.4625060664489303
797900,-0.41388242021660615
798000,-0.9316806025223452
798100,0.5932396423657988
798200,-0.16733625684083497
798300,-0.6490013771898916
798400,-0.7967970878372992
798500,-0.40229634635719036
798600,-0.026648009870324424
798700,1.052447273339507
798800,0.8967891557219619
798900,0.33499941893452223
799000,-0.42737295890129023
799100,0.39581667766820505
799200,0.07346503953945772
799300,-0.4967795150645907
799400,-0.8399658168582831
799500,-1.6886539306104553
799600,-0.3327811889250816
799700,0.11577746742338912
799800,0.19642820154964058
799900,-0.516078643098539
